maturity,strike,type,mid,iv,vega,forward,log_moneyness,spread_relatif
0.09041095890410959,762.0,call,13.71,0.1282239648147814,90.61090014171307,765.8011305613686,-0.004975959669598389,0.02771699489423784
0.09041095890410959,763.0,call,13.08,0.12718567417922946,91.01012809815143,765.8011305613686,-0.0036644840717876903,0.02752293577981647
0.09041095890410959,764.0,call,12.440000000000001,0.1258970654908432,91.31231230031676,765.8011305613686,-0.002354726189724126,0.008038585209003185
0.09041095890410959,765.0,call,11.835,0.12484789587139106,91.513688409699,765.8011305613686,-0.0010466815297088127,0.007604562737642723
0.09041095890410959,766.0,call,11.245,0.12381464700602456,91.6071212842586,765.8011305613686,0.00025965438434661633,0.008003557136505102
0.09041095890410959,767.0,call,10.665,0.12273915558152525,91.58709336098374,765.8011305613686,0.0015642860110115819,0.008438818565400998
0.09041095890410959,768.0,call,10.09,0.12156309736479817,91.44766024132514,765.8011305613686,0.0028672177914274184,0.007928642220019828
0.09041095890410959,769.0,call,9.54,0.12050138833334369,91.18396533200583,765.8011305613686,0.004168454149399304,0.010482180293501012
0.09041095890410959,770.0,call,9.015,0.11955161904025856,90.79282428698673,765.8011305613686,0.005467999491484941,0.009983361064891831
0.09041095890410959,771.0,call,8.505,0.1186016539312727,90.26981900696953,765.8011305613686,0.006765858207084754,0.010582010582010564
0.09041095890410959,772.0,call,8.0,0.11753722245960073,89.60694586274269,765.8011305613686,0.008062034668531512,0.009999999999999898
0.09041095890410959,773.0,call,7.53,0.11669052822747576,88.81411292846698,765.8011305613686,0.009356533231177381,0.010624169986719797
0.09041095890410959,774.0,call,7.07,0.11578117191029928,87.87923189988257,765.8011305613686,0.010649358233482393,0.011315417256011324
0.09041095890410959,775.0,call,6.625,0.11486281501969767,86.80241161280748,765.8011305613686,0.01194051399710235,0.010566037735849099
0.09041095890410959,776.0,call,6.2,0.11399181645464983,85.58849400361439,765.8011305613686,0.013230004826974182,0.012903225806451623
0.09041095890410959,777.0,call,5.795,0.11316900081108863,84.24078116255345,765.8011305613686,0.014517835011402731,0.012079378774805916
0.09041095890410959,778.0,call,5.41,0.11239603441248527,82.76418226889946,765.8011305613686,0.01580400882214697,0.014787430683918681
0.09041095890410959,779.0,call,5.04,0.11161391294948604,81.15374202331121,765.8011305613686,0.017088530514503708,0.015873015873015886
0.09041095890410959,780.0,call,4.695,0.1109481747762953,79.43908400374364,765.8011305613686,0.018371404327392725,0.01490947816826417
0.09041095890410959,781.0,call,4.365,0.11027881190747177,77.60505374551504,765.8011305613686,0.019652634483441345,0.01603665521191301
0.09041095890410959,782.0,call,4.055,0.10967314771287831,75.67527160499804,765.8011305613686,0.020932225189066535,0.017262638717632624
0.09041095890410959,783.0,call,3.755,0.10900259940732644,73.62197802345715,765.8011305613686,0.022210180634558416,0.018641810918774926
0.09041095890410959,784.0,call,3.48,0.10847379938192257,71.51639574168375,765.8011305613686,0.02348650499416324,0.011494252873563229
0.09041095890410959,785.0,call,3.22,0.10795885871696738,69.33183208446019,765.8011305613686,0.024761202426163684,0.012422360248447215
0.09041095890410959,786.0,call,2.98,0.10753758141679312,67.10999853284156,765.8011305613686,0.026034277072961874,0.01342281879194632
0.09041095890410959,787.0,call,2.75,0.10707004555979106,64.80718433077851,765.8011305613686,0.027305733061158632,0.014545454545454558
0.09041095890410959,788.0,call,2.535,0.10663625038979414,62.46518030422517,765.8011305613686,0.02857557450163439,0.01183431952662714
0.09041095890410959,789.0,call,2.34,0.10632892911386521,60.14173964981354,765.8011305613686,0.02984380548962958,0.01709401709401711
0.09041095890410959,790.0,call,2.1550000000000002,0.1059966912959832,57.77753106819101,765.8011305613686,0.031110430104822593,0.013921113689095035
0.09041095890410959,791.0,call,1.9849999999999999,0.1057333755118167,55.43044476314105,765.8011305613686,0.03237545241140915,0.0151133501259446
0.09041095890410959,792.0,call,1.8250000000000002,0.10546123478883786,53.069921122396664,765.8011305613686,0.033638876458181206,0.016438356164383574
0.09041095890410959,793.0,call,1.6749999999999998,0.10518679338392282,50.70749006420174,765.8011305613686,0.034900706278603415,0.017910447761194048
0.09041095890410959,794.0,call,1.545,0.10512447090033962,48.480718112936145,765.8011305613686,0.036160945890891014,0.01941747572815536
0.09041095890410959,795.0,call,1.415,0.10488115747749188,46.163771446541624,765.8011305613686,0.03741959929808726,0.021201413427561856
0.09041095890410959,796.0,call,1.3050000000000002,0.1048929343196251,44.03127644117383,765.8011305613686,0.03867667048813846,0.022988505747126454
0.09041095890410959,797.0,call,1.1949999999999998,0.10473091192472012,41.82271580030832,765.8011305613686,0.03993216343397034,0.02510460251046028
0.09041095890410959,798.0,call,1.1,0.10475405049138832,39.77186339835943,765.8011305613686,0.04118608209356414,0.018181818181818195
0.09041095890410959,799.0,call,1.01,0.10473743078405708,37.739913824612614,765.8011305613686,0.04243843041003012,0.01980198019801982
0.09041095890410959,800.0,call,0.925,0.10468415506394667,35.7323134467137,765.8011305613686,0.04368921231168261,0.03243243243243234
0.09041095890410959,801.0,call,0.85,0.10474594392729175,33.852395622962,765.8011305613686,0.04493843171211461,0.023529411764705903
0.09041095890410959,802.0,call,0.78,0.1047970880838467,32.020485878649765,765.8011305613686,0.046186092510269956,0.025641025641025664
0.09041095890410959,803.0,call,0.72,0.10501097780016623,30.35206251489361,765.8011305613686,0.047432198590517,0.027777777777777804
0.09041095890410959,804.0,call,0.66,0.10507752936072633,28.645726925266768,765.8011305613686,0.04867675382272177,0.030303030303030328
0.09041095890410959,805.0,call,0.61,0.10534952514549986,27.1309902063424,765.8011305613686,0.049919762062318636,0.03278688524590167
0.09041095890410959,806.0,call,0.56,0.10548336468714199,25.586753908743567,765.8011305613686,0.05116122715038363,0.035714285714285546
0.09041095890410959,807.0,call,0.52,0.1058771221030043,24.26422312535619,765.8011305613686,0.05240115291370421,0.03846153846153849
0.09041095890410959,808.0,call,0.48,0.10614992751695101,22.922591985114583,765.8011305613686,0.05363954316485065,0.041666666666666706
0.09041095890410959,809.0,call,0.445,0.10651977114064749,21.69563080848975,765.8011305613686,0.05487640170224704,0.02247191011235957
0.09041095890410959,810.0,call,0.415,0.10701251050385086,20.594016441585744,765.8011305613686,0.05611173231023987,0.024096385542168697
0.09041095890410959,811.0,call,0.385,0.10740060767784551,19.48161561913789,765.8011305613686,0.05734553875916821,0.025974025974025997
0.09041095890410959,812.0,call,0.36,0.10794461705057912,18.506790800017008,765.8011305613686,0.05857782480543331,0.05555555555555561
0.09041095890410959,813.0,call,0.33,0.10810657621158334,17.368887948795475,765.8011305613686,0.05980859419156603,0.060606060606060656
0.09041095890410959,814.0,call,0.31,0.10873684462378944,16.533310787761696,765.8011305613686,0.0610378506462956,0.06451612903225812
0.09041095890410959,815.0,call,0.29000000000000004,0.10928438971216121,15.69446051007343,765.8011305613686,0.06226559788461808,0.06896551724137917
0.09041095890410959,816.0,call,0.27,0.10974177141421605,14.85059535049354,765.8011305613686,0.06349183960786246,0.07407407407407414
0.09041095890410959,817.0,call,0.255,0.11045494126022759,14.172464001383178,765.8011305613686,0.0647165795037582,0.03921568627450984
0.09041095890410959,818.0,call,0.235,0.11072593257806428,13.31778368791064,765.8011305613686,0.06593982124650244,0.042553191489361625
0.09041095890410959,820.0,call,0.21000000000000002,0.11215584103618856,12.131419944998973,765.8011305613686,0.06838182490205412,0.09523809523809518
0.09041095890410959,821.0,call,0.195,0.11255419413595158,11.444631771263357,765.8011305613686,0.06960059409618362,0.05128205128205133
0.09041095890410959,822.0,call,0.185,0.11331433631848313,10.943923732671271,765.8011305613686,0.07081787969993518,0.054054054054054106
0.09041095890410959,825.0,call,0.155,0.1152341196264644,9.44566469130413,765.8011305613686,0.07446087097843626,0.06451612903225812
0.09041095890410959,830.0,call,0.125,0.11958493252990464,7.7790152339238166,765.8011305613686,0.08050318543439904,0.08000000000000007
0.09041095890410959,835.0,call,0.1,0.12359845652521269,6.368847027738559,765.8011305613686,0.08650920949461087,0.20000000000000004
0.09041095890410959,550.0,put,0.185,0.44421341556035326,3.5936837225147964,765.8011305613686,-0.331004237129728,0.054054054054054106
0.09041095890410959,555.0,put,0.195,0.43590268193409887,3.8097683480566897,765.8011305613686,-0.32195440160981015,0.05128205128205133
0.09041095890410959,570.0,put,0.24,0.4135245946991273,4.702571824606488,765.8011305613686,-0.2952861545276489,0.0833333333333333
0.09041095890410959,590.0,put,0.305,0.3817046929125294,6.072745508558496,765.8011305613686,-0.26079997845647956,0.03278688524590167
0.09041095890410959,600.0,put,0.345,0.36587856750906944,6.9217396206278785,765.8011305613686,-0.24399286014009833,0.02898550724637668
0.09041095890410959,605.0,put,0.37,0.35834615916067936,7.4323383678342125,765.8011305613686,-0.23569405732540316,0.054054054054054106
0.09041095890410959,610.0,put,0.395,0.35055658991259325,7.95708712791602,765.8011305613686,-0.22746355818888775,0.025316455696202552
0.09041095890410959,620.0,put,0.445,0.33430460195932094,9.055715158383876,765.8011305613686,-0.21120303731710743,0.02247191011235957
0.09041095890410959,625.0,put,0.475,0.3263985554077847,9.69895763507554,765.8011305613686,-0.2031708656198431,0.02105263157894739
0.09041095890410959,650.0,put,0.675,0.2872883231438803,13.923441922553469,765.8011305613686,-0.16395015246656186,0.014814814814814828
0.09041095890410959,655.0,put,0.725,0.2793184960715728,14.986560463587152,765.8011305613686,-0.15628727972099266,0.013793103448275874
0.09041095890410959,660.0,put,0.785,0.2716532754335506,16.211436656178503,765.8011305613686,-0.14868268033577342,0.012738853503184724
0.09041095890410959,665.0,put,0.85,0.26389640707701956,17.53873483174099,765.8011305613686,-0.14113547470039045,0.023529411764705903
0.09041095890410959,670.0,put,0.925,0.25627962695723727,19.031423367000432,765.8011305613686,-0.1336448029712329,0.01081081081081082
0.09041095890410959,675.0,put,1.0,0.24822945263884383,20.576076751831618,765.8011305613686,-0.12620982448371487,0.020000000000000018
0.09041095890410959,680.0,put,1.0950000000000002,0.24067789972062628,22.407443942220954,765.8011305613686,-0.11882971718609225,0.009132420091324207
0.09041095890410959,685.0,put,1.2,0.23303186433132703,24.410847372772388,765.8011305613686,-0.1115036770940194,0.016666666666666684
0.09041095890410959,690.0,put,1.32,0.22542243307446228,26.643155920237938,765.8011305613686,-0.10423091776493956,0.015151515151515164
0.09041095890410959,695.0,put,1.46,0.21792494374625251,29.155011674106458,765.8011305613686,-0.09701066979145256,0.013698630136986314
0.09041095890410959,700.0,put,1.63,0.2107247189391728,32.03706579493551,765.8011305613686,-0.08984218031283996,0.012269938650306624
0.09041095890410959,705.0,put,1.82,0.2033449442500158,35.17971970468465,765.8011305613686,-0.08272471254397604,0.010989010989010999
0.09041095890410959,710.0,put,2.045,0.19608772748930867,38.70713332591274,765.8011305613686,-0.07565754532088352,0.01466992665036687
0.09041095890410959,715.0,put,2.315,0.18900801089523883,42.6698145691056,765.8011305613686,-0.06863997266223702,0.012958963282937472
0.09041095890410959,720.0,put,2.635,0.1819949015368582,47.05575285638171,765.8011305613686,-0.06167130334614362,0.011385199240986644
0.09041095890410959,721.0,put,2.705,0.18058093607730716,47.97859671674022,765.8011305613686,-0.06028337807129557,0.011090573012939094
0.09041095890410959,722.0,put,2.785,0.179322949201368,48.96883688052562,765.8011305613686,-0.05889737646341846,0.010771992818671383
0.09041095890410959,723.0,put,2.855,0.1778092724228818,49.89222875327394,765.8011305613686,-0.057513293197479914,0.010507880910683099
0.09041095890410959,724.0,put,2.935,0.17644556125338853,50.88079931089625,765.8011305613686,-0.056131122970528274,0.010221465076661072
0.09041095890410959,725.0,put,3.0149999999999997,0.17502851431622563,51.86844724889127,765.8011305613686,-0.054750860501569895,0.009950248756218841
0.09041095890410959,726.0,put,3.105,0.17374814644548636,52.915788963796636,765.8011305613686,-0.0533725005314485,0.00966183574879235
0.09041095890410959,727.0,put,3.1950000000000003,0.172409058634114,53.959907579887414,765.8011305613686,-0.05199603782272526,0.009389671361502285
0.09041095890410959,728.0,put,3.285,0.17101236355536842,55.00135807316606,765.8011305613686,-0.05062146715955869,0.009132420091324141
0.09041095890410959,729.0,put,3.38,0.1696482341060953,56.068139341064345,765.8011305613686,-0.04924878334758655,0.011834319526627229
0.09041095890410959,730.0,put,3.475,0.16822503250772944,57.1316256237331,765.8011305613686,-0.0478779812138078,0.014388489208633042
0.09041095890410959,731.0,put,3.585,0.1670012600636953,58.26950955886981,765.8011305613686,-0.04650905560646614,0.01394700139470009
0.09041095890410959,732.0,put,3.69,0.16562639615528768,59.37515441845589,765.8011305613686,-0.04514200139493312,0.010840108401084021
0.09041095890410959,733.0,put,3.8,0.16427160316299175,60.499612867290125,765.8011305613686,-0.043776813469593105,0.010526315789473694
0.09041095890410959,734.0,put,3.915,0.16293322683749228,61.64077057913937,765.8011305613686,-0.04241348674172905,0.007662835249042209
0.09041095890410959,735.0,put,4.035,0.16160774611192358,62.79648682461446,765.8011305613686,-0.04105201614340799,0.007434944237918277
0.09041095890410959,736.0,put,4.16,0.16029176776860918,63.96459750418841,765.8011305613686,-0.03969239662736846,0.009615384615384623
0.09041095890410959,737.0,put,4.289999999999999,0.15898202015895474,65.14291712673354,765.8011305613686,-0.03833462316690801,0.009324009324009334
0.09041095890410959,738.0,put,4.425000000000001,0.15767534558153334,66.32923956116842,765.8011305613686,-0.036978690755772155,0.006779661016949208
0.09041095890410959,739.0,put,4.5649999999999995,0.15636869172664425,67.5213376253146,765.8011305613686,-0.035624594408042914,0.006571741511500603
0.09041095890410959,740.0,put,4.710000000000001,0.15505910224343714,68.71696147870517,765.8011305613686,-0.03427232915802917,0.008492569002123149
0.09041095890410959,741.0,put,4.859999999999999,0.1537437065687534,69.9138358071935,765.8011305613686,-0.03292189006015775,0.008230452674897127
0.09041095890410959,742.0,put,5.02,0.1524900153558496,71.12519691377145,765.8011305613686,-0.03157327218886422,0.00796812749003985
0.09041095890410959,743.0,put,5.1899999999999995,0.1512917778024673,72.34589280131169,765.8011305613686,-0.03022647063848543,0.007707129094412339
0.09041095890410959,744.0,put,5.355,0.1499390878589527,73.52982005032614,765.8011305613686,-0.028881480523152762,0.013071895424836487
0.09041095890410959,745.0,put,5.535,0.14870370595191237,74.73107951164826,765.8011305613686,-0.027538296976685146,0.012646793134598064
0.09041095890410959,746.0,put,5.72,0.1474450317856896,75.91807775062814,765.8011305613686,-0.026196915152483843,0.013986013986014
0.09041095890410959,747.0,put,5.91,0.1461607257490683,77.08834822789247,765.8011305613686,-0.02485733022342731,0.013536379018612533
0.09041095890410959,748.0,put,6.11,0.14491234439506667,78.24939358248292,765.8011305613686,-0.023519537381767406,0.013093289689034381
0.09041095890410959,749.0,put,6.32,0.14369477200128541,79.3959773286149,765.8011305613686,-0.022183531839025203,0.012658227848101276
0.09041095890410959,750.0,put,6.545,0.14256520357644986,80.53115083720553,765.8011305613686,-0.020849308825888476,0.004583651642475074
0.09041095890410959,752.0,put,7.0,0.14005804057507115,82.68340746624223,765.8011305613686,-0.018186191406404845,0.011428571428571439
0.09041095890410959,753.0,put,7.245,0.13885852436512855,83.71566754438977,765.8011305613686,-0.016857287556351012,0.012422360248447185
0.09041095890410959,754.0,put,7.5,0.1376685744272433,84.70888885892009,765.8011305613686,-0.01553014734828855,0.010666666666666677
0.09041095890410959,755.0,put,7.77,0.13654240061738557,85.66216184491736,765.8011305613686,-0.014204766107219952,0.012870012870012939
0.09041095890410959,756.0,put,8.045,0.13535861152083867,86.56076561586246,765.8011305613686,-0.01288113917671169,0.011187072715972636
0.09041095890410959,757.0,put,8.335,0.13422948500269247,87.40751668547608,765.8011305613686,-0.011559261918795832,0.010797840431913812
0.09041095890410959,758.0,put,8.64,0.13314961169914513,88.19526343708436,765.8011305613686,-0.010239129713872985,0.011574074074074032
0.09041095890410959,759.0,put,8.945,0.13194522808120754,88.91140715881623,765.8011305613686,-0.008920737960614749,0.01006148686416991
0.09041095890410959,760.0,put,9.275,0.13089440878267913,89.56075976147827,765.8011305613686,-0.0076040820758678344,0.009703504043126669
0.09041095890410959,761.0,put,9.620000000000001,0.12987919584253022,90.13189405653654,765.8011305613686,-0.006289157494558793,0.010395010395010357
0.16712328767123288,765.0,call,18.884999999999998,0.13801654456673346,123.99032589472792,768.3468271924303,-0.004365395288301195,0.005824728620598517
0.16712328767123288,770.0,call,15.865,0.1336080593096668,124.67430454007176,768.3468271924303,0.002149285732892453,0.005672864796722335
0.16712328767123288,775.0,call,13.14,0.12966953097103717,123.5332251947826,768.3468271924303,0.008621800238509978,0.0060882800608828055
0.16712328767123288,780.0,call,10.715,0.12611694268853307,120.34362938636015,768.3468271924303,0.015052690568800466,0.006532897806812906
0.16712328767123288,785.0,call,8.595,0.12292438786351186,115.02483521268796,768.3468271924303,0.02144248866757132,0.010471204188481659
0.16712328767123288,790.0,call,6.795,0.12023496973159387,107.71888984523903,768.3468271924303,0.02779171634623013,0.01030169242089776
0.16712328767123288,795.0,call,5.295,0.11798433942307018,98.75168725349681,768.3468271924303,0.03410088553949491,0.013220018885741319
0.16712328767123288,800.0,call,4.08,0.11624879220590198,88.66501384266539,768.3468271924303,0.040370498553090155,0.00980392156862746
0.16712328767123288,805.0,call,3.11,0.11492317298669637,78.01219868203074,768.3468271924303,0.04660104830372629,0.012861736334405157
0.16712328767123288,810.0,call,2.3449999999999998,0.1139069362378729,67.3051115363249,768.3468271924303,0.052793018551647426,0.012793176972281368
0.16712328767123288,815.0,call,1.755,0.11323111438842923,57.0635313580647,768.3468271924303,0.05894688412602575,0.01709401709401711
0.16712328767123288,820.0,call,1.3050000000000002,0.11283453413866498,47.62139664925627,768.3468271924303,0.0650631111434617,0.007662835249042151
0.16712328767123288,825.0,call,0.98,0.11304690102823854,39.49657284699419,768.3468271924303,0.07114215721984393,0.02040816326530614
0.16712328767123288,830.0,call,0.74,0.11360846056589442,32.56278936180028,768.3468271924303,0.07718447167580661,0.027027027027027053
0.16712328767123288,835.0,call,0.5700000000000001,0.11473467370267368,26.956751929263344,768.3468271924303,0.08319049573601835,0.035087719298245446
0.16712328767123288,840.0,call,0.44,0.11595403639727474,22.223672044997443,768.3468271924303,0.08916066272252222,0.0454545454545455
0.16712328767123288,845.0,call,0.35,0.11776419787770176,18.581715098166114,768.3468271924303,0.09509539824233683,0.05714285714285704
0.16712328767123288,850.0,call,0.28500000000000003,0.11995651983651563,15.724825231424893,768.3468271924303,0.10099512036952517,0.035087719298245446
0.16712328767123288,855.0,call,0.225,0.1215377449992397,13.014611912915283,768.3468271924303,0.10686023982192311,0.04444444444444448
0.16712328767123288,860.0,call,0.185,0.12376913105426948,11.040773772149064,768.3468271924303,0.11269116013271636,0.054054054054054106
0.16712328767123288,865.0,call,0.155,0.12623210357158948,9.475372068253826,768.3468271924303,0.11848827781704233,0.06451612903225812
0.16712328767123288,870.0,call,0.135,0.1292327140679667,8.347148825788114,768.3468271924303,0.12425198253379227,0.07407407407407414
0.16712328767123288,875.0,call,0.11499999999999999,0.13177880705131947,7.239871701013397,768.3468271924303,0.12998265724277736,0.0869565217391304
0.16712328767123288,465.0,put,0.235,0.4905699507302194,4.196541341198589,768.3468271924303,-0.5022038235274807,0.042553191489361625
0.16712328767123288,470.0,put,0.245,0.48330949415909535,4.397212600303855,768.3468271924303,-0.4915085344107329,0.04081632653061228
0.16712328767123288,475.0,put,0.265,0.47814192182486326,4.729347561171039,768.3468271924303,-0.48092642508019584,0.03773584905660381
0.16712328767123288,480.0,put,0.275,0.4706949943853861,4.939018211950126,768.3468271924303,-0.4704551252129005,0.03636363636363639
0.16712328767123288,485.0,put,0.295,0.4651327324442438,5.279851705800818,768.3468271924303,-0.4600923381773538,0.0338983050847458
0.16712328767123288,490.0,put,0.31,0.45845221582481394,5.562609874159911,768.3468271924303,-0.4498358380101648,0.06451612903225812
0.16712328767123288,495.0,put,0.325,0.45167212688343744,5.850835937842937,768.3468271924303,-0.4396834665461467,0.030769230769230795
0.16712328767123288,500.0,put,0.345,0.44561307835230024,6.207370844717273,768.3468271924303,-0.4296331306926453,0.02898550724637668
0.16712328767123288,505.0,put,0.365,0.43939266644451175,6.569819875164699,768.3468271924303,-0.4196827998394773,0.02739726027397263
0.16712328767123288,510.0,put,0.385,0.4330291647430776,6.938699884894497,768.3468271924303,-0.4098305033964656,0.025974025974025997
0.16712328767123288,515.0,put,0.405,0.42653817628099727,7.314527269264878,768.3468271924303,-0.40007432845110097,0.024691358024691242
0.16712328767123288,520.0,put,0.435,0.4212219346051099,7.8202410705986285,768.3468271924303,-0.39041241753936395,0.022988505747126457
0.16712328767123288,525.0,put,0.455,0.414452485247702,8.211393993360268,768.3468271924303,-0.3808429665232133,0.021978021978021997
0.16712328767123288,530.0,put,0.485,0.4087482386744303,8.732351741728914,768.3468271924303,-0.37136422256866947,0.020618556701030948
0.16712328767123288,535.0,put,0.505,0.40175914763619525,9.14136956977751,768.3468271924303,-0.3619744822188305,0.01980198019801982
0.16712328767123288,540.0,put,0.535,0.3957403888588372,9.680616960018751,768.3468271924303,-0.3526720895565169,0.018691588785046745
0.16712328767123288,545.0,put,0.565,0.38955789327498513,10.229822607501013,768.3468271924303,-0.34345543445159293,0.017699115044247607
0.16712328767123288,550.0,put,0.595,0.3832279243338406,10.789896282333116,768.3468271924303,-0.3343229508883205,0.016806722689075647
0.16712328767123288,555.0,put,0.635,0.37764002139566233,11.479564777673566,768.3468271924303,-0.3252731153684025,0.015748031496063006
0.16712328767123288,560.0,put,0.675,0.37183727262788385,12.180507710385081,768.3468271924303,-0.3163044453856422,0.014814814814814828
0.16712328767123288,565.0,put,0.705,0.3650627210710053,12.778364540019302,768.3468271924303,-0.30741549796839607,0.014184397163120581
0.16712328767123288,570.0,put,0.745,0.3589349247222303,13.506721335614342,768.3468271924303,-0.2986048682862412,0.01342281879194632
0.16712328767123288,575.0,put,0.785,0.3526453765890286,14.250276777243661,768.3468271924303,-0.28987118831748654,0.012738853503184724
0.16712328767123288,580.0,put,0.83,0.3465405758316552,15.067299290783035,768.3468271924303,-0.281213125574372,0.024096385542168697
0.16712328767123288,585.0,put,0.875,0.3402662440242445,15.901723766353802,768.3468271924303,-0.2726293818829806,0.011428571428571439
0.16712328767123288,590.0,put,0.925,0.3341345189797236,16.811180824285834,768.3468271924303,-0.2641186922150719,0.01081081081081082
0.16712328767123288,595.0,put,0.985,0.32839118212481866,17.851336341035665,768.3468271924303,-0.2556798235692073,0.0101522842639594
0.16712328767123288,600.0,put,1.045,0.32242806608519037,18.911555088942535,768.3468271924303,-0.24731157389869063,0.00956937799043063
0.16712328767123288,605.0,put,1.1,0.31601398014483273,19.940259827084702,768.3468271924303,-0.2390127710839956,0.018181818181818195
0.16712328767123288,610.0,put,1.165,0.3099163482848469,21.102042472798306,768.3468271924303,-0.23078227194748005,0.00858369098712447
0.16712328767123288,615.0,put,1.2349999999999999,0.3038462644938905,22.3432518728573,768.3468271924303,-0.22261896130831918,0.008097165991902843
0.16712328767123288,620.0,put,1.31,0.2977821610436025,23.66499267434844,768.3468271924303,-0.21452175107569987,0.015267175572519097
0.16712328767123288,625.0,put,1.395,0.29190405622317084,25.119853015376442,768.3468271924303,-0.2064895793784355,0.007168458781362013
0.16712328767123288,630.0,put,1.48,0.2857851600355553,26.60605563701605,768.3468271924303,-0.19852140972925872,0.013513513513513526
0.16712328767123288,635.0,put,1.57,0.27962117780489215,28.17746365096762,768.3468271924303,-0.19061623022214536,0.012738853503184724
0.16712328767123288,640.0,put,1.6749999999999998,0.27373293238086344,29.933757660688595,768.3468271924303,-0.18277305276111952,0.005970149253731349
0.16712328767123288,645.0,put,1.7850000000000001,0.26773538676195197,31.77629926829207,768.3468271924303,-0.1749909123190645,0.005602240896358548
0.16712328767123288,650.0,put,1.9049999999999998,0.2617690198215509,33.75463345199804,768.3468271924303,-0.16726886622515424,0.0052493438320210025
0.16712328767123288,655.0,put,2.035,0.2558008738401991,35.868936250885874,768.3468271924303,-0.15960599347958518,0.0049140049140050275
0.16712328767123288,660.0,put,2.1799999999999997,0.24993256635270783,38.16399263583563,768.3468271924303,-0.1520013940943658,0.009174311926605514
0.16712328767123288,665.0,put,2.335,0.2439910072530163,40.59399025559563,768.3468271924303,-0.14445418845898295,0.004282655246252586
0.16712328767123288,670.0,put,2.51,0.23818532404706316,43.24341218044401,768.3468271924303,-0.13696351672982526,0.00796812749003985
0.16712328767123288,675.0,put,2.6950000000000003,0.2322360590549884,46.02557069673245,768.3468271924303,-0.12952853824230723,0.01113172541743963
0.16712328767123288,680.0,put,2.9050000000000002,0.22643341586784965,49.05850963123072,768.3468271924303,-0.12214843094468461,0.010327022375215078
0.16712328767123288,685.0,put,3.1399999999999997,0.22070649713068716,52.331009516963995,768.3468271924303,-0.11482239085261176,0.006369426751592363
0.16712328767123288,690.0,put,3.4000000000000004,0.21499196830406955,55.83155956781592,768.3468271924303,-0.10754963152353203,0.005882352941176475
0.16712328767123288,695.0,put,3.6950000000000003,0.20940112631246205,59.61426827753484,768.3468271924303,-0.10032938355004489,0.00811907983761835
0.16712328767123288,700.0,put,4.015000000000001,0.20369443231603496,63.594102166449055,768.3468271924303,-0.09316089407143241,0.007471980074719862
0.16712328767123288,705.0,put,4.385,0.1981965013201679,67.90218485392812,768.3468271924303,-0.08604342630256835,0.006841505131128906
0.16712328767123288,710.0,put,4.795,0.19266002612367042,72.44113615997051,768.3468271924303,-0.07897625907947596,0.0062565172054221815
0.16712328767123288,715.0,put,5.26,0.18720786437669498,77.24917307488904,768.3468271924303,-0.07195868642082934,0.0076045627376425924
0.16712328767123288,720.0,put,5.789999999999999,0.18186083512398687,82.3119993870279,768.3468271924303,-0.06499001710473605,0.006908462867012097
0.16712328767123288,725.0,put,6.390000000000001,0.17656344776829824,87.57330026340455,768.3468271924303,-0.05806957426016232,0.006259780907668237
0.16712328767123288,730.0,put,7.08,0.17141930667986033,93.00902079883227,768.3468271924303,-0.05119669497240022,0.005649717514124299
0.16712328767123288,735.0,put,7.859999999999999,0.16629056976056159,98.49528271199203,768.3468271924303,-0.0443707299020004,0.005089058524173033
0.16712328767123288,740.0,put,8.76,0.1613411987822995,103.96231833513093,768.3468271924303,-0.037591042916621575,0.006849315068493005
0.16712328767123288,745.0,put,9.79,0.1565041982835694,109.23861808748853,768.3468271924303,-0.030857010735277548,0.008171603677221662
0.16712328767123288,750.0,put,10.99,0.1519734518656716,114.15399953330463,768.3468271924303,-0.024168022584480874,0.003639672429481269
0.16712328767123288,755.0,put,12.32,0.14722675462082763,118.41304120188241,768.3468271924303,-0.017523479865812343,0.008116883116883088
0.16712328767123288,760.0,put,13.905,0.1431534662032321,121.81089529988114,768.3468271924303,-0.010922795834460333,0.006472491909385103
0.24383561643835616,765.0,call,24.235,0.14353843643975264,149.32971351040865,770.2242166279831,-0.006805829059442024,0.004538890035073218
0.24383561643835616,770.0,call,21.145,0.13968905719496574,150.5128316653121,770.2242166279831,-0.0002911480382484166,0.005202175455190325
0.24383561643835616,775.0,call,18.275,0.13609189083862858,150.36916676113233,770.2242166279831,0.0061813664673690686,0.006019151846785195
0.24383561643835616,780.0,call,15.64,0.13276560210695348,148.71943141105913,770.2242166279831,0.012612256797659517,0.007672634271099694
0.24383561643835616,785.0,call,13.260000000000002,0.1297862940601232,145.44956165975685,770.2242166279831,0.01900205489643055,0.007541478129713396
0.24383561643835616,790.0,call,11.125,0.12705658171185027,140.51943305739232,770.2242166279831,0.02535128257508932,0.008089887640449425
0.24383561643835616,795.0,call,9.25,0.12468771360984911,134.0141398487571,770.2242166279831,0.03166045176835406,0.008648648648648465
0.24383561643835616,800.0,call,7.62,0.12261974365992194,126.10251530890599,770.2242166279831,0.03793006478194948,0.010498687664042003
0.24383561643835616,805.0,call,6.234999999999999,0.12095048203850631,117.10564279235727,770.2242166279831,0.044160614532585574,0.004811547714514876
0.24383561643835616,810.0,call,5.0600000000000005,0.1195299380297401,107.30275721796886,770.2242166279831,0.050352584780506464,0.007905138339920955
0.24383561643835616,815.0,call,4.08,0.11839064839834257,97.07632277301869,770.2242166279831,0.056506450354884746,0.00980392156862746
0.24383561643835616,820.0,call,3.2649999999999997,0.117433233873753,86.71039327082596,770.2242166279831,0.06262267737232086,0.009188361408882025
0.24383561643835616,825.0,call,2.5949999999999998,0.11664986432172714,76.51258542984633,770.2242166279831,0.06870172344870307,0.011560693641618424
0.24383561643835616,830.0,call,2.0599999999999996,0.11618007178747665,66.88947221662269,770.2242166279831,0.0747440379046657,0.009708737864077681
0.24383561643835616,835.0,call,1.63,0.11589409827320953,57.932318154834576,770.2242166279831,0.0807500619648776,0.012269938650306624
0.24383561643835616,840.0,call,1.29,0.11584024845868877,49.82670179994764,770.2242166279831,0.08672022895138144,0.015503875968992262
0.24383561643835616,845.0,call,1.02,0.11594108099740198,42.568932610952245,770.2242166279831,0.092654964471196,0.01960784313725492
0.24383561643835616,850.0,call,0.8200000000000001,0.11655428122537478,36.508166400548205,770.2242166279831,0.09855468659838432,0.024390243902438907
0.24383561643835616,855.0,call,0.66,0.11725803385869608,31.20147370320151,770.2242166279831,0.10441980605078222,0.030303030303030328
0.24383561643835616,860.0,call,0.535,0.11815136173371055,26.68238909796198,770.2242166279831,0.11025072636157544,0.018691588785046745
0.24383561643835616,865.0,call,0.44,0.11934338227995755,22.954409515487335,770.2242166279831,0.11604784404590136,0.0454545454545455
0.24383561643835616,870.0,call,0.365,0.12068442551557307,19.810589560861587,770.2242166279831,0.12181154876265146,0.02739726027397263
0.24383561643835616,875.0,call,0.305,0.122131298565737,17.147123615030655,770.2242166279831,0.12754222347163652,0.03278688524590167
0.24383561643835616,880.0,call,0.265,0.1242207142109668,15.207622702631088,770.2242166279831,0.13324024458627426,0.03773584905660381
0.24383561643835616,885.0,call,0.225,0.1258514999816702,13.27305410614798,770.2242166279831,0.13890598212195165,0.04444444444444448
0.24383561643835616,890.0,call,0.195,0.12777778029272774,11.736826252145578,770.2242166279831,0.14453979984020768,0.05128205128205133
0.24383561643835616,895.0,call,0.175,0.13021816783454457,10.625938203508815,770.2242166279831,0.15014205538887754,0.05714285714285704
0.24383561643835616,900.0,call,0.155,0.13237443609106886,9.532975590167462,770.2242166279831,0.15571310043833295,0.06451612903225812
0.24383561643835616,905.0,call,0.135,0.1342001590829172,8.450678683049716,770.2242166279831,0.16125328081394813,0.07407407407407414
0.24383561643835616,910.0,call,0.125,0.13694473658076806,7.821323236216666,770.2242166279831,0.16676293662491776,0.08000000000000007
0.24383561643835616,915.0,call,0.11,0.13881800828872193,6.982641561302258,770.2242166279831,0.17224240238954336,0.18181818181818174
0.24383561643835616,465.0,put,0.525,0.45018624157613457,8.843002660763505,770.2242166279831,-0.5046442572986216,0.019047619047619063
0.24383561643835616,470.0,put,0.555,0.4448442420864412,9.332803209045663,770.2242166279831,-0.49394896818187356,0.018018018018018032
0.24383561643835616,475.0,put,0.58,0.4388529528306427,9.772752829254786,770.2242166279831,-0.4833668588513366,0.03448275862068969
0.24383561643835616,480.0,put,0.605,0.43278508241258945,10.220279795211137,770.2242166279831,-0.47289555898404134,0.016528925619834725
0.24383561643835616,485.0,put,0.635,0.4271157226318233,10.732091240572489,770.2242166279831,-0.46253277194849474,0.015748031496063006
0.24383561643835616,490.0,put,0.67,0.4217869714736406,11.3079564090987,770.2242166279831,-0.4522762717813056,0.02985074626865674
0.24383561643835616,495.0,put,0.7,0.41590284962000484,11.836538256700537,770.2242166279831,-0.44212390031728754,0.0285714285714286
0.24383561643835616,500.0,put,0.735,0.4103400837541498,12.429844176352757,770.2242166279831,-0.4320735644637861,0.01360544217687076
0.24383561643835616,505.0,put,0.77,0.4046675677876351,13.032707708634497,770.2242166279831,-0.42212323361061815,0.025974025974025997
0.24383561643835616,510.0,put,0.81,0.3992615445989018,13.700536556637172,770.2242166279831,-0.4122709371676065,0.024691358024691242
0.24383561643835616,515.0,put,0.845,0.3933839151517366,14.32441763128533,770.2242166279831,-0.40251476222224175,0.011834319526627229
0.24383561643835616,520.0,put,0.89,0.3880915062189006,15.068326074916436,770.2242166279831,-0.3928528513105048,0.02247191011235957
0.24383561643835616,525.0,put,0.935,0.3826657904013638,15.823662583323644,770.2242166279831,-0.38328340029435426,0.010695187165775291
0.24383561643835616,530.0,put,0.975,0.3768172779882687,16.53803182944469,770.2242166279831,-0.3738046563398104,0.010256410256410265
0.24383561643835616,535.0,put,1.025,0.3714622337935005,17.372532818642792,770.2242166279831,-0.3644149159899714,0.009756097560975618
0.24383561643835616,540.0,put,1.0750000000000002,0.3659792775419745,18.220746872983202,770.2242166279831,-0.3551125233276578,0.009302325581395356
0.24383561643835616,545.0,put,1.125,0.3603794505049974,19.08381595843697,770.2242166279831,-0.34589586822273377,0.0088888888888887
0.24383561643835616,550.0,put,1.18,0.3549225000797835,20.01486153927962,770.2242166279831,-0.3367633846594614,0.0169491525423729
0.24383561643835616,555.0,put,1.24,0.3495828473962991,21.013990023587503,770.2242166279831,-0.3277135491395434,0.01612903225806453
0.24383561643835616,560.0,put,1.3,0.34411034753673475,22.030306360173842,770.2242166279831,-0.318744879156783,0.015384615384615398
0.24383561643835616,565.0,put,1.3650000000000002,0.3387321196010988,23.11590196439054,770.2242166279831,-0.30985593173953696,0.007326007326007331
0.24383561643835616,570.0,put,1.43,0.33322146713035256,24.220939383408787,770.2242166279831,-0.301045302057382,0.013986013986014
0.24383561643835616,575.0,put,1.5,0.3277854471729368,25.39680329395675,770.2242166279831,-0.29231162208862754,0.013333333333333345
0.24383561643835616,580.0,put,1.58,0.3225935632553433,26.693023124781526,770.2242166279831,-0.2836535593455129,0.012658227848101276
0.24383561643835616,585.0,put,1.66,0.31724562443080917,28.011360048599414,770.2242166279831,-0.2750698156541214,0.012048192771084348
0.24383561643835616,590.0,put,1.74,0.31175325810470084,29.354042583373896,770.2242166279831,-0.26655912598621273,0.011494252873563229
0.24383561643835616,595.0,put,1.83,0.3064514678545467,30.81826113842567,770.2242166279831,-0.2581202573403481,0.010928961748633888
0.24383561643835616,600.0,put,1.93,0.3013038295257396,32.40297006283703,770.2242166279831,-0.24975200766983158,0.010362694300518144
0.24383561643835616,605.0,put,2.0300000000000002,0.29598314839480616,34.01502844361332,770.2242166279831,-0.24145320485513647,0.00985221674876848
0.24383561643835616,610.0,put,2.1399999999999997,0.2907814840365594,35.74816814607454,770.2242166279831,-0.23322270571862097,0.009345794392523374
0.24383561643835616,615.0,put,2.25,0.28540322327170903,37.51234231950784,770.2242166279831,-0.22505939507946,0.0088888888888887
0.24383561643835616,620.0,put,2.38,0.2803674244019845,39.48638803036386,770.2242166279831,-0.2169621848468406,0.008403361344537823
0.24383561643835616,625.0,put,2.51,0.27512894992812065,41.492937337909645,770.2242166279831,-0.20893001314957646,0.00796812749003985
0.24383561643835616,630.0,put,2.6500000000000004,0.2699305344732592,43.620455991656236,770.2242166279831,-0.20096184350039956,0.00754716981132076
0.24383561643835616,635.0,put,2.8099999999999996,0.26496855863025,45.9505500946878,770.2242166279831,-0.19305666399328625,0.007117437722419936
0.24383561643835616,640.0,put,2.9699999999999998,0.25977719243819547,48.31673694540335,770.2242166279831,-0.18521348653226033,0.006734006734006741
0.24383561643835616,645.0,put,3.145,0.25466608009092,50.84183635252288,770.2242166279831,-0.17743134609020536,0.009538950715421383
0.24383561643835616,650.0,put,3.335,0.2496043866428373,53.522731129275186,770.2242166279831,-0.16970929999629517,0.008995502248875636
0.24383561643835616,655.0,put,3.54,0.24456404201589405,56.35630867312747,770.2242166279831,-0.162046427250726,0.005649717514124299
0.24383561643835616,660.0,put,3.7649999999999997,0.2396037572834363,59.37505200469973,770.2242166279831,-0.15444182786550667,0.00796812749003979
0.24383561643835616,665.0,put,4.005,0.23460756215316786,62.53805266444471,770.2242166279831,-0.14689462223012373,0.007490636704119691
0.24383561643835616,670.0,put,4.265000000000001,0.22963080951833964,65.87541322093138,770.2242166279831,-0.1394039505009661,0.0070339976553341725
0.24383561643835616,675.0,put,4.555,0.22478719659894894,69.44330462461879,770.2242166279831,-0.13196897201344812,0.006586169045005544
0.24383561643835616,680.0,put,4.865,0.21989032590099722,73.16642568763926,770.2242166279831,-0.12458886471582553,0.0061664953751285195
0.24383561643835616,685.0,put,5.205,0.21504570662976538,77.09469253909296,770.2242166279831,-0.1172628246237526,0.005763688760806794
0.24383561643835616,690.0,put,5.574999999999999,0.21021126673933863,81.21188793972482,770.2242166279831,-0.1099900652946728,0.005381165919282557
0.24383561643835616,695.0,put,5.984999999999999,0.2054655121018398,85.55124449323131,770.2242166279831,-0.1027698173211857,0.005012531328320844
0.24383561643835616,700.0,put,6.425000000000001,0.2006445458658421,90.03888721553402,770.2242166279831,-0.09560132784257326,0.004669260700389143
0.24383561643835616,705.0,put,6.915,0.19592775625014958,94.7423882852276,770.2242166279831,-0.08848386007370926,0.004338394793926155
0.24383561643835616,710.0,put,7.455,0.1912543164239874,99.62100009064936,770.2242166279831,-0.08141669285061678,0.004024144869215206
0.24383561643835616,715.0,put,8.055,0.18666411893638077,104.66703721457199,770.2242166279831,-0.0743991201919702,0.003724394785847441
0.24383561643835616,720.0,put,8.71,0.18204673131785154,109.80874481646053,770.2242166279831,-0.06743045087587696,0.00459242250287037
0.24383561643835616,725.0,put,9.440000000000001,0.17752243022453326,115.04676116521449,770.2242166279831,-0.06051000803130316,0.0042372881355933175
0.24383561643835616,730.0,put,10.25,0.17305917582556013,120.31214314615721,770.2242166279831,-0.053637128743541096,0.005853658536585241
0.24383561643835616,735.0,put,11.155,0.16870300196014054,125.54256760019268,770.2242166279831,-0.04681116367314121,0.0062752129090094385
0.24383561643835616,740.0,put,12.16,0.16440931275904655,130.63260528636692,770.2242166279831,-0.04003147668776243,0.006578947368421058
0.24383561643835616,745.0,put,13.280000000000001,0.16020745550525964,135.47510062942595,770.2242166279831,-0.03329744450641844,0.006024096385542173
0.24383561643835616,750.0,put,14.525,0.15608108365510778,139.931856837689,770.2242166279831,-0.026608456355621805,0.006196213425129078
0.24383561643835616,755.0,put,15.93,0.15218447551363792,143.8573222919475,770.2242166279831,-0.019963913636953205,0.0062774639045825266
0.24383561643835616,760.0,put,17.509999999999998,0.1485183102752766,147.06028310119234,770.2242166279831,-0.01336322960560112,0.005711022272986744
0.4931506849315068,765.0,call,39.59,0.15597239918786132,210.30429869618217,777.2898995910032,-0.01593754810290858,0.020712301086132867
0.4931506849315068,770.0,call,36.545,0.1537978062716464,212.4346994958912,777.2898995910032,-0.00942286708171488,0.03037351210835954
0.4931506849315068,775.0,call,33.525000000000006,0.15122447133072003,213.86377787673004,777.2898995910032,-0.002950352576097413,0.004474272930648726
0.4931506849315068,780.0,call,30.58,0.14846966026766725,214.52672448963207,777.2898995910032,0.003480537754192907,0.005232177894048402
0.4931506849315068,785.0,call,27.79,0.1458827494858523,214.34609666439812,777.2898995910032,0.009870335852964034,0.005037783375314882
0.4931506849315068,790.0,call,25.14,0.14337070406234376,213.25242332940843,777.2898995910032,0.016219563531622676,0.006364359586316632
0.4931506849315068,795.0,call,22.66,0.1410552831544769,211.19556809098827,777.2898995910032,0.02252873272488751,0.0061782877316858146
0.4931506849315068,800.0,call,20.325000000000003,0.13880471640134937,208.13321507680536,777.2898995910032,0.028798345738482806,0.006396063960639556
0.4931506849315068,805.0,call,18.165,0.13675413152361635,204.0673596485097,777.2898995910032,0.03502889548911899,0.007156619873382825
0.4931506849315068,810.0,call,16.155,0.13478069392588957,198.9921897322455,777.2898995910032,0.041220865737039966,0.008047044258743362
0.4931506849315068,815.0,call,14.32,0.13301466220657046,192.98139576810655,777.2898995910032,0.04737473131141834,0.008379888268156494
0.4931506849315068,820.0,call,12.655000000000001,0.1314504908317586,186.1214980634759,777.2898995910032,0.053490958328854324,0.008692216515211473
0.4931506849315068,825.0,call,11.135,0.12997957040996108,178.4654281757697,777.2898995910032,0.059570004405236625,0.00987876066457112
0.4931506849315068,830.0,call,9.780000000000001,0.12874593400395087,170.2160045106731,777.2898995910032,0.06561231886119914,0.006134969325153425
0.4931506849315068,835.0,call,8.559999999999999,0.12762170287209348,161.4381212011531,777.2898995910032,0.07161834292141113,0.007009345794392582
0.4931506849315068,840.0,call,7.465,0.12658782241049338,152.2501634745801,777.2898995910032,0.07758850990791485,0.006697923643670439
0.4931506849315068,845.0,call,6.505000000000001,0.12576529739185718,142.91007446553775,777.2898995910032,0.0835232454277295,0.00768639508070712
0.4931506849315068,850.0,call,5.645,0.12497617967461347,133.39025240316724,777.2898995910032,0.0894229675549177,0.008857395925597844
0.4931506849315068,855.0,call,4.885,0.12427329283951796,123.86743494954499,777.2898995910032,0.09528808700731568,0.010235414534288603
0.4931506849315068,860.0,call,4.220000000000001,0.12368459811564608,114.49675587288424,777.2898995910032,0.10111900731810898,0.009478672985781998
0.4931506849315068,865.0,call,3.64,0.12320032988449475,105.3781311859837,777.2898995910032,0.10691612500243479,0.010989010989010999
0.4931506849315068,870.0,call,3.13,0.12275336822614329,96.51614753514005,777.2898995910032,0.11267982971918498,0.012779552715654964
0.4931506849315068,875.0,call,2.6950000000000003,0.12247432907352002,88.16140412336698,777.2898995910032,0.11841050442816992,0.01113172541743963
0.4931506849315068,880.0,call,2.315,0.12223084899886456,80.19531094018465,777.2898995910032,0.12410852554280774,0.012958963282937472
0.4931506849315068,885.0,call,1.9849999999999999,0.1220330640565394,72.67357114410312,777.2898995910032,0.129774263078485,0.0151133501259446
0.4931506849315068,890.0,call,1.705,0.12196609305180979,65.74015784815053,777.2898995910032,0.13540808079674113,0.01759530791788858
0.4931506849315068,895.0,call,1.4649999999999999,0.12197644579706547,59.334737156880614,777.2898995910032,0.14101033634541088,0.020477815699658723
0.4931506849315068,900.0,call,1.2650000000000001,0.12216105520482673,53.58223422399821,777.2898995910032,0.14658138139486634,0.023715415019762865
0.4931506849315068,905.0,call,1.09,0.12233768617309301,48.23524714496616,777.2898995910032,0.15212156177048164,0.018348623853211024
0.4931506849315068,910.0,call,0.94,0.12257034104828603,43.363222094119,777.2898995910032,0.15763121758145135,0.021276595744680753
0.4931506849315068,915.0,call,0.8200000000000001,0.12307352416729606,39.188666356202205,777.2898995910032,0.16311068334607684,0.024390243902438907
0.4931506849315068,920.0,call,0.71,0.12343535837282221,35.2073509646436,777.2898995910032,0.16856028811364163,0.028169014084507067
0.4931506849315068,925.0,call,0.62,0.12398021918720248,31.755821101421347,777.2898995910032,0.17398035558298072,0.03225806451612906
0.4931506849315068,930.0,call,0.545,0.12465434328241341,28.73185714784517,777.2898995910032,0.17937120421785724,0.018348623853211024
0.4931506849315068,935.0,call,0.48,0.1253595998798862,26.004614983625473,777.2898995910032,0.18473314735924254,0.041666666666666706
0.4931506849315068,940.0,call,0.43,0.1263643517169014,23.780738338072016,777.2898995910032,0.1900664933346052,0.046511627906976785
0.4931506849315068,945.0,call,0.385,0.12733838131392414,21.728298681768383,777.2898995910032,0.1953715455642983,0.025974025974025997
0.4931506849315068,950.0,call,0.345,0.1283070688279828,19.854577978536437,777.2898995910032,0.20064860266514217,0.02898550724637668
0.4931506849315068,955.0,call,0.31,0.12930242474327444,18.167832083171785,777.2898995910032,0.20589795855128581,0.06451612903225812
0.4931506849315068,960.0,call,0.28500000000000003,0.13066202062310298,16.880207332765444,777.2898995910032,0.2111199025324374,0.035087719298245446
0.4931506849315068,965.0,call,0.26,0.1318619907101151,15.598894242402167,777.2898995910032,0.2163147194095415,0.07692307692307698
0.4931506849315068,970.0,call,0.24,0.13322936308101163,14.530428058530008,777.2898995910032,0.22148268956798398,0.0833333333333333
0.4931506849315068,975.0,call,0.22,0.13445308685997687,13.46850095969273,777.2898995910032,0.22662408906840276,0.090909090909091
0.4931506849315068,980.0,call,0.2,0.13551655894006315,12.409779096078955,777.2898995910032,0.2317391897351731,0.09999999999999995
0.4931506849315068,985.0,call,0.185,0.13683448302731385,11.573518653713643,777.2898995910032,0.23682825924264447,0.054054054054054106
0.4931506849315068,990.0,call,0.16999999999999998,0.13802072881774624,10.742474567759382,777.2898995910032,0.2418915611991911,0.11764705882352937
0.4931506849315068,995.0,call,0.16,0.13955884848908826,10.142868613051084,777.2898995910032,0.24692935522914836,0.1250000000000001
0.4931506849315068,1000.0,call,0.15000000000000002,0.14100700074347441,9.550567149312323,777.2898995910032,0.25194189705269254,0.13333333333333325
0.4931506849315068,1010.0,call,0.13,0.14360485128969874,8.383025586161684,777.2898995910032,0.26189222790586064,0.15384615384615397
0.4931506849315068,465.0,put,1.7,0.3828877599872811,26.499600436023112,777.2898995910032,-0.513775976342088,0.011764705882352951
0.4931506849315068,470.0,put,1.76,0.37809423265890213,27.474351390224925,777.2898995910032,-0.50308068722534,0.011363636363636374
0.4931506849315068,475.0,put,1.83,0.3736077629421195,28.557167280870466,777.2898995910032,-0.49249857789480317,0.010928961748633888
0.4931506849315068,480.0,put,1.9,0.3690564914025064,29.65383723188299,777.2898995910032,-0.4820272780275079,0.010526315789473694
0.4931506849315068,485.0,put,1.97,0.3644459080889394,30.76517800966847,777.2898995910032,-0.47166449099196134,0.0101522842639594
0.4931506849315068,490.0,put,2.04,0.3597808988819836,31.89201223449944,777.2898995910032,-0.46140799082477224,0.00980392156862746
0.4931506849315068,495.0,put,2.12,0.35536810829733206,33.12686159589339,777.2898995910032,-0.4512556193607542,0.009433962264150952
0.4931506849315068,500.0,put,2.1950000000000003,0.35074233860128645,34.332340691815645,777.2898995910032,-0.44120528350725274,0.01366742596810925
0.4931506849315068,505.0,put,2.2800000000000002,0.34634543082815056,35.64592520080939,777.2898995910032,-0.43125495265408464,0.00877192982456141
0.4931506849315068,510.0,put,2.3600000000000003,0.34174542104997385,36.93212297733827,777.2898995910032,-0.42140265621107303,0.008474576271186448
0.4931506849315068,515.0,put,2.45,0.33735321742373114,38.326631024794494,777.2898995910032,-0.4116464812657083,0.008163265306122455
0.4931506849315068,520.0,put,2.545,0.33301900941646345,39.78433649125893,777.2898995910032,-0.4019845703539714,0.011787819253438213
0.4931506849315068,525.0,put,2.6399999999999997,0.3286129167934139,41.26156131749308,777.2898995910032,-0.3924151193378207,0.007575757575757584
0.4931506849315068,530.0,put,2.745,0.32437353366666233,42.84638491739804,777.2898995910032,-0.3829363753832769,0.010928961748633809
0.4931506849315068,535.0,put,2.8499999999999996,0.32005519261768706,44.45182000805098,777.2898995910032,-0.3735466350334379,0.00701754385964913
0.4931506849315068,540.0,put,2.96,0.3157716468432834,46.121852210347896,777.2898995910032,-0.36424424237112435,0.006756756756756763
0.4931506849315068,545.0,put,3.08,0.3116205077472635,47.898786499688704,777.2898995910032,-0.3550275872662004,0.006493506493506499
0.4931506849315068,550.0,put,3.2,0.3073828093215828,49.69832055434636,777.2898995910032,-0.3458951037029278,0.0062500000000000056
0.4931506849315068,555.0,put,3.33,0.3032579885345732,51.60436812111491,777.2898995910032,-0.3368452681830099,0.006006006006006011
0.4931506849315068,560.0,put,3.465,0.29913662970825033,53.575205552092335,777.2898995910032,-0.3278765982002495,0.008658008658008602
0.4931506849315068,565.0,put,3.6100000000000003,0.29510400666995384,55.651210166734806,777.2898995910032,-0.31898765078300345,0.005540166204986154
0.4931506849315068,570.0,put,3.76,0.29105937693903744,57.791739302122146,777.2898995910032,-0.31017702110084855,0.005319148936170218
0.4931506849315068,575.0,put,3.915,0.286999209232014,59.99730547651446,777.2898995910032,-0.3014433411320939,0.007662835249042209
0.4931506849315068,580.0,put,4.085,0.28308071506155047,62.34484279592756,777.2898995910032,-0.29278527838897933,0.0073439412484698555
0.4931506849315068,585.0,put,4.265000000000001,0.2792057328828746,64.79364221245964,777.2898995910032,-0.28420153469758785,0.0070339976553341725
0.4931506849315068,590.0,put,4.445,0.2752149646468503,67.26885505768689,777.2898995910032,-0.2756908450296794,0.006749156355455623
0.4931506849315068,595.0,put,4.645,0.27140130148578817,69.91773518924097,777.2898995910032,-0.26725197638381476,0.006458557588805221
0.4931506849315068,600.0,put,4.845000000000001,0.26746352113103805,72.59340100669729,777.2898995910032,-0.2588837267132981,0.0061919504643963355
0.4931506849315068,605.0,put,5.07,0.2637400517094386,75.47203486739545,777.2898995910032,-0.25058492389860304,0.00788954635108482
0.4931506849315068,610.0,put,5.295,0.25988125239472154,78.37663352074748,777.2898995910032,-0.24235442476208754,0.005665722379603279
0.4931506849315068,615.0,put,5.54,0.25614015687355846,81.44269767019894,777.2898995910032,-0.2341911141229266,0.0036101083032490204
0.4931506849315068,620.0,put,5.805,0.25249603958709954,84.66415007616673,777.2898995910032,-0.22609390389030723,0.005167958656330792
0.4931506849315068,625.0,put,6.08,0.24881604199518645,87.97237124966902,777.2898995910032,-0.21806173219304295,0.006578947368421058
0.4931506849315068,630.0,put,6.369999999999999,0.24514999769886192,91.3966484482261,777.2898995910032,-0.21009356254386607,0.006279434850863429
0.4931506849315068,635.0,put,6.68,0.24153988823131495,94.96262188808585,777.2898995910032,-0.2021883830367528,0.005988023952095814
0.4931506849315068,640.0,put,7.01,0.23796993081029486,98.66373971505587,777.2898995910032,-0.1943452055757269,0.005706134094151218
0.4931506849315068,645.0,put,7.35,0.23432795068852463,102.43880450657866,777.2898995910032,-0.18656306513367193,0.005442176870748304
0.4931506849315068,650.0,put,7.71,0.23070526757732468,106.33971542764182,777.2898995910032,-0.17884101903976163,0.0025940337224383365
0.4931506849315068,655.0,put,8.11,0.22727006481321285,110.46057240298425,777.2898995910032,-0.1711781462941925,0.004932182490752272
0.4931506849315068,660.0,put,8.53,0.2238159193192193,114.68512539873217,777.2898995910032,-0.1635735469089732,0.002344665885111322
0.4931506849315068,665.0,put,8.96,0.22024846111740662,118.96043596733875,777.2898995910032,-0.15602634127359027,0.004464285714285817
0.4931506849315068,670.0,put,9.425,0.2167696176203832,123.39528837019988,777.2898995910032,-0.14853566954443265,0.005305039787798295
0.4931506849315068,675.0,put,9.92,0.21331778890700906,127.95154485147881,777.2898995910032,-0.14110069105691458,0.004032258064516043
0.4931506849315068,680.0,put,10.45,0.20991393791523796,132.63428143401816,777.2898995910032,-0.133720583759292,0.0038277511961723374
0.4931506849315068,685.0,put,11.015,0.2065385100168907,137.42514905881168,777.2898995910032,-0.12639454366721908,0.004539264639128364
0.4931506849315068,690.0,put,11.61,0.20313816866708442,142.28832228934408,777.2898995910032,-0.11912178433813932,0.005167958656330792
0.4931506849315068,695.0,put,12.245000000000001,0.19976735406689286,147.2398427709247,777.2898995910032,-0.11190153636465236,0.004083299305839031
0.4931506849315068,700.0,put,12.925,0.1964393361482702,152.27075282632487,777.2898995910032,-0.10473304688603982,0.0038684719535782537
0.4931506849315068,705.0,put,13.649999999999999,0.1931325524148618,157.35309297028022,777.2898995910032,-0.09761557911717583,0.004395604395604433
0.4931506849315068,710.0,put,14.425,0.18985755555182907,162.47014061602954,777.2898995910032,-0.09054841189408337,0.003466204506065784
0.4931506849315068,715.0,put,15.26,0.1866520785344243,167.60999934699154,777.2898995910032,-0.08353083923543682,0.003931847968545133
0.4931506849315068,720.0,put,16.145,0.1834322210259323,172.71167269093905,777.2898995910032,-0.07656216991934348,0.008052028491793284
0.4931506849315068,725.0,put,17.085,0.18020670975224548,177.74783229219074,777.2898995910032,-0.06964172707476969,0.005267778753292353
0.4931506849315068,730.0,put,18.125,0.17720079395424596,182.7414631980327,777.2898995910032,-0.06276884778700764,0.00717241379310359
0.4931506849315068,735.0,put,19.23,0.17418850755268978,187.57712375922387,777.2898995910032,-0.05594288271660777,0.007280291211648495
0.4931506849315068,740.0,put,20.415,0.17122567282090323,192.21899700864213,777.2898995910032,-0.04916319573122901,0.007347538574577447
0.4931506849315068,745.0,put,21.685000000000002,0.16831095282173644,196.60925092126493,777.2898995910032,-0.04242916354988492,0.006917223887479922
0.4931506849315068,750.0,put,23.060000000000002,0.16551707291565895,200.6932575102267,777.2898995910032,-0.03574017539908831,0.006938421509106684
0.4931506849315068,755.0,put,24.54,0.16281302424419491,204.39387322010515,777.2898995910032,-0.029095632680419724,0.007334963325183363
0.4931506849315068,760.0,put,26.145,0.16026661086508817,207.63979683606755,777.2898995910032,-0.02249494864906766,0.007267163893669831
0.7397260273972602,765.0,call,54.035,0.1690838979693938,255.46581407500867,784.3650107594514,-0.024998653125763177,0.024243545849912007
0.7397260273972602,770.0,call,50.555,0.1656525420964491,257.9617699524117,784.3650107594514,-0.018483972104569528,0.01760458906141827
0.7397260273972602,775.0,call,47.685,0.16428698327747435,260.0546864000587,784.3650107594514,-0.012011457598951999,0.024955436720142554
0.7397260273972602,780.0,call,44.675,0.1620652191940434,261.64434427858333,784.3650107594514,-0.005580567268661618,0.004252937884723108
0.7397260273972602,785.0,call,41.715,0.15971483943278414,262.70587115414827,784.3650107594514,0.000809230830109348,0.004554716528826676
0.7397260273972602,790.0,call,38.849999999999994,0.15739648184007524,263.1954359616364,784.3650107594514,0.00715845850876816,0.004633204633204627
0.7397260273972602,795.0,call,36.099999999999994,0.15517433801726332,263.07057689300785,784.3650107594514,0.013467627702032947,0.0049861495844875274
0.7397260273972602,800.0,call,33.455,0.1529995471194563,262.2929879801434,784.3650107594514,0.019737240715628192,0.005081452697653616
0.7397260273972602,805.0,call,30.925,0.1509005544432959,260.8298732217534,784.3650107594514,0.02596779046626433,0.005497170573969336
0.7397260273972602,810.0,call,28.515,0.14888858635782004,258.6565018468938,784.3650107594514,0.03215976071418547,0.005961774504646737
0.7397260273972602,815.0,call,26.225,0.14695765445381284,255.75581759656086,784.3650107594514,0.03831362628856358,0.0064823641563393
0.7397260273972602,820.0,call,24.064999999999998,0.14514331659575477,252.12799122027315,784.3650107594514,0.04442985330599973,0.007064201121961279
0.7397260273972602,825.0,call,22.03,0.14342541060147942,247.77772160836344,784.3650107594514,0.05050889938238198,0.007262823422605544
0.7397260273972602,830.0,call,20.125,0.14182640710030087,242.73170355976373,784.3650107594514,0.05655121383834467,0.008447204968944183
0.7397260273972602,835.0,call,18.335,0.1402894456586974,237.00084982404877,784.3650107594514,0.0625572378985564,0.008181074447777397
0.7397260273972602,840.0,call,16.685000000000002,0.13892815280784077,230.67976887354948,784.3650107594514,0.06852740488506028,0.007791429427629547
0.7397260273972602,845.0,call,15.15,0.13764917815560865,223.7853014958332,784.3650107594514,0.07446214040487488,0.009240924092409277
0.7397260273972602,850.0,call,13.74,0.1365122211261276,216.42129934927004,784.3650107594514,0.08036186253206304,0.010189228529839925
0.7397260273972602,855.0,call,12.445,0.13549262267786977,208.65296678847352,784.3650107594514,0.08622698198446117,0.005624748895138632
0.7397260273972602,860.0,call,11.26,0.13458971692922359,200.56422596397854,784.3650107594514,0.09205790229525443,0.005328596802841805
0.7397260273972602,865.0,call,10.16,0.13370108485605922,192.1369953581738,784.3650107594514,0.09785501997958039,0.005905511811023496
0.7397260273972602,870.0,call,9.17,0.13297955711278434,183.60416374403545,784.3650107594514,0.10361872469633034,0.006543075245365182
0.7397260273972602,875.0,call,8.254999999999999,0.13226644330283202,174.87537188521182,784.3650107594514,0.10934939940531542,0.00605693519079333
0.7397260273972602,880.0,call,7.425000000000001,0.13164182722329548,166.11359158898554,784.3650107594514,0.1150474205199532,0.006734006734006709
0.7397260273972602,885.0,call,6.665,0.13104540638242204,157.3124275557581,784.3650107594514,0.12071315805563043,0.007501875468867323
0.7397260273972602,890.0,call,5.975,0.13050398973008845,148.5697679175222,784.3650107594514,0.12634697577388648,0.008368200836820055
0.7397260273972602,895.0,call,5.355,0.13005113383089198,139.99643983206056,784.3650107594514,0.1319492313225564,0.00933706816059754
0.7397260273972602,900.0,call,4.785,0.12957664848193318,131.4824423763823,784.3650107594514,0.13752027637201164,0.010449320794148342
0.7397260273972602,905.0,call,4.27,0.1291426265083005,123.16533268348522,784.3650107594514,0.14306045674762707,0.009367681498829048
0.7397260273972602,910.0,call,3.81,0.1287849676301148,115.1452956455957,784.3650107594514,0.14857011255859673,0.010498687664042003
0.7397260273972602,915.0,call,3.39,0.12840907740165247,107.30713468883403,784.3650107594514,0.15404957832322239,0.011799410029498535
0.7397260273972602,920.0,call,3.02,0.12814022351001933,99.88310474282501,784.3650107594514,0.15949918309078692,0.013245033112582794
0.7397260273972602,925.0,call,2.69,0.1279259261849541,92.81220163746733,784.3650107594514,0.16491925056012618,0.014869888475836444
0.7397260273972602,930.0,call,2.39,0.1276934447814228,85.9934525603604,784.3650107594514,0.17031009919500267,0.01673640167364018
0.7397260273972602,935.0,call,2.13,0.12759491460392758,79.68456578902538,784.3650107594514,0.17567204233638792,0.018779342723004713
0.7397260273972602,940.0,call,1.895,0.1274916059091641,73.66747469595978,784.3650107594514,0.18100538831175056,0.015831134564643815
0.7397260273972602,945.0,call,1.685,0.1274132092171813,67.99303417314442,784.3650107594514,0.18631044054144377,0.017804154302670638
0.7397260273972602,950.0,call,1.505,0.12747728870347838,62.83725121556853,784.3650107594514,0.1915874976422874,0.019933554817275767
0.7397260273972602,955.0,call,1.3450000000000002,0.1275789395210278,58.02811448057,784.3650107594514,0.1968368535284312,0.022304832713754663
0.7397260273972602,960.0,call,1.1949999999999998,0.12757014400507452,53.34614450883671,784.3650107594514,0.20205879750958292,0.02510460251046028
0.7397260273972602,965.0,call,1.07,0.12775643768523337,49.219041618450795,784.3650107594514,0.207253614386687,0.018691588785046745
0.7397260273972602,970.0,call,0.96,0.12799881814600483,45.427173788864835,784.3650107594514,0.21242158454512944,0.020833333333333353
0.7397260273972602,975.0,call,0.86,0.12821969661403337,41.854217053685616,784.3650107594514,0.21756298404554816,0.023255813953488393
0.7397260273972602,980.0,call,0.77,0.12843991826852647,38.51878908211505,784.3650107594514,0.22267808471231865,0.025974025974025997
0.7397260273972602,985.0,call,0.7,0.1289668836735621,35.76925219535325,784.3650107594514,0.2277671542197898,0.0285714285714286
0.7397260273972602,990.0,call,0.63,0.12929611906331076,32.984629617212676,784.3650107594514,0.23283045617633658,0.03174603174603177
0.7397260273972602,995.0,call,0.5700000000000001,0.12972673875441207,30.503350200273474,784.3650107594514,0.2378682502062938,0.035087719298245446
0.7397260273972602,1000.0,call,0.52,0.13030686724874757,28.348996474698613,784.3650107594514,0.24288079202983795,0.03846153846153849
0.7397260273972602,1005.0,call,0.48,0.13109112081243643,26.544112548830732,784.3650107594514,0.24786833354087706,0.041666666666666706
0.7397260273972602,1010.0,call,0.44,0.13173647358017498,24.732325717650856,784.3650107594514,0.25283112288300613,0.0454545454545455
0.7397260273972602,1015.0,call,0.405,0.13244342733035033,23.101771309450132,784.3650107594514,0.25776940452358876,0.024691358024691242
0.7397260273972602,1020.0,call,0.37,0.13300846110638898,21.46331539810573,784.3650107594514,0.2626834193260177,0.054054054054054106
0.7397260273972602,1030.0,call,0.32,0.1347109601095234,18.971530462921855,784.3650107594514,0.2724395942713825,0.06250000000000006
0.7397260273972602,1035.0,call,0.3,0.13567295885288685,17.9331085686453,784.3650107594514,0.27728221874717035,0.06666666666666674
0.7397260273972602,1040.0,call,0.28,0.13654336923537364,16.89776559005755,784.3650107594514,0.2821015051831193,0.07142857142857129
0.7397260273972602,1050.0,call,0.24,0.13797467131134425,14.828140252340887,784.3650107594514,0.29167095619927014,0.0833333333333333
0.7397260273972602,1060.0,call,0.22,0.14042901630141386,13.64348607306541,784.3650107594514,0.3011497001538138,0.090909090909091
0.7397260273972602,1070.0,call,0.19,0.14185963683978386,12.029783778534682,784.3650107594514,0.3105394405036528,0.10526315789473693
0.7397260273972602,1080.0,call,0.16999999999999998,0.1437924636528526,10.878364739360542,784.3650107594514,0.3198418331659664,0.11764705882352937
0.7397260273972602,1090.0,call,0.15000000000000002,0.1454480973543885,9.737195280397819,784.3650107594514,0.32905848827089035,0.13333333333333325
0.7397260273972602,1100.0,call,0.14,0.14790943239162255,9.082642577717541,784.3650107594514,0.33819097183416297,0.14285714285714277
0.7397260273972602,1110.0,call,0.12,0.14900936490307976,7.956617312262357,784.3650107594514,0.3472408073540808,0.1666666666666667
0.7397260273972602,1120.0,call,0.11,0.15107613242122653,7.325295174409708,784.3650107594514,0.35620947733684116,0.18181818181818174
0.7397260273972602,1130.0,call,0.1,0.15296245118047863,6.703343868429338,784.3650107594514,0.36509842475408727,0.20000000000000004
0.7397260273972602,465.0,put,2.9000000000000004,0.34896930295899686,43.951051660033265,784.3650107594514,-0.5228370813649427,0.006896551724137936
0.7397260273972602,470.0,put,3.0,0.34502300090766386,45.45051174706396,784.3650107594514,-0.5121417922481948,0.006666666666666525
0.7397260273972602,475.0,put,3.105,0.3411380475108131,47.0096161276298,784.3650107594514,-0.5015596829176578,0.00966183574879235
0.7397260273972602,480.0,put,3.215,0.33730757965224467,48.62830123809499,784.3650107594514,-0.4910883830503624,0.009331259720062149
0.7397260273972602,485.0,put,3.335,0.33362456196908147,50.348275683600306,784.3650107594514,-0.48072559601481585,0.008995502248875636
0.7397260273972602,490.0,put,3.45,0.3297850154420113,52.04414986778161,784.3650107594514,-0.4704690958476267,0.005797101449275368
0.7397260273972602,495.0,put,3.575,0.3260814866334104,53.84119337552689,784.3650107594514,-0.4603167243836087,0.008391608391608336
0.7397260273972602,500.0,put,3.705,0.322409526358549,55.697587392376754,784.3650107594514,-0.45026638853010736,0.008097165991902902
0.7397260273972602,505.0,put,3.835,0.31867759446989996,57.573123811079704,784.3650107594514,-0.44031605767693915,0.007822685788787549
0.7397260273972602,510.0,put,3.975,0.31505782552359723,59.548596950065,784.3650107594514,-0.4304637612339276,0.007547169811320817
0.7397260273972602,515.0,put,4.119999999999999,0.3114563650089209,61.58341403195394,784.3650107594514,-0.4207075862885628,0.009708737864077681
0.7397260273972602,520.0,put,4.275,0.30794795551056214,63.71645449840119,784.3650107594514,-0.411045675376826,0.00701754385964918
0.7397260273972602,525.0,put,4.43,0.3043695548882337,65.8696517590101,784.3650107594514,-0.4014762243606752,0.009029345372460505
0.7397260273972602,530.0,put,4.595000000000001,0.3008725123739294,68.12027518711251,784.3650107594514,-0.39199748040613147,0.006528835690968497
0.7397260273972602,535.0,put,4.77,0.29744659365849063,70.46694717230655,784.3650107594514,-0.3826077400562925,0.008385744234800846
0.7397260273972602,540.0,put,4.949999999999999,0.29401365293259873,72.87144571687149,784.3650107594514,-0.3733053473939789,0.00808080808080809
0.7397260273972602,545.0,put,5.135,0.2905716274689351,75.33396112829621,784.3650107594514,-0.364088692289055,0.005842259006816017
0.7397260273972602,550.0,put,5.33,0.2871827971473042,77.89042865147405,784.3650107594514,-0.3549562087257823,0.007504690431519707
0.7397260273972602,555.0,put,5.539999999999999,0.28390116426402257,80.57452773254029,784.3650107594514,-0.3459063732058645,0.007220216606498202
0.7397260273972602,560.0,put,5.75,0.2805330240384482,83.27954228807901,784.3650107594514,-0.3369377032231042,0.006956521739130287
0.7397260273972602,565.0,put,5.98,0.27731566704678134,86.14316553493244,784.3650107594514,-0.328048755805858,0.006688963210702346
0.7397260273972602,570.0,put,6.210000000000001,0.2740063957546581,89.02726995234819,784.3650107594514,-0.3192381261237032,0.0064412238325281855
0.7397260273972602,575.0,put,6.460000000000001,0.2708276915689172,92.064566972935,784.3650107594514,-0.3105044461549485,0.0061919504643962895
0.7397260273972602,580.0,put,6.720000000000001,0.2676580644950481,95.18584834217248,784.3650107594514,-0.301846383411834,0.005952380952380957
0.7397260273972602,585.0,put,6.99,0.26449254569656466,98.3896774282036,784.3650107594514,-0.2932626397204426,0.005722460658082981
0.7397260273972602,590.0,put,7.27,0.26132651940597984,101.67464628570771,784.3650107594514,-0.28475195005253384,0.005502063273727653
0.7397260273972602,595.0,put,7.57,0.25825086299954625,105.09885738342305,784.3650107594514,-0.27631308140666927,0.0052840158520475605
0.7397260273972602,600.0,put,7.880000000000001,0.2551602988186707,108.59854977798763,784.3650107594514,-0.2679448317361526,0.005076142131979699
0.7397260273972602,605.0,put,8.21,0.25214057521620126,112.22879769030763,784.3650107594514,-0.25964602892145755,0.0048721071863582115
0.7397260273972602,610.0,put,8.555,0.24913686256432838,115.95620738233107,784.3650107594514,-0.25141552978494214,0.005844535359439008
0.7397260273972602,615.0,put,8.915,0.24614242774839984,119.77710719660834,784.3650107594514,-0.24325221914578113,0.005608524957935943
0.7397260273972602,620.0,put,9.295,0.24319142676652314,123.7135887902698,784.3650107594514,-0.23515500891316182,0.005379236148466994
0.7397260273972602,625.0,put,9.695,0.2402741997326864,127.75945960606076,784.3650107594514,-0.22712283721589746,0.005157297576070212
0.7397260273972602,630.0,put,10.115,0.23738176975275685,131.90845221135737,784.3650107594514,-0.21915466756672064,0.0049431537320811375
0.7397260273972602,635.0,put,10.555,0.2345057901006902,136.15423864952652,784.3650107594514,-0.21124948805960744,0.004737091425864586
0.7397260273972602,640.0,put,11.02,0.2316740765669589,140.51271932524483,784.3650107594514,-0.20340631059858147,0.0054446460980036755
0.7397260273972602,645.0,put,11.51,0.22887610671251454,144.974749811318,784.3650107594514,-0.19562417015652656,0.00521285838401379
0.7397260273972602,650.0,put,12.02,0.22606865495145964,149.510631253754,784.3650107594514,-0.18790212406261617,0.004991680532445965
0.7397260273972602,655.0,put,12.559999999999999,0.22331049880066015,154.15282695243863,784.3650107594514,-0.1802392513170471,0.004777070063694307
0.7397260273972602,660.0,put,13.129999999999999,0.2205901188182866,158.88908043183693,784.3650107594514,-0.17263465193182784,0.004569687738004608
0.7397260273972602,665.0,put,13.73,0.21789679284160637,163.70697747571162,784.3650107594514,-0.16508744629644487,0.004369992716678842
0.7397260273972602,670.0,put,14.355,0.21519086856631192,168.57731573145406,784.3650107594514,-0.15759677456728732,0.004876349703935931
0.7397260273972602,675.0,put,15.015,0.21252316985182637,173.52164731706355,784.3650107594514,-0.15016179607976915,0.004662004662004681
0.7397260273972602,680.0,put,15.71,0.20988240439652414,178.5242086282353,784.3650107594514,-0.14278168878214664,0.003819223424570369
0.7397260273972602,685.0,put,16.445,0.207285253767445,183.58277382602532,784.3650107594514,-0.1354556486900738,0.004256612952265143
0.7397260273972602,690.0,put,17.205,0.2046401092997772,188.63996228176833,784.3650107594514,-0.12818288936099395,0.004068584713745814
0.7397260273972602,695.0,put,18.015,0.20207097327536083,193.74417185437514,784.3650107594514,-0.12096264138750693,0.003885650846516807
0.7397260273972602,700.0,put,18.865,0.1995126602251587,198.84835965891892,784.3650107594514,-0.1137941519088943,0.003710575139146583
0.7397260273972602,705.0,put,19.759999999999998,0.1969795916155865,203.94255899891635,784.3650107594514,-0.10667668414003038,0.004048582995951511
0.7397260273972602,710.0,put,20.7,0.19446041389564284,209.0037535061276,784.3650107594514,-0.09960951691693798,0.003864734299516826
0.7397260273972602,715.0,put,21.689999999999998,0.19196776783934377,214.01661069809566,784.3650107594514,-0.09259194425829136,0.0073766712770862225
0.7397260273972602,720.0,put,22.735,0.18951271707460393,218.96176543470682,784.3650107594514,-0.08562327494219807,0.007477457664394181
0.7397260273972602,725.0,put,23.83,0.18706029203641292,223.80350631476358,784.3650107594514,-0.07870283209762421,0.007553503986571686
0.7397260273972602,730.0,put,24.985,0.18464372012009458,228.5253512925856,784.3650107594514,-0.07182995280986222,0.0076045627376424944
0.7397260273972602,735.0,put,26.200000000000003,0.18225029845672663,233.09457523068025,784.3650107594514,-0.06500398773946228,0.007633587786259514
0.7397260273972602,740.0,put,27.479999999999997,0.17988905307054767,237.48193076150662,784.3650107594514,-0.05822430075408357,0.0072780203784570344
0.7397260273972602,745.0,put,28.835,0.17758879732251684,241.65786503403476,784.3650107594514,-0.05149026857273954,0.007282816022195278
0.7397260273972602,750.0,put,30.27,0.17535595966772483,245.58477306332134,784.3650107594514,-0.04480128042194287,0.007267922035018132
0.7397260273972602,755.0,put,31.785,0.173176607150974,249.22117311422093,784.3650107594514,-0.03815673770327433,0.00723611766556542
0.7397260273972602,760.0,put,33.375,0.17101797157535292,252.52510748481308,784.3650107594514,-0.031556053671922206,0.008089887640449319
0.9917808219178083,765.0,call,68.25,0.1810897703587835,293.54053577451094,791.7510598145047,-0.03437119016347379,0.05128205128205128
0.9917808219178083,770.0,call,64.145,0.1759624918136562,296.1976381767787,791.7510598145047,-0.027856509142280043,0.026346558578221185
0.9917808219178083,775.0,call,60.980000000000004,0.17383320656750162,298.6765799687168,791.7510598145047,-0.021383994636662528,0.02755001639881928
0.9917808219178083,780.0,call,57.879999999999995,0.1717131827012289,300.80839819559054,791.7510598145047,-0.014953104306372164,0.028680027643400205
0.9917808219178083,785.0,call,54.85,0.169611941268177,302.5647515475865,791.7510598145047,-0.008563306207601101,0.030264357338195016
0.9917808219178083,790.0,call,52.03,0.167983017611897,303.91120796230746,791.7510598145047,-0.002214078528942415,0.0038439361906592896
0.9917808219178083,795.0,call,49.155,0.1659459704900448,304.83025119899094,791.7510598145047,0.004095090664322358,0.003865323975180505
0.9917808219178083,800.0,call,46.355000000000004,0.16392372697562999,305.29058878295075,791.7510598145047,0.010364703677917695,0.004098802718153486
0.9917808219178083,805.0,call,43.644999999999996,0.16195889507360647,305.26526104945,791.7510598145047,0.01659525342855371,0.0043533050750373435
0.9917808219178083,810.0,call,41.019999999999996,0.1600289406395061,304.7297022600487,791.7510598145047,0.022787223676474948,0.004388103364212572
0.9917808219178083,815.0,call,38.480000000000004,0.15812816523040413,303.6609115727433,791.7510598145047,0.02894108925085315,0.00467775467775467
0.9917808219178083,820.0,call,36.040000000000006,0.15630093321978428,302.04204015154295,791.7510598145047,0.03505731626828918,0.004994450610432843
0.9917808219178083,825.0,call,33.68000000000001,0.15447670654742815,299.8516885384538,791.7510598145047,0.04113636234467131,0.005344418052256523
0.9917808219178083,830.0,call,31.44,0.1527853925490556,297.09531310114363,791.7510598145047,0.04717867680063409,0.005725190839694647
0.9917808219178083,835.0,call,29.285,0.15110785055713327,293.752346208821,791.7510598145047,0.0531847008608459,0.005805019634625293
0.9917808219178083,840.0,call,27.235,0.14951024150742684,289.8355182802273,791.7510598145047,0.05915486784734967,0.006976317238846988
0.9917808219178083,845.0,call,25.295,0.14801093853948133,285.36261304036736,791.7510598145047,0.06508960336716436,0.006720695789681682
0.9917808219178083,850.0,call,23.465,0.14661326604382557,280.35726558319163,791.7510598145047,0.0709893254943526,0.006392499467291651
0.9917808219178083,855.0,call,21.715,0.14521336889199962,274.7954732082271,791.7510598145047,0.07685444494675063,0.007828689845728837
0.9917808219178083,860.0,call,20.1,0.1440160709615455,268.8129346822385,791.7510598145047,0.08268536525754377,0.006965174129353262
0.9917808219178083,865.0,call,18.564999999999998,0.14282772640252234,262.3441683305815,791.7510598145047,0.08848248294186982,0.008079719903043478
0.9917808219178083,870.0,call,17.145,0.14178884205063677,255.52479830513442,791.7510598145047,0.09424618765861985,0.00758238553514159
0.9917808219178083,875.0,call,15.815000000000001,0.1408153583725067,248.34781597234974,791.7510598145047,0.09997686236760482,0.008220044261776843
0.9917808219178083,880.0,call,14.57,0.1398976779231421,240.85169472728876,791.7510598145047,0.1056748834822425,0.004118050789293102
0.9917808219178083,885.0,call,13.415,0.13906891544157157,233.11996175779686,791.7510598145047,0.11134062101792,0.005218039508013307
0.9917808219178083,890.0,call,12.34,0.13830117852950183,225.17900785438698,791.7510598145047,0.11697443873617595,0.004862236628849167
0.9917808219178083,895.0,call,11.350000000000001,0.1376324833980713,217.12860289022132,791.7510598145047,0.12257669428484574,0.005286343612334845
0.9917808219178083,900.0,call,10.42,0.13696391141004713,208.8980419539832,791.7510598145047,0.12814773933430107,0.005758157389635194
0.9917808219178083,905.0,call,9.57,0.1364051518535173,200.67917034263297,791.7510598145047,0.1336879197099166,0.00626959247648908
0.9917808219178083,910.0,call,8.77,0.13582519977215757,192.33741215895034,791.7510598145047,0.13919757552088613,0.006841505131128906
0.9917808219178083,915.0,call,8.04,0.13534134129303174,184.0860286252842,791.7510598145047,0.14467704128551168,0.007462686567164241
0.9917808219178083,920.0,call,7.359999999999999,0.13486554228016348,175.8343159581841,791.7510598145047,0.1501266460530765,0.008152173913043426
0.9917808219178083,925.0,call,6.73,0.13441175770031097,167.6385639860618,791.7510598145047,0.15554671352241564,0.008915304606240654
0.9917808219178083,930.0,call,6.145,0.13396538126347374,159.50686947816052,791.7510598145047,0.16093756215729202,0.008136696501220475
0.9917808219178083,935.0,call,5.615,0.13360751944136506,151.6117802335423,791.7510598145047,0.16629950529867735,0.008904719501335676
0.9917808219178083,940.0,call,5.125,0.1332628010939184,143.85288202288942,791.7510598145047,0.17163285127404007,0.009756097560975749
0.9917808219178083,945.0,call,4.67,0.13291155263949336,136.21802388018853,791.7510598145047,0.1769379035037332,0.00856531049250536
0.9917808219178083,950.0,call,4.255000000000001,0.13260675049323994,128.82520430877864,791.7510598145047,0.1822149606045769,0.011750881316098664
0.9917808219178083,955.0,call,3.88,0.1323724493270317,121.73946364756695,791.7510598145047,0.1874643164907206,0.010309278350515474
0.9917808219178083,960.0,call,3.53,0.13210680910604114,114.78812696498146,791.7510598145047,0.1926862604718724,0.01133144475920681
0.9917808219178083,965.0,call,3.22,0.13195878616752565,108.26061826035993,791.7510598145047,0.19788107734897634,0.012422360248447215
0.9917808219178083,970.0,call,2.93,0.13177078917147908,101.87381167275933,791.7510598145047,0.20304904750741887,0.013651877133105813
0.9917808219178083,975.0,call,2.67,0.13165574906897268,95.84381240869972,791.7510598145047,0.20819044700783768,0.014981273408239714
0.9917808219178083,980.0,call,2.44,0.1316444795965988,90.22831974681714,791.7510598145047,0.21330554767460805,0.016393442622950834
0.9917808219178083,985.0,call,2.22,0.1315374150001102,84.66663753371101,791.7510598145047,0.21839461718207928,0.018018018018018032
0.9917808219178083,990.0,call,2.03,0.13158293043892177,79.60447393499224,791.7510598145047,0.22345791913862598,0.019704433497536967
0.9917808219178083,995.0,call,1.85,0.1315600366453973,74.64656207410763,791.7510598145047,0.22849571316858325,0.02162162162162164
0.9917808219178083,1000.0,call,1.6949999999999998,0.13168459325185963,70.16259921425751,791.7510598145047,0.2335082549921275,0.017699115044247805
0.9917808219178083,1005.0,call,1.55,0.13177394038224682,65.83205749395547,791.7510598145047,0.23849579650316652,0.025806451612903247
0.9917808219178083,1010.0,call,1.4249999999999998,0.1319974710725202,61.927334182157054,791.7510598145047,0.24345858584529548,0.02105263157894739
0.9917808219178083,1015.0,call,1.3050000000000002,0.1321381961005539,58.0872439984954,791.7510598145047,0.2483968674858782,0.022988505747126454
0.9917808219178083,1020.0,call,1.19,0.1321929262860668,54.31229811131783,791.7510598145047,0.25331088228830717,0.016806722689075647
0.9917808219178083,1025.0,call,1.105,0.13264835962566407,51.32635510090536,791.7510598145047,0.25820086758249894,0.02714932126696835
0.9917808219178083,1030.0,call,1.0150000000000001,0.13286929814088572,48.16060092374582,791.7510598145047,0.2630670572336718,0.02955665024630544
0.9917808219178083,1035.0,call,0.94,0.13326280859894216,45.4043831150705,791.7510598145047,0.2679096817094599,0.021276595744680753
0.9917808219178083,1040.0,call,0.87,0.13364006324961764,42.77463885825993,791.7510598145047,0.27272896814540876,0.022988505747126457
0.9917808219178083,1045.0,call,0.8,0.1338844440568953,40.11570904762657,791.7510598145047,0.27752514040890175,0.025000000000000022
0.9917808219178083,1050.0,call,0.75,0.13450988712686446,38.083203877972636,791.7510598145047,0.28229841916155957,0.02666666666666669
0.9917808219178083,1055.0,call,0.6950000000000001,0.13489901883550584,35.87342881568001,791.7510598145047,0.2870490219201573,0.04316546762589916
0.9917808219178083,1060.0,call,0.65,0.13546018531244022,33.98856875727359,791.7510598145047,0.29177716311610324,0.030769230769230795
0.9917808219178083,1065.0,call,0.61,0.13607702835791244,32.270211048056055,791.7510598145047,0.29648305415351583,0.03278688524590167
0.9917808219178083,1070.0,call,0.5700000000000001,0.1366030314571082,30.546062365345477,791.7510598145047,0.3011669034659423,0.035087719298245446
0.9917808219178083,1075.0,call,0.54,0.13737486799065873,29.17764713936933,791.7510598145047,0.3058289165717536,0.03703703703703707
0.9917808219178083,1080.0,call,0.51,0.13807677578055522,27.810510267761952,791.7510598145047,0.31046929612825575,0.03921568627450984
0.9917808219178083,1090.0,call,0.45,0.13925024154793894,25.07215462332601,791.7510598145047,0.31968595123317983,0.04444444444444448
0.9917808219178083,1100.0,call,0.41000000000000003,0.14095259173234875,23.09870698976809,791.7510598145047,0.3288184347964523,0.04878048780487795
0.9917808219178083,1110.0,call,0.37,0.14243380007009682,21.138265918233976,791.7510598145047,0.3378682703163703,0.054054054054054106
0.9917808219178083,1120.0,call,0.33,0.14366559073129467,19.181871996003228,791.7510598145047,0.3468369402991306,0.060606060606060656
0.9917808219178083,1140.0,call,0.28,0.14709888554027928,16.525347975651787,791.7510598145047,0.3645365173985315,0.07142857142857129
0.9917808219178083,1150.0,call,0.26,0.14887827185618152,15.428225055818547,791.7510598145047,0.37327019736728617,0.07692307692307698
0.9917808219178083,1160.0,call,0.27,0.15251438457963906,15.611166604951578,791.7510598145047,0.38192826011040065,0.07407407407407414
0.9917808219178083,1180.0,call,0.2,0.15327872363691786,12.200698997010404,791.7510598145047,0.39902269346970093,0.09999999999999995
0.9917808219178083,1190.0,call,0.185,0.154819776644946,11.360970978633318,791.7510598145047,0.4074615621155655,0.16216216216216217
0.9917808219178083,1240.0,call,0.12,0.1612818133809564,7.704741749766429,791.7510598145047,0.448619634609073,0.1666666666666667
0.9917808219178083,470.0,put,4.27,0.32459982684926086,63.19787142662263,791.7510598145047,-0.5215143292859052,0.009367681498829048
0.9917808219178083,480.0,put,4.57,0.3179831636531355,67.34855568181351,791.7510598145047,-0.500460920088073,0.008752735229759306
0.9917808219178083,490.0,put,4.9,0.3115940576367103,71.80182247223819,791.7510598145047,-0.47984163288533727,0.008163265306122455
0.9917808219178083,495.0,put,5.07,0.30838478977617334,74.09309728445267,791.7510598145047,-0.46968926142131934,0.00788954635108482
0.9917808219178083,500.0,put,5.255,0.30531774205984524,76.51446525215061,791.7510598145047,-0.4596389255678178,0.005708848715508918
0.9917808219178083,505.0,put,5.4399999999999995,0.3021883864795711,78.95328981760032,791.7510598145047,-0.44968859471464984,0.007352941176470595
0.9917808219178083,510.0,put,5.630000000000001,0.29906220755411567,81.4470698515374,791.7510598145047,-0.4398362982716381,0.007104795737122563
0.9917808219178083,515.0,put,5.83,0.29599687387203305,84.03140344522227,791.7510598145047,-0.43008012332627354,0.006861063464837056
0.9917808219178083,520.0,put,6.039999999999999,0.29298522509278946,86.70480518254702,791.7510598145047,-0.42041821241453653,0.006622516556291398
0.9917808219178083,525.0,put,6.26,0.2900205846973085,89.46575152779748,791.7510598145047,-0.4108487613983858,0.006389776357827482
0.9917808219178083,530.0,put,6.49,0.28709673814598324,92.3126926077011,791.7510598145047,-0.4013700174438421,0.006163328197226508
0.9917808219178083,535.0,put,6.725,0.2841554027821618,95.21066300365119,791.7510598145047,-0.39198027709400296,0.007434944237918189
0.9917808219178083,540.0,put,6.970000000000001,0.2812469251204268,98.192647896376,791.7510598145047,-0.38267788443168954,0.0057388809182209516
0.9917808219178083,545.0,put,7.225,0.27836616102144734,101.25711007518353,791.7510598145047,-0.37346122932676545,0.006920415224913471
0.9917808219178083,550.0,put,7.494999999999999,0.275556211444729,104.43416031375764,791.7510598145047,-0.364328745763493,0.006671114076050678
0.9917808219178083,555.0,put,7.775,0.2727618618588969,107.68938782369692,791.7510598145047,-0.35527891024357505,0.006430868167202549
0.9917808219178083,560.0,put,8.065,0.2699791331905979,111.0212416576107,791.7510598145047,-0.3463102402608147,0.00619962802231875
0.9917808219178083,565.0,put,8.365,0.26720432714119824,114.428186130837,791.7510598145047,-0.33742129284356864,0.00597728631201443
0.9917808219178083,570.0,put,8.685,0.26451879214263585,117.96690185083406,791.7510598145047,-0.3286106631614138,0.005757052389176823
0.9917808219178083,575.0,put,9.015,0.2618295319407526,121.57505203426494,791.7510598145047,-0.3198769831926591,0.005546311702717574
0.9917808219178083,580.0,put,9.355,0.2591338437963008,125.25113370793795,791.7510598145047,-0.31121892044954463,0.005344735435596014
0.9917808219178083,585.0,put,9.715,0.25650670638101714,129.04777008926925,791.7510598145047,-0.3026351767581531,0.005146680391147783
0.9917808219178083,590.0,put,10.085,0.25386376630401675,132.90664038261326,791.7510598145047,-0.29412448709024436,0.004957858205255223
0.9917808219178083,595.0,put,10.48,0.25131265881880577,136.90318013410305,791.7510598145047,-0.28568561844437984,0.005725190839694703
0.9917808219178083,600.0,put,10.885,0.24873567901955287,140.95479986360843,791.7510598145047,-0.27731736877386315,0.004593477262287617
0.9917808219178083,605.0,put,11.309999999999999,0.24620037747432677,145.10840052428475,791.7510598145047,-0.2690185659591681,0.005305039787798453
0.9917808219178083,610.0,put,11.75,0.2436661221057531,149.33476345410344,791.7510598145047,-0.2607880668226526,0.005106382978723296
0.9917808219178083,615.0,put,12.219999999999999,0.24122668789946794,153.69819234745134,791.7510598145047,-0.2526247561834917,0.0049099836333879295
0.9917808219178083,620.0,put,12.7,0.23874380772787965,158.10074565735897,791.7510598145047,-0.2445275459508723,0.0047244094488189375
0.9917808219178083,625.0,put,13.205,0.23630929802788792,162.60435956675667,791.7510598145047,-0.23649537425360814,0.00530102234002274
0.9917808219178083,630.0,put,13.73,0.23388522686662044,167.1804384244667,791.7510598145047,-0.22852720460443118,0.004369992716678842
0.9917808219178083,635.0,put,14.285,0.23152474016236818,171.8619716149622,791.7510598145047,-0.220622025097318,0.004900245012250632
0.9917808219178083,640.0,put,14.855,0.2291334892867515,176.58207333084462,791.7510598145047,-0.21277884763629204,0.004712218108381036
0.9917808219178083,645.0,put,15.455,0.2267921644519572,181.39073735138436,791.7510598145047,-0.20499670719423715,0.004529278550630882
0.9917808219178083,650.0,put,16.085,0.2244923515022711,186.27701739937334,791.7510598145047,-0.1972746611003268,0.004351880634131195
0.9917808219178083,655.0,put,16.745,0.22222620158357223,191.22988633184667,791.7510598145047,-0.18961178835475762,0.004180352343983295
0.9917808219178083,660.0,put,17.425,0.21993542826835513,196.20741473772034,791.7510598145047,-0.18200718896953835,0.004017216642754679
0.9917808219178083,665.0,put,18.14,0.21769155053539876,201.24719062249324,791.7510598145047,-0.17445998333415538,0.004410143329658119
0.9917808219178083,670.0,put,18.880000000000003,0.2154377027779436,206.30798020424623,791.7510598145047,-0.16696931160499787,0.0042372881355933175
0.9917808219178083,675.0,put,19.66,0.21324050419419727,211.41987022690918,791.7510598145047,-0.15953433311747972,0.004069175991861561
0.9917808219178083,680.0,put,20.465000000000003,0.2110215206764878,216.53014487346687,791.7510598145047,-0.15215422581985724,0.004397752259956015
0.9917808219178083,685.0,put,21.310000000000002,0.208844686373627,221.66383658731115,791.7510598145047,-0.14482818572778428,0.0037541060534960974
0.9917808219178083,690.0,put,22.185000000000002,0.2066577079655567,226.78346180274772,791.7510598145047,-0.13755542639870455,0.004056795131845835
0.9917808219178083,695.0,put,23.104999999999997,0.20452050550358367,231.9066086986941,791.7510598145047,-0.13033517842521744,0.003895260766067945
0.9917808219178083,700.0,put,24.064999999999998,0.2024032417191624,237.00538669676945,791.7510598145047,-0.12316668894660496,0.0037398711822148292
0.9917808219178083,705.0,put,25.060000000000002,0.20027840404919978,242.05497259625253,791.7510598145047,-0.11604922117774093,0.0039904229848363075
0.9917808219178083,710.0,put,26.105,0.19820147929494533,247.06324451616484,791.7510598145047,-0.10898205395464854,0.008044435931813861
0.9917808219178083,715.0,put,27.189999999999998,0.19612418554461244,251.99543200291242,791.7510598145047,-0.10196448129600193,0.008091210003677912
0.9917808219178083,720.0,put,28.325000000000003,0.19407964626542945,256.84650301049317,791.7510598145047,-0.09499581197990853,0.008120035304501338
0.9917808219178083,725.0,put,29.505000000000003,0.19204104770619337,261.5897440973789,791.7510598145047,-0.08807536913533481,0.0077952889340789835
0.9917808219178083,730.0,put,30.740000000000002,0.19003968476189123,266.21495464211915,791.7510598145047,-0.08120248984757272,0.007807417046193833
0.9917808219178083,735.0,put,32.025,0.18804920785647258,270.69466282698204,791.7510598145047,-0.07437652477717292,0.0078064012490242
0.9917808219178083,740.0,put,33.36,0.18606306253636834,275.00729071808115,791.7510598145047,-0.06759683779179411,0.007793764988009746
0.9917808219178083,745.0,put,34.765,0.18414661734524748,279.1421632322958,791.7510598145047,-0.0608628056104501,0.007766431756076399
0.9917808219178083,750.0,put,36.230000000000004,0.18225550514510636,283.0663603638398,791.7510598145047,-0.05417381745965343,0.007728401876897433
0.9917808219178083,755.0,put,37.775000000000006,0.18045246101714968,286.7619599686561,791.7510598145047,-0.047529274740984916,0.007677035076108514
0.9917808219178083,760.0,put,39.379999999999995,0.1786594393897385,290.1938532412892,791.7510598145047,-0.040928590709632805,0.007618080243778677
1.336986301369863,765.0,call,83.025,0.18480247696293142,336.9349016896597,801.4311408392325,-0.04652322166801152,0.05962059620596209
1.336986301369863,770.0,call,79.68,0.18256668229585685,340.0271299505519,801.4311408392325,-0.04000854064681783,0.05823293172690763
1.336986301369863,775.0,call,76.60499999999999,0.1809865438050426,342.91320847553555,801.4311408392325,-0.03353602614120038,0.06252855557731228
1.336986301369863,780.0,call,73.435,0.17898616563280564,345.5291386109793,801.4311408392325,-0.02710513581090997,0.04371212637025952
1.336986301369863,785.0,call,70.41,0.17726075395046245,347.87514032667457,801.4311408392325,-0.020715337712138973,0.04573214032097712
1.336986301369863,790.0,call,67.43,0.17551546388386471,349.92648159663474,801.4311408392325,-0.014366110033480237,0.048346433338276804
1.336986301369863,795.0,call,64.565,0.17394607863779626,351.6626965802717,801.4311408392325,-0.008056940840215528,0.049097808410129465
1.336986301369863,800.0,call,61.17,0.17072010492017337,353.10110687119254,801.4311408392325,-0.0017873278266201437,0.023867909105770815
1.336986301369863,805.0,call,59.045,0.17093198427345288,354.123567342062,801.4311408392325,0.004443221924016029,0.015073249216699136
1.336986301369863,810.0,call,56.315,0.16926922809381545,354.8207798796528,801.4311408392325,0.010635192171937096,0.0158039598685963
1.336986301369863,815.0,call,53.655,0.16764003004043015,355.138143883271,801.4311408392325,0.016789057746315342,0.016587456900568457
1.336986301369863,820.0,call,51.065,0.16604111497291477,355.06053540987386,801.4311408392325,0.02290528476375142,0.01742876725741703
1.336986301369863,825.0,call,48.545,0.1644694650053224,354.5739560887632,801.4311408392325,0.028984330840133594,0.018333504995365135
1.336986301369863,830.0,call,46.099999999999994,0.16293644721488296,353.6663877177862,801.4311408392325,0.035026645296096205,0.019088937093275547
1.336986301369863,835.0,call,43.724999999999994,0.16142550015638082,352.32637533506795,801.4311408392325,0.04103266935630807,0.01989708404802739
1.336986301369863,840.0,call,41.425,0.15994864417490823,350.54572583321396,801.4311408392325,0.047002836342811875,0.02100181050090519
1.336986301369863,845.0,call,39.205,0.15851849766052856,348.3201533529316,801.4311408392325,0.05293757186262641,0.022191047060323873
1.336986301369863,850.0,call,37.06,0.15711954554951324,345.64417561164686,801.4311408392325,0.058837293989814694,0.023205612520237437
1.336986301369863,855.0,call,35.0,0.15578003032082632,342.5235979228011,801.4311408392325,0.06470241344221277,0.024571428571428557
1.336986301369863,860.0,call,33.019999999999996,0.15448556063189037,338.9595992589505,801.4311408392325,0.07053333375300595,0.025439127801332416
1.336986301369863,865.0,call,31.115000000000002,0.153221730496585,334.9532475799994,801.4311408392325,0.07633045143733184,0.026675237023943494
1.336986301369863,870.0,call,29.29,0.15200419151810357,330.51854704059264,801.4311408392325,0.08209415615408192,0.027995903038579732
1.336986301369863,875.0,call,27.549999999999997,0.15085000413115593,325.6776082208541,801.4311408392325,0.08782483086306693,0.029038112522686055
1.336986301369863,880.0,call,25.89,0.1497467437936249,320.4430425312461,801.4311408392325,0.09352285197770485,0.030127462340672116
1.336986301369863,885.0,call,24.310000000000002,0.14869771301730558,314.837690030748,801.4311408392325,0.09918858951338219,0.03126285479226662
1.336986301369863,890.0,call,22.805,0.14769091507800214,308.8766130125875,801.4311408392325,0.10482240723163819,0.0328875246656435
1.336986301369863,895.0,call,21.38,0.14674704679352735,302.6015665245059,801.4311408392325,0.11042466278030803,0.03367633302151538
1.336986301369863,900.0,call,20.020000000000003,0.1458216300214246,296.0022123564511,801.4311408392325,0.1159957078297634,0.034965034965034926
1.336986301369863,905.0,call,18.744999999999997,0.14498765725285703,289.17617218818043,801.4311408392325,0.12153588820537875,0.03680981595092032
1.336986301369863,910.0,call,17.509999999999998,0.14409539160087703,281.9984254098566,801.4311408392325,0.12704554401634835,0.03540833809251862
1.336986301369863,915.0,call,16.42,0.14352578897966062,274.93517448219563,801.4311408392325,0.13252500978097392,0.020706455542021912
1.336986301369863,920.0,call,15.344999999999999,0.1428233250820096,267.5011759199084,801.4311408392325,0.1379746145485386,0.021505376344086027
1.336986301369863,925.0,call,14.335,0.14217347797720484,259.9402082256531,801.4311408392325,0.14339468201787778,0.02302057900244158
1.336986301369863,930.0,call,13.39,0.14158582079519857,252.30189870246463,801.4311408392325,0.1487855306527542,0.023898431665421976
1.336986301369863,935.0,call,12.5,0.14103054696397826,244.57794070535897,801.4311408392325,0.15414747379413957,0.025600000000000022
1.336986301369863,940.0,call,11.665,0.14051641196574663,236.81236934838984,801.4311408392325,0.15948081976950215,0.026575225032147494
1.336986301369863,945.0,call,10.875,0.14000984606836978,228.9797982988406,801.4311408392325,0.1647858719991953,0.028505747126436665
1.336986301369863,950.0,call,10.14,0.1395630633954516,221.1949152478482,801.4311408392325,0.17006292910003906,0.02958579881656794
1.336986301369863,955.0,call,9.45,0.13914224039456183,213.42897983648086,801.4311408392325,0.1753122849861828,0.03174603174603163
1.336986301369863,960.0,call,8.805,0.13875705759919588,205.72472370892112,801.4311408392325,0.18053422896733445,0.032935831913685314
1.336986301369863,965.0,call,8.195,0.13836815872738553,198.03143025068346,801.4311408392325,0.18572904584443845,0.03538743136058562
1.336986301369863,970.0,call,7.63,0.13803481406394016,190.48319390691984,801.4311408392325,0.1908970160028812,0.03669724770642194
1.336986301369863,980.0,call,6.605,0.13742315877655586,175.68829471732528,801.4311408392325,0.20115351617007027,0.04087812263436797
1.336986301369863,985.0,call,6.14,0.13713562197806656,168.45640012647135,801.4311408392325,0.20624258567754153,0.04234527687296414
1.336986301369863,990.0,call,5.715,0.13692468868591945,161.4892444537675,801.4311408392325,0.21130588763408825,0.043744531933508315
1.336986301369863,995.0,call,5.315,0.136711651137669,154.6370867661796,801.4311408392325,0.2163436816640454,0.047036688617121354
1.336986301369863,1000.0,call,5.01,0.13697588383042963,148.9266518656881,801.4311408392325,0.22135622348758968,0.035928143712574794
1.336986301369863,1005.0,call,4.665,0.13683989411270772,142.51058350380757,801.4311408392325,0.22634376499862874,0.040728831725616185
1.336986301369863,1010.0,call,4.34,0.13669678669960203,136.22463938377683,801.4311408392325,0.23130655434075775,0.04147465437788012
1.336986301369863,1015.0,call,4.035,0.13655364750343107,130.09025336271932,801.4311408392325,0.2362448359813403,0.042131350681536534
1.336986301369863,1020.0,call,3.765,0.13653940680201324,124.3864078682037,801.4311408392325,0.24115885078376936,0.04515272244355908
1.336986301369863,1025.0,call,3.505,0.13647014282719183,118.72581200172684,801.4311408392325,0.24604883607796113,0.04850213980028529
1.336986301369863,1030.0,call,3.3049999999999997,0.13678589900642985,114.03494868050723,801.4311408392325,0.25091502572913404,0.06959152798789713
1.336986301369863,1035.0,call,3.05,0.13649010723850877,108.22634961380564,801.4311408392325,0.255757650204922,0.052459016393442526
1.336986301369863,1040.0,call,2.8449999999999998,0.1365144918160999,103.25153423283439,801.4311408392325,0.2605769366408709,0.05272407732864672
1.336986301369863,1045.0,call,2.6550000000000002,0.1365608267284341,98.48483471611253,801.4311408392325,0.26537310890436394,0.056497175141242896
1.336986301369863,1050.0,call,2.48,0.13664003240878017,93.94610563009256,801.4311408392325,0.2701463876570216,0.05645161290322568
1.336986301369863,1055.0,call,2.3200000000000003,0.13676449167411703,89.65602991970046,801.4311408392325,0.2748969904156194,0.06034482758620694
1.336986301369863,1060.0,call,2.165,0.1368311883722606,85.40837053307095,801.4311408392325,0.2796251316115653,0.06004618937644337
1.336986301369863,1065.0,call,2.025,0.13696147264038527,81.43877631844144,801.4311408392325,0.28433102264897814,0.06419753086419748
1.336986301369863,1070.0,call,1.9300000000000002,0.13755606977086984,78.49172400876598,801.4311408392325,0.2890148719614045,0.09326424870466317
1.336986301369863,1075.0,call,1.74,0.13680392407084657,73.17641009076694,801.4311408392325,0.29367688506721584,0.09195402298850583
1.336986301369863,1080.0,call,1.63,0.13698837802906533,69.76117027110568,801.4311408392325,0.29831726462371805,0.08588957055214719
1.336986301369863,1085.0,call,1.53,0.137219879701882,66.56622792478869,801.4311408392325,0.30293621048001257,0.09150326797385629
1.336986301369863,1090.0,call,1.44,0.13751174448153744,63.605632562728026,801.4311408392325,0.307533919728642,0.09722222222222215
1.336986301369863,1100.0,call,1.27,0.1379920194635703,57.875113558712826,801.4311408392325,0.31666640329191453,0.09448818897637803
1.336986301369863,1105.0,call,1.2,0.13836293520278864,55.39961600736481,801.4311408392325,0.3212015584573058,0.10000000000000009
1.336986301369863,1110.0,call,1.135,0.138750554665334,53.0546254246306,801.4311408392325,0.3257162388118324,0.09691629955947126
1.336986301369863,1120.0,call,0.995,0.13908845999026048,48.004480772497914,801.4311408392325,0.3346849087945928,0.07035175879396992
1.336986301369863,1135.0,call,0.865,0.14074836090357146,42.827763353681355,801.4311408392325,0.3479888744209556,0.10404624277456656
1.336986301369863,1140.0,call,0.8200000000000001,0.14114940437375387,41.04012058698567,801.4311408392325,0.3523844858939937,0.09756097560975605
1.336986301369863,1150.0,call,0.745,0.14214878192825406,37.94724553769895,801.4311408392325,0.36111816586274825,0.12080536912751688
1.336986301369863,1160.0,call,0.685,0.14334945653088824,35.35938428800683,801.4311408392325,0.369776228605863,0.13138686131386856
1.336986301369863,1180.0,call,0.5800000000000001,0.14567513611783203,30.718960194444122,801.4311408392325,0.38687066196516307,0.13793103448275854
1.336986301369863,1200.0,call,0.5,0.14820133129305174,27.006462156578205,801.4311408392325,0.4036777802815443,0.16000000000000003
1.336986301369863,1240.0,call,0.44,0.15594515888564642,23.503833949225868,801.4311408392325,0.4364676031045351,0.090909090909091
1.336986301369863,1250.0,call,0.37,0.15519488751621904,20.55192109745379,801.4311408392325,0.4444997748017995,0.21621621621621612
1.336986301369863,465.0,put,5.675,0.308083460281473,82.84329992148132,801.4311408392325,-0.5443616499071912,0.029955947136563865
1.336986301369863,470.0,put,5.87,0.30527992524540914,85.39687768707056,801.4311408392325,-0.5336663607904432,0.030664395229982915
1.336986301369863,475.0,put,6.075,0.3025414658982888,88.03952781455654,801.4311408392325,-0.5230842514599062,0.03127572016460897
1.336986301369863,480.0,put,6.279999999999999,0.2997512343258769,90.69772053688801,801.4311408392325,-0.5126129515926109,0.03184713375796182
1.336986301369863,490.0,put,6.725,0.29439310295336435,96.31103922860098,801.4311408392325,-0.491993664389875,0.0312267657992565
1.336986301369863,495.0,put,6.96,0.2917600824051708,99.22748990344606,801.4311408392325,-0.48184129292585703,0.028735632183907945
1.336986301369863,500.0,put,7.205,0.2891690111053775,102.22697222007558,801.4311408392325,-0.47179095707235563,0.029146426092990972
1.336986301369863,505.0,put,7.525,0.28723098447531026,105.74062362988407,801.4311408392325,-0.4618406262191876,0.011960132890365429
1.336986301369863,510.0,put,7.720000000000001,0.28404745330851433,108.43561200173716,801.4311408392325,-0.451988329776176,0.028497409326424836
1.336986301369863,515.0,put,7.99,0.2815108904346849,111.64258182893543,801.4311408392325,-0.4422321548308113,0.027534418022528127
1.336986301369863,520.0,put,8.27,0.2790012834698698,114.92713350451322,801.4311408392325,-0.4325702439190744,0.026602176541717128
1.336986301369863,525.0,put,8.565,0.2765571399427681,118.3188246706727,801.4311408392325,-0.4230007929029237,0.026853473438412195
1.336986301369863,530.0,put,8.870000000000001,0.2741303081133548,121.78369465532117,801.4311408392325,-0.41352204894837996,0.02480270574971822
1.336986301369863,535.0,put,9.185,0.27171766917777646,125.32011495113616,801.4311408392325,-0.40413230859854077,0.025040827436037062
1.336986301369863,540.0,put,9.515,0.2693551033086333,128.95585841846636,801.4311408392325,-0.3948299159362273,0.024172359432475084
1.336986301369863,545.0,put,9.855,0.2669989821208591,132.65872078357546,801.4311408392325,-0.3856132608313033,0.02333840690005078
1.336986301369863,550.0,put,10.21,0.2646835649458765,136.45525575865204,801.4311408392325,-0.3764807772680308,0.023506366307541646
1.336986301369863,555.0,put,10.575,0.26236797402580553,140.31449201952478,801.4311408392325,-0.3674309417481129,0.023640661938534282
1.336986301369863,560.0,put,10.955,0.2600849135756922,144.2617480502455,801.4311408392325,-0.3584622717653525,0.022820629849383843
1.336986301369863,565.0,put,11.345,0.25779602340755225,148.26732526799202,801.4311408392325,-0.3495733243481065,0.022036139268400173
1.336986301369863,570.0,put,11.755,0.2555653331395689,152.38088545706597,801.4311408392325,-0.3407626946659516,0.021267545725223307
1.336986301369863,575.0,put,12.18,0.25335415826437246,156.57207139614866,801.4311408392325,-0.33202901469719703,0.021346469622331676
1.336986301369863,580.0,put,12.620000000000001,0.25115875303607366,160.8374123904721,801.4311408392325,-0.32337095195408233,0.020602218700475416
1.336986301369863,585.0,put,13.075,0.24897562634289044,165.17344153059312,801.4311408392325,-0.31478720826269085,0.020650095602294558
1.336986301369863,590.0,put,13.55,0.24683100432942418,169.59961594095245,801.4311408392325,-0.3062765185947822,0.020664206642066373
1.336986301369863,595.0,put,14.04,0.24469084395495214,174.08820510045715,801.4311408392325,-0.29783764994891765,0.019943019943019898
1.336986301369863,600.0,put,14.55,0.2425803715865298,178.65730283697337,801.4311408392325,-0.289469400278401,0.01924398625429549
1.336986301369863,605.0,put,15.075,0.24046760126702044,183.28053756417333,801.4311408392325,-0.28117059746370593,0.019237147595356614
1.336986301369863,610.0,put,15.625,0.23840338086348384,187.99479561759077,801.4311408392325,-0.2729400983271905,0.018559999999999945
1.336986301369863,615.0,put,16.195,0.2363556181222759,192.77299292362756,801.4311408392325,-0.2647767876880296,0.019141710404445955
1.336986301369863,620.0,put,16.785,0.2343204762227793,197.60959201995712,801.4311408392325,-0.2566795774554102,0.018468871015788042
1.336986301369863,625.0,put,17.395,0.232294363382239,202.49905083810717,801.4311408392325,-0.24864740575814584,0.01782121299223928
1.336986301369863,630.0,put,18.03,0.2302980141919688,207.45317371149892,801.4311408392325,-0.240679236108969,0.017748197448696632
1.336986301369863,635.0,put,18.685000000000002,0.2283030288355417,212.44764277939586,801.4311408392325,-0.2327740566018557,0.01766122558201776
1.336986301369863,640.0,put,19.369999999999997,0.22635246991902744,217.50877101816639,801.4311408392325,-0.22493087914082985,0.01755291688177594
1.336986301369863,645.0,put,20.08,0.2244179695588681,222.6115083686783,801.4311408392325,-0.2171487386987749,0.016932270916334657
1.336986301369863,650.0,put,20.810000000000002,0.22247357261708503,227.73362756423842,801.4311408392325,-0.20942669260486463,0.016338298894762127
1.336986301369863,655.0,put,21.575,0.22058138463468024,232.91097729284252,801.4311408392325,-0.2017638198592955,0.016222479721900412
1.336986301369863,660.0,put,22.36,0.21867200158389674,238.09225523678685,801.4311408392325,-0.19415922047407622,0.01610017889087654
1.336986301369863,665.0,put,23.174999999999997,0.21678458739188194,243.2966417201473,801.4311408392325,-0.18661201483869333,0.01596548004314999
1.336986301369863,670.0,put,24.025,0.2149348032468749,248.52599116473596,801.4311408392325,-0.1791213431095356,0.015400624349635838
1.336986301369863,675.0,put,24.895,0.21305809629896227,253.73523662438924,801.4311408392325,-0.17168636462201753,0.014862422173127032
1.336986301369863,680.0,put,25.810000000000002,0.21124948293760562,258.9703694087926,801.4311408392325,-0.164306257324395,0.014722975590856217
1.336986301369863,685.0,put,26.745,0.2094071108919898,264.1669465547412,801.4311408392325,-0.15698021723232208,0.014582164890633784
1.336986301369863,690.0,put,27.72,0.2076039672464675,269.3551114003269,801.4311408392325,-0.14970745790324233,0.014430014430014508
1.336986301369863,695.0,put,28.73,0.20581637000238223,274.5125361346392,801.4311408392325,-0.14248720992975528,0.013922728854855501
1.336986301369863,700.0,put,29.784999999999997,0.2040759477441566,279.64268033255587,801.4311408392325,-0.13531872045114274,0.013765318113144206
1.336986301369863,705.0,put,30.869999999999997,0.2023241906501657,284.70849661996533,801.4311408392325,-0.12820125268227878,0.013605442176870689
1.336986301369863,710.0,put,31.995,0.2005928961254479,289.7128262557985,801.4311408392325,-0.12113408545918634,0.026566651039224922
1.336986301369863,715.0,put,33.185,0.19896253820063636,294.67109530056837,801.4311408392325,-0.11411651280053968,0.025011300286273866
1.336986301369863,720.0,put,34.355000000000004,0.1971410553100625,299.471111395947,801.4311408392325,-0.10714784348444636,0.025323824770775646
1.336986301369863,725.0,put,35.620000000000005,0.1955120999738862,304.2279240315708,801.4311408392325,-0.1002274006398726,0.025266704098820845
1.336986301369863,730.0,put,36.875,0.19372353922434238,308.82196030778465,801.4311408392325,-0.09335452135211057,0.027389830508474714
1.336986301369863,735.0,put,38.265,0.192241690168627,313.36061287108083,801.4311408392325,-0.08652855628171072,0.02430419443355546
1.336986301369863,740.0,put,39.665,0.19065693462067895,317.72272806281916,801.4311408392325,-0.07974886929633197,0.023950586159082386
1.336986301369863,745.0,put,41.120000000000005,0.18910996754348613,321.9276601046826,801.4311408392325,-0.07301483711498791,0.023832684824902646
1.336986301369863,750.0,put,42.63,0.18759611037391818,325.9577587295138,801.4311408392325,-0.0663258489641913,0.02345765892563922
1.336986301369863,755.0,put,44.2,0.18612615307501862,329.7975255860692,801.4311408392325,-0.059681306245522744,0.023076923076923148
1.336986301369863,760.0,put,45.825,0.1846805168254248,333.4275768496289,801.4311408392325,-0.053080622214170696,0.02291325695581024
2.2383561643835614,765.0,call,120.505,0.1963610664690415,423.4149507380219,829.5558380856212,-0.08101458889175753,0.03311065930874234
2.2383561643835614,770.0,call,117.465,0.19523009843317773,427.190354284958,829.5558380856212,-0.07449990787056385,0.034648618737496216
2.2383561643835614,775.0,call,114.435,0.19404637980553038,430.8110167123434,829.5558380856212,-0.0680273933649464,0.03609035697120632
2.2383561643835614,780.0,call,111.42,0.1928216986955164,434.2741104182318,829.5558380856212,-0.061596503034656,0.03733620534912939
2.2383561643835614,785.0,call,108.425,0.19156736881673897,437.5754755506342,829.5558380856212,-0.055206704935885004,0.03827530551072175
2.2383561643835614,790.0,call,105.45,0.19028293978754812,440.70954299128266,829.5558380856212,-0.04885747725722616,0.038880986249407244
2.2383561643835614,795.0,call,102.735,0.189508838552077,443.67365612093465,829.5558380856212,-0.042548308063961454,0.04409402832530297
2.2383561643835614,800.0,call,99.035,0.18644573751868088,446.4596655035387,829.5558380856212,-0.03627869505036608,0.029585500075730874
2.2383561643835614,805.0,call,96.86,0.18672238764922156,449.0382902109735,829.5558380856212,-0.03004814529973002,0.044187487094775976
2.2383561643835614,810.0,call,94.205,0.18584084796325873,451.4207462436183,829.5558380856212,-0.02385617505180896,0.04872352847513405
2.2383561643835614,815.0,call,91.315,0.18435888602225547,453.6162869877115,829.5558380856212,-0.01770230947743072,0.04785632152439363
2.2383561643835614,820.0,call,88.81,0.18364461298509577,455.57199128960656,829.5558380856212,-0.011586082459994535,0.04368877378673568
2.2383561643835614,825.0,call,86.14,0.1824851552330021,457.326571261635,829.5558380856212,-0.005507036383612365,0.045042953331785415
2.2383561643835614,830.0,call,83.5,0.18130962621182947,458.8576501187327,829.5558380856212,0.0005352780723502405,0.04646706586826342
2.2383561643835614,835.0,call,80.89,0.18011722424918525,460.15848134376216,829.5558380856212,0.006541302132562097,0.04796637408826796
2.2383561643835614,840.0,call,78.33,0.17895047736718817,461.2203683079542,829.5558380856212,0.012511469119065899,0.04953402272437119
2.2383561643835614,845.0,call,75.78999999999999,0.17774335208036687,462.0392599652944,829.5558380856212,0.01844620463888043,0.00554162818313764
2.2383561643835614,850.0,call,73.30000000000001,0.1765599320300786,462.60595687483715,829.5558380856212,0.024345926766068705,0.005729877216916803
2.2383561643835614,855.0,call,70.845,0.17536679753118278,462.9150140050291,829.5558380856212,0.030211046218466767,0.005787282094713764
2.2383561643835614,860.0,call,68.445,0.17420623578634245,462.9598397377969,829.5558380856212,0.03604196652925995,0.005990211118416405
2.2383561643835614,865.0,call,66.095,0.17306657092777897,462.7357441425723,829.5558380856212,0.041839084213585835,0.006203192374612249
2.2383561643835614,870.0,call,63.785,0.17192539268196735,462.23730480599636,829.5558380856212,0.047602788930336114,0.00642784353688177
2.2383561643835614,875.0,call,61.515,0.17078190630562937,461.45901234829415,829.5558380856212,0.05333346363932112,0.006665041046899075
2.2383561643835614,880.0,call,59.305,0.16967876804850926,460.3999713546288,829.5558380856212,0.059031484753958835,0.006913413708793468
2.2383561643835614,890.0,call,55.025,0.16750468598870744,457.42214449069826,829.5558380856212,0.07033104000789217,0.007451158564288898
2.2383561643835614,895.0,call,52.959999999999994,0.16644372184421655,455.5002485054208,829.5558380856212,0.075933295556562,0.0075528700906344155
2.2383561643835614,900.0,call,50.95,0.16541075863306545,453.29107713496586,829.5558380856212,0.08150434060601737,0.007850834151128529
2.2383561643835614,905.0,call,48.989999999999995,0.164394698766942,450.7927357170205,829.5558380856212,0.08704452098163272,0.008164931618697665
2.2383561643835614,910.0,call,47.07,0.16337315613205483,447.998149318096,829.5558380856212,0.0925541767926023,0.008497981729339403
2.2383561643835614,915.0,call,45.22,0.1624131362550697,444.9325248784024,829.5558380856212,0.09803364255722788,0.00884564352056609
2.2383561643835614,920.0,call,43.42,0.16147047439823073,441.5852556757866,829.5558380856212,0.10348324732479254,0.008751727314601625
2.2383561643835614,925.0,call,41.66,0.16052265919731382,437.94817394857023,829.5558380856212,0.10890331479413173,0.009121459433509423
2.2383561643835614,930.0,call,39.96,0.15961560176480283,434.0482866964106,829.5558380856212,0.11429416342900814,0.009509509509509396
2.2383561643835614,940.0,call,36.724999999999994,0.15789356081100434,425.4782227146677,829.5558380856212,0.12498945254575627,0.01007488087134098
2.2383561643835614,945.0,call,35.2,0.15710473638973552,420.8472220157943,829.5558380856212,0.13029450477544943,0.011363636363636322
2.2383561643835614,950.0,call,33.705,0.15629062347461659,415.9416070553074,829.5558380856212,0.13557156187629318,0.01038421599169267
2.2383561643835614,955.0,call,32.275000000000006,0.15553600625732267,410.8398140004463,829.5558380856212,0.14082091776243688,0.010844306738962087
2.2383561643835614,960.0,call,30.880000000000003,0.15476980815207422,405.48912149818295,829.5558380856212,0.14604286174358855,0.011010362694300512
2.2383561643835614,965.0,call,29.560000000000002,0.15409227603471923,400.00168245864177,829.5558380856212,0.15123767862069254,0.011502029769959399
2.2383561643835614,970.0,call,28.285,0.15343194604660088,394.3218038054308,829.5558380856212,0.1564056487791351,0.011666961286901124
2.2383561643835614,975.0,call,27.045,0.15276482804458388,388.43125016871,829.5558380856212,0.16154704827955377,0.012201885745978991
2.2383561643835614,980.0,call,25.87,0.15217011338516123,382.44042696617277,829.5558380856212,0.16666214894632417,0.012369540007730972
2.2383561643835614,985.0,call,24.74,0.15159933376211004,376.30701516390826,829.5558380856212,0.17175121845379543,0.01293451899757479
2.2383561643835614,990.0,call,23.65,0.151041480385604,370.0290532647462,829.5558380856212,0.17681452041034215,0.01353065539112052
2.2383561643835614,1000.0,call,21.615000000000002,0.15004300540204796,357.2144745747607,829.5558380856212,0.18686485626384375,0.006939625260236045
2.2383561643835614,1010.0,call,19.735,0.14911474332548866,344.0230082168937,829.5558380856212,0.1968151871170118,0.007600709399543886
2.2383561643835614,1015.0,call,18.86,0.1487041432776832,337.368995582141,829.5558380856212,0.20175346875759437,0.007423117709437994
2.2383561643835614,1020.0,call,18.03,0.1483395527087817,330.718348908874,829.5558380856212,0.2066674835600234,0.007764836383804801
2.2383561643835614,1030.0,call,16.45,0.1475944542580383,317.1869868457449,829.5558380856212,0.21642365850538806,0.008510638297872375
2.2383561643835614,1035.0,call,15.719999999999999,0.1472816714185671,310.4644993829894,829.5558380856212,0.22126628298117604,0.008905852417302722
2.2383561643835614,1040.0,call,15.015,0.1469656274811705,303.69921213954956,829.5558380856212,0.22608556941712493,0.00865800865800871
2.2383561643835614,1045.0,call,14.344999999999999,0.14668188190039985,296.97782277283164,829.5558380856212,0.23088174168061795,0.00906239107703038
2.2383561643835614,1050.0,call,13.705,0.1464176053760197,290.2847814393893,829.5558380856212,0.2356550204332756,0.009485589201021452
2.2383561643835614,1055.0,call,13.094999999999999,0.14617636623634428,283.639285375326,829.5558380856212,0.24040562319187342,0.00992745322642236
2.2383561643835614,1065.0,call,11.95,0.14572340740400103,270.43837852601644,829.5558380856212,0.24983965542523218,0.010041841004184036
2.2383561643835614,1070.0,call,11.42,0.14553670186995366,263.9610936123576,829.5558380856212,0.25452350473765856,0.010507880910683099
2.2383561643835614,1090.0,call,9.52,0.1448970798365023,238.67908586329625,829.5558380856212,0.273042552504896,0.012605042016806641
2.2383561643835614,1095.0,call,9.1,0.14478052024405097,232.5913782685319,829.5558380856212,0.2776192195323078,0.013186813186813296
2.2383561643835614,1100.0,call,8.695,0.14465803573504635,226.54772642323005,829.5558380856212,0.2821750360681685,0.012650948821161521
2.2383561643835614,1110.0,call,7.955,0.14451941499266208,214.940505488323,829.5558380856212,0.2912248715880864,0.013827781269641664
2.2383561643835614,1115.0,call,7.605,0.14444225364992547,209.22322324268643,829.5558380856212,0.2957192611759257,0.014464168310322198
2.2383561643835614,1120.0,call,7.27,0.1443706208363011,203.59650552005206,829.5558380856212,0.30019354157084677,0.013755158184319194
2.2383561643835614,1125.0,call,6.955,0.1443325879060855,198.13962303117765,829.5558380856212,0.30464789192022707,0.015815959741193306
2.2383561643835614,1130.0,call,6.654999999999999,0.14430739969079695,192.79929334263983,829.5558380856212,0.30908248898809293,0.01652892561983476
2.2383561643835614,1135.0,call,6.37,0.1442984601057534,187.5870474917275,829.5558380856212,0.3134975071972097,0.0156985871271585
2.2383561643835614,1140.0,call,6.095000000000001,0.14428204373225514,182.44003893992695,829.5558380856212,0.3178931186702478,0.01804757998359316
2.2383561643835614,1150.0,call,5.59,0.1443204597226131,172.60277731087777,829.5558380856212,0.3266267986390024,0.017889087656529454
2.2383561643835614,1160.0,call,5.13,0.14439154008671123,163.2105357403826,829.5558380856212,0.33528486138211694,0.01949317738791416
2.2383561643835614,1170.0,call,4.71,0.1444871333920375,154.2448017123696,829.5558380856212,0.34386860507350836,0.02123142250530778
2.2383561643835614,1190.0,call,3.99,0.1448454590875997,137.83656614253331,829.5558380856212,0.36081816338728173,0.02506265664160403
2.2383561643835614,1200.0,call,3.675,0.14504914832661475,130.22549769895846,829.5558380856212,0.36918641305779837,0.02448979591836743
2.2383561643835614,1210.0,call,3.395,0.14533630078576737,123.17137560532167,829.5558380856212,0.3774852158724934,0.026509572901325437
2.2383561643835614,1220.0,call,3.14,0.14565173319757535,116.5178636247169,829.5558380856212,0.38571571500900886,0.02547770700636945
2.2383561643835614,1230.0,call,2.91,0.14601544424243612,110.30108307890764,829.5558380856212,0.3938790256481698,0.027491408934707928
2.2383561643835614,1240.0,call,2.7,0.14640231045314112,104.44380066344144,829.5558380856212,0.4019762358807891,0.029629629629629655
2.2383561643835614,1250.0,call,2.505,0.1467794612260029,98.85507245037212,829.5558380856212,0.41000840757805335,0.027944111776447043
2.2383561643835614,465.0,put,9.605,0.28350677643464667,133.5586312979207,829.5558380856212,-0.5788530171309372,0.011452368558042627
2.2383561643835614,470.0,put,9.92,0.2814826181265341,137.18809804272288,829.5558380856212,-0.5681577280141891,0.010080645161290466
2.2383561643835614,475.0,put,10.245000000000001,0.27948467660462856,140.88816345188295,829.5558380856212,-0.5575756186836521,0.010736944851147017
2.2383561643835614,480.0,put,10.575,0.277475789476945,144.6266462792384,829.5558380856212,-0.5471043188163568,0.010401891252955198
2.2383561643835614,485.0,put,10.915,0.275489891149094,148.43343819636374,829.5558380856212,-0.5367415317808102,0.010077874484654257
2.2383561643835614,500.0,put,12.02,0.2698034853179964,160.38941555096216,829.5558380856212,-0.5062823242961015,0.009983361064891783
2.2383561643835614,505.0,put,12.41,0.26794465224121083,164.50622431642577,829.5558380856212,-0.4963319934429335,0.009669621273166881
2.2383561643835614,510.0,put,12.809999999999999,0.26609574307668243,168.68107593331422,829.5558380856212,-0.4864796969999219,0.009367681498828979
2.2383561643835614,520.0,put,13.645,0.2624500186553663,177.22475113984612,829.5558380856212,-0.46706161114282035,0.009527299377061252
2.2383561643835614,525.0,put,14.085,0.26067667861548294,181.61499270362847,829.5558380856212,-0.4574921601266697,0.009229676961306409
2.2383561643835614,530.0,put,14.54,0.25893211812945904,186.07987275688313,829.5558380856212,-0.448013416172126,0.009628610729023301
2.2383561643835614,535.0,put,15.004999999999999,0.2571871900835089,190.59163150107807,829.5558380856212,-0.4386236758222868,0.008663778740419913
2.2383561643835614,540.0,put,15.49,0.25549225708093,195.1967041773017,829.5558380856212,-0.4293212831599733,0.00903808908973535
2.2383561643835614,545.0,put,15.98,0.2537678683146864,199.81996843183248,829.5558380856212,-0.4201046280550493,0.008760951188986269
2.2383561643835614,550.0,put,16.490000000000002,0.25208844394100993,204.53016884225042,829.5558380856212,-0.4109721444917768,0.008489993935718435
2.2383561643835614,555.0,put,17.015,0.25042609588685705,209.3001578521121,829.5558380856212,-0.40192230897185893,0.008815750808110407
2.2383561643835614,560.0,put,17.555,0.24877870034866403,214.12677772118613,829.5558380856212,-0.3929536389890985,0.008544574195385849
2.2383561643835614,565.0,put,18.115000000000002,0.2471670998426566,219.02801801348951,829.5558380856212,-0.38406469157185236,0.008280430582390402
2.2383561643835614,570.0,put,18.68,0.24552094672024377,223.93735233603326,829.5558380856212,-0.3752540618896975,0.00856531049250536
2.2383561643835614,575.0,put,19.270000000000003,0.24392882712080588,228.935059801705,829.5558380856212,-0.36652038192094294,0.008303061754021802
2.2383561643835614,580.0,put,19.880000000000003,0.2423648653838151,233.99519205193604,829.5558380856212,-0.35786231917782835,0.00804828973843059
2.2383561643835614,585.0,put,20.505000000000003,0.24080529633889788,239.09410646366382,829.5558380856212,-0.3492785754864369,0.008290660814435413
2.2383561643835614,590.0,put,21.145,0.23924877060236174,244.22874288687217,829.5558380856212,-0.3407678858185283,0.00803972570347608
2.2383561643835614,595.0,put,21.8,0.23769401834387477,249.39605175467636,829.5558380856212,-0.33232901717266355,0.00825688073394494
2.2383561643835614,600.0,put,22.48,0.23617911797192953,254.6272687410792,829.5558380856212,-0.323960767502147,0.008007117437722406
2.2383561643835614,605.0,put,23.18,0.2346813172679509,259.89939722356246,829.5558380856212,-0.3156619646874519,0.007765314926660902
2.2383561643835614,610.0,put,23.895,0.23317962325625505,265.19173927394337,829.5558380856212,-0.3074314655509365,0.0079514542791378
2.2383561643835614,615.0,put,24.634999999999998,0.2317101060138779,270.53217815950035,829.5558380856212,-0.29926815491177555,0.007712604018672672
2.2383561643835614,620.0,put,25.4,0.230269759935451,275.91435927877194,829.5558380856212,-0.29117094467915616,0.007874015748031468
2.2383561643835614,625.0,put,26.18,0.22882021626184468,281.30335158155737,829.5558380856212,-0.28313877298189194,0.007639419404125395
2.2383561643835614,630.0,put,26.979999999999997,0.2273782815823634,286.7099707552483,829.5558380856212,-0.275170603332715,0.0074128984432913015
2.2383561643835614,635.0,put,27.805,0.2259594909234925,292.14281777237244,829.5558380856212,-0.2672654238256017,0.007552598453515585
2.2383561643835614,640.0,put,28.655,0.2245614122223754,297.5956632691921,829.5558380856212,-0.25942224636457584,0.007328563950444978
2.2383561643835614,645.0,put,29.53,0.2231817576011778,303.0623151701669,829.5558380856212,-0.2516401059225209,0.007450050795800842
2.2383561643835614,650.0,put,30.42,0.2217859616569896,308.51350278042486,829.5558380856212,-0.24391805982861062,0.007232084155161157
2.2383561643835614,655.0,put,31.345,0.22043738647183073,313.9904260082307,829.5558380856212,-0.23625518708304152,0.0073376934120274505
2.2383561643835614,660.0,put,32.29,0.21908547194199884,319.4523139409394,829.5558380856212,-0.2286505876978221,0.007432641684731957
2.2383561643835614,665.0,put,33.265,0.21775998154434847,324.9146398979688,829.5558380856212,-0.2211033820624392,0.007515406583496167
2.2383561643835614,670.0,put,34.265,0.21644328836550622,330.3603790431725,829.5558380856212,-0.2136127103332816,0.0072960747118050485
2.2383561643835614,675.0,put,35.29,0.21513378191294152,335.7835641501895,829.5558380856212,-0.20617773184576357,0.007367526211391474
2.2383561643835614,680.0,put,36.345,0.2138445912633163,341.18668754379166,829.5558380856212,-0.19879762454814104,0.006878525244187647
2.2383561643835614,685.0,put,37.43,0.21257358715140798,346.5623461314733,829.5558380856212,-0.19147158445606813,0.006946299759551299
2.2383561643835614,690.0,put,38.545,0.21131876179504416,351.90320789821436,829.5558380856212,-0.18419882512698837,0.007004799584900846
2.2383561643835614,695.0,put,39.69,0.21007822059760686,357.20201219131195,829.5558380856212,-0.1769785771535012,0.007054673721340417
2.2383561643835614,700.0,put,40.864999999999995,0.20885017410242207,362.45156886627734,829.5558380856212,-0.16981008767488867,0.0070965373791753135
2.2383561643835614,705.0,put,42.075,0.207646530373357,367.6507801039919,829.5558380856212,-0.16269261990602474,0.00689245395127746
2.2383561643835614,710.0,put,43.32,0.20646512558583507,372.7912330079758,829.5558380856212,-0.1556254526829323,0.006925207756232622
2.2383561643835614,715.0,put,44.635,0.20539654536829388,377.90049971421894,829.5558380856212,-0.14860788002428577,0.012322168701691434
2.2383561643835614,720.0,put,45.91,0.20414795028963378,382.8581627148196,829.5558380856212,-0.14163921070819244,0.013940318013504541
2.2383561643835614,725.0,put,47.254999999999995,0.20300879138840075,387.7693042338647,829.5558380856212,-0.13471876786361855,0.013755158184319091
2.2383561643835614,730.0,put,48.655,0.20193566986533773,392.6056246858658,829.5558380856212,-0.12784588857585655,0.013770424416812284
2.2383561643835614,735.0,put,50.08,0.20084964067361133,397.33375157521886,829.5558380856212,-0.12101992350545669,0.01357827476038338
2.2383561643835614,740.0,put,51.55,0.19979988010453933,401.96085389996847,829.5558380856212,-0.11424023652007795,0.013579049466537261
2.2383561643835614,745.0,put,53.065,0.19878415318728673,406.47730048934636,829.5558380856212,-0.1075062043387339,0.013379817205314254
2.2383561643835614,750.0,put,54.625,0.19780038167021816,410.8737770599335,829.5558380856212,-0.1008172161879373,0.01336384439359275
2.2383561643835614,755.0,put,56.225,0.19683459215592788,415.1392518015705,829.5558380856212,-0.09417267346926875,0.013339261894175189
2.2383561643835614,760.0,put,57.84,0.19582572411241886,419.25736768675296,829.5558380856212,-0.08757198943791658,0.01452282157676342
