strike,bid,ask,volume,open_interest,type,maturity,expiration,spot,ticker,capture
500.0,0.0,0.0,22.0,22.0,call,0.07945205479452055,2026-10-23,764.7000122070312,SPY,2026-09-24 13:35 UTC
515.0,0.0,0.0,,1.0,call,0.07945205479452055,2026-10-23,764.7000122070312,SPY,2026-09-24 13:35 UTC
520.0,0.0,0.0,,4.0,call,0.07945205479452055,2026-10-23,764.7000122070312,SPY,2026-09-24 13:35 UTC
530.0,0.0,0.0,1.0,9.0,call,0.07945205479452055,2026-10-23,764.7000122070312,SPY,2026-09-24 13:35 UTC
535.0,0.0,0.0,,1.0,call,0.07945205479452055,2026-10-23,764.7000122070312,SPY,2026-09-24 13:35 UTC
540.0,0.0,0.0,1.0,49.0,call,0.07945205479452055,2026-10-23,764.7000122070312,SPY,2026-09-24 13:35 UTC
550.0,0.0,0.0,,4.0,call,0.07945205479452055,2026-10-23,764.7000122070312,SPY,2026-09-24 13:35 UTC
555.0,0.0,0.0,,1.0,call,0.07945205479452055,2026-10-23,764.7000122070312,SPY,2026-09-24 13:35 UTC
575.0,0.0,0.0,,1.0,call,0.07945205479452055,2026-10-23,764.7000122070312,SPY,2026-09-24 13:35 UTC
580.0,0.0,0.0,,1.0,call,0.07945205479452055,2026-10-23,764.7000122070312,SPY,2026-09-24 13:35 UTC
585.0,0.0,0.0,,1.0,call,0.07945205479452055,2026-10-23,764.7000122070312,SPY,2026-09-24 13:35 UTC
590.0,0.0,0.0,,10.0,call,0.07945205479452055,2026-10-23,764.7000122070312,SPY,2026-09-24 13:35 UTC
595.0,0.0,0.0,,1.0,call,0.07945205479452055,2026-10-23,764.7000122070312,SPY,2026-09-24 13:35 UTC
600.0,0.0,0.0,1.0,1.0,call,0.07945205479452055,2026-10-23,764.7000122070312,SPY,2026-09-24 13:35 UTC
605.0,0.0,0.0,15.0,0.0,call,0.07945205479452055,2026-10-23,764.7000122070312,SPY,2026-09-24 13:35 UTC
615.0,0.0,0.0,3.0,3.0,call,0.07945205479452055,2026-10-23,764.7000122070312,SPY,2026-09-24 13:35 UTC
620.0,0.0,0.0,4.0,2.0,call,0.07945205479452055,2026-10-23,764.7000122070312,SPY,2026-09-24 13:35 UTC
625.0,0.0,0.0,,3.0,call,0.07945205479452055,2026-10-23,764.7000122070312,SPY,2026-09-24 13:35 UTC
630.0,0.0,0.0,2.0,20.0,call,0.07945205479452055,2026-10-23,764.7000122070312,SPY,2026-09-24 13:35 UTC
635.0,0.0,0.0,,15.0,call,0.07945205479452055,2026-10-23,764.7000122070312,SPY,2026-09-24 13:35 UTC
640.0,0.0,0.0,,0.0,call,0.07945205479452055,2026-10-23,764.7000122070312,SPY,2026-09-24 13:35 UTC
645.0,0.0,0.0,1.0,2.0,call,0.07945205479452055,2026-10-23,764.7000122070312,SPY,2026-09-24 13:35 UTC
650.0,0.0,0.0,2.0,4.0,call,0.07945205479452055,2026-10-23,764.7000122070312,SPY,2026-09-24 13:35 UTC
655.0,0.0,0.0,22.0,23.0,call,0.07945205479452055,2026-10-23,764.7000122070312,SPY,2026-09-24 13:35 UTC
660.0,0.0,0.0,,12.0,call,0.07945205479452055,2026-10-23,764.7000122070312,SPY,2026-09-24 13:35 UTC
670.0,0.0,0.0,3.0,8.0,call,0.07945205479452055,2026-10-23,764.7000122070312,SPY,2026-09-24 13:35 UTC
675.0,0.0,0.0,22.0,27.0,call,0.07945205479452055,2026-10-23,764.7000122070312,SPY,2026-09-24 13:35 UTC
680.0,0.0,0.0,4.0,31.0,call,0.07945205479452055,2026-10-23,764.7000122070312,SPY,2026-09-24 13:35 UTC
685.0,0.0,0.0,4.0,6.0,call,0.07945205479452055,2026-10-23,764.7000122070312,SPY,2026-09-24 13:35 UTC
690.0,0.0,0.0,1.0,5.0,call,0.07945205479452055,2026-10-23,764.7000122070312,SPY,2026-09-24 13:35 UTC
695.0,0.0,0.0,2.0,21.0,call,0.07945205479452055,2026-10-23,764.7000122070312,SPY,2026-09-24 13:35 UTC
700.0,0.0,0.0,2.0,49.0,call,0.07945205479452055,2026-10-23,764.7000122070312,SPY,2026-09-24 13:35 UTC
705.0,0.0,0.0,36.0,42.0,call,0.07945205479452055,2026-10-23,764.7000122070312,SPY,2026-09-24 13:35 UTC
710.0,0.0,0.0,1.0,15.0,call,0.07945205479452055,2026-10-23,764.7000122070312,SPY,2026-09-24 13:35 UTC
715.0,0.0,0.0,4.0,13.0,call,0.07945205479452055,2026-10-23,764.7000122070312,SPY,2026-09-24 13:35 UTC
720.0,0.0,0.0,13.0,113.0,call,0.07945205479452055,2026-10-23,764.7000122070312,SPY,2026-09-24 13:35 UTC
721.0,0.0,0.0,2.0,7.0,call,0.07945205479452055,2026-10-23,764.7000122070312,SPY,2026-09-24 13:35 UTC
722.0,0.0,0.0,2.0,3.0,call,0.07945205479452055,2026-10-23,764.7000122070312,SPY,2026-09-24 13:35 UTC
723.0,0.0,0.0,10.0,11.0,call,0.07945205479452055,2026-10-23,764.7000122070312,SPY,2026-09-24 13:35 UTC
725.0,0.0,0.0,14.0,94.0,call,0.07945205479452055,2026-10-23,764.7000122070312,SPY,2026-09-24 13:35 UTC
726.0,0.0,0.0,,26.0,call,0.07945205479452055,2026-10-23,764.7000122070312,SPY,2026-09-24 13:35 UTC
727.0,0.0,0.0,1.0,186.0,call,0.07945205479452055,2026-10-23,764.7000122070312,SPY,2026-09-24 13:35 UTC
728.0,0.0,0.0,1.0,52.0,call,0.07945205479452055,2026-10-23,764.7000122070312,SPY,2026-09-24 13:35 UTC
729.0,0.0,0.0,3.0,5.0,call,0.07945205479452055,2026-10-23,764.7000122070312,SPY,2026-09-24 13:35 UTC
730.0,0.0,0.0,3.0,62.0,call,0.07945205479452055,2026-10-23,764.7000122070312,SPY,2026-09-24 13:35 UTC
732.0,0.0,0.0,57.0,30.0,call,0.07945205479452055,2026-10-23,764.7000122070312,SPY,2026-09-24 13:35 UTC
733.0,0.0,0.0,7.0,9.0,call,0.07945205479452055,2026-10-23,764.7000122070312,SPY,2026-09-24 13:35 UTC
734.0,0.0,0.0,,1.0,call,0.07945205479452055,2026-10-23,764.7000122070312,SPY,2026-09-24 13:35 UTC
735.0,0.0,0.0,1.0,140.0,call,0.07945205479452055,2026-10-23,764.7000122070312,SPY,2026-09-24 13:35 UTC
736.0,0.0,0.0,,27.0,call,0.07945205479452055,2026-10-23,764.7000122070312,SPY,2026-09-24 13:35 UTC
737.0,0.0,0.0,9.0,10.0,call,0.07945205479452055,2026-10-23,764.7000122070312,SPY,2026-09-24 13:35 UTC
739.0,0.0,0.0,3.0,4.0,call,0.07945205479452055,2026-10-23,764.7000122070312,SPY,2026-09-24 13:35 UTC
740.0,0.0,0.0,2.0,174.0,call,0.07945205479452055,2026-10-23,764.7000122070312,SPY,2026-09-24 13:35 UTC
741.0,0.0,0.0,4.0,7.0,call,0.07945205479452055,2026-10-23,764.7000122070312,SPY,2026-09-24 13:35 UTC
742.0,0.0,0.0,228.0,111.0,call,0.07945205479452055,2026-10-23,764.7000122070312,SPY,2026-09-24 13:35 UTC
743.0,0.0,0.0,,2.0,call,0.07945205479452055,2026-10-23,764.7000122070312,SPY,2026-09-24 13:35 UTC
744.0,0.0,0.0,1.0,6.0,call,0.07945205479452055,2026-10-23,764.7000122070312,SPY,2026-09-24 13:35 UTC
745.0,0.0,0.0,7.0,111.0,call,0.07945205479452055,2026-10-23,764.7000122070312,SPY,2026-09-24 13:35 UTC
746.0,0.0,0.0,1.0,50.0,call,0.07945205479452055,2026-10-23,764.7000122070312,SPY,2026-09-24 13:35 UTC
747.0,0.0,0.0,2.0,20.0,call,0.07945205479452055,2026-10-23,764.7000122070312,SPY,2026-09-24 13:35 UTC
748.0,0.0,0.0,1.0,53.0,call,0.07945205479452055,2026-10-23,764.7000122070312,SPY,2026-09-24 13:35 UTC
749.0,0.0,0.0,2.0,4.0,call,0.07945205479452055,2026-10-23,764.7000122070312,SPY,2026-09-24 13:35 UTC
750.0,0.0,0.0,95.0,222.0,call,0.07945205479452055,2026-10-23,764.7000122070312,SPY,2026-09-24 13:35 UTC
751.0,0.0,0.0,46.0,355.0,call,0.07945205479452055,2026-10-23,764.7000122070312,SPY,2026-09-24 13:35 UTC
752.0,0.0,0.0,24.0,273.0,call,0.07945205479452055,2026-10-23,764.7000122070312,SPY,2026-09-24 13:35 UTC
753.0,0.0,0.0,7.0,79.0,call,0.07945205479452055,2026-10-23,764.7000122070312,SPY,2026-09-24 13:35 UTC
754.0,0.0,0.0,6.0,185.0,call,0.07945205479452055,2026-10-23,764.7000122070312,SPY,2026-09-24 13:35 UTC
755.0,0.0,0.0,108.0,168.0,call,0.07945205479452055,2026-10-23,764.7000122070312,SPY,2026-09-24 13:35 UTC
756.0,0.0,0.0,11.0,38.0,call,0.07945205479452055,2026-10-23,764.7000122070312,SPY,2026-09-24 13:35 UTC
757.0,0.0,0.0,18.0,231.0,call,0.07945205479452055,2026-10-23,764.7000122070312,SPY,2026-09-24 13:35 UTC
758.0,0.0,0.0,24.0,320.0,call,0.07945205479452055,2026-10-23,764.7000122070312,SPY,2026-09-24 13:35 UTC
759.0,0.0,0.0,1243.0,620.0,call,0.07945205479452055,2026-10-23,764.7000122070312,SPY,2026-09-24 13:35 UTC
760.0,0.0,0.0,193.0,1054.0,call,0.07945205479452055,2026-10-23,764.7000122070312,SPY,2026-09-24 13:35 UTC
761.0,0.0,0.0,161.0,441.0,call,0.07945205479452055,2026-10-23,764.7000122070312,SPY,2026-09-24 13:35 UTC
762.0,0.0,0.0,258.0,281.0,call,0.07945205479452055,2026-10-23,764.7000122070312,SPY,2026-09-24 13:35 UTC
763.0,0.0,0.0,148.0,607.0,call,0.07945205479452055,2026-10-23,764.7000122070312,SPY,2026-09-24 13:35 UTC
764.0,0.0,0.0,105.0,290.0,call,0.07945205479452055,2026-10-23,764.7000122070312,SPY,2026-09-24 13:35 UTC
765.0,0.0,0.0,431.0,1762.0,call,0.07945205479452055,2026-10-23,764.7000122070312,SPY,2026-09-24 13:35 UTC
766.0,0.0,0.0,213.0,619.0,call,0.07945205479452055,2026-10-23,764.7000122070312,SPY,2026-09-24 13:35 UTC
767.0,0.0,0.0,437.0,440.0,call,0.07945205479452055,2026-10-23,764.7000122070312,SPY,2026-09-24 13:35 UTC
768.0,0.0,0.0,553.0,2045.0,call,0.07945205479452055,2026-10-23,764.7000122070312,SPY,2026-09-24 13:35 UTC
769.0,0.0,0.0,410.0,281.0,call,0.07945205479452055,2026-10-23,764.7000122070312,SPY,2026-09-24 13:35 UTC
770.0,0.0,0.0,1207.0,2183.0,call,0.07945205479452055,2026-10-23,764.7000122070312,SPY,2026-09-24 13:35 UTC
771.0,0.0,0.0,1081.0,731.0,call,0.07945205479452055,2026-10-23,764.7000122070312,SPY,2026-09-24 13:35 UTC
772.0,0.0,0.0,1299.0,1044.0,call,0.07945205479452055,2026-10-23,764.7000122070312,SPY,2026-09-24 13:35 UTC
773.0,0.0,0.0,495.0,317.0,call,0.07945205479452055,2026-10-23,764.7000122070312,SPY,2026-09-24 13:35 UTC
774.0,0.0,0.0,800.0,670.0,call,0.07945205479452055,2026-10-23,764.7000122070312,SPY,2026-09-24 13:35 UTC
775.0,0.0,0.0,689.0,949.0,call,0.07945205479452055,2026-10-23,764.7000122070312,SPY,2026-09-24 13:35 UTC
776.0,0.0,0.0,287.0,614.0,call,0.07945205479452055,2026-10-23,764.7000122070312,SPY,2026-09-24 13:35 UTC
777.0,0.0,0.0,1442.0,912.0,call,0.07945205479452055,2026-10-23,764.7000122070312,SPY,2026-09-24 13:35 UTC
778.0,0.0,0.0,165.0,492.0,call,0.07945205479452055,2026-10-23,764.7000122070312,SPY,2026-09-24 13:35 UTC
779.0,0.0,0.0,317.0,629.0,call,0.07945205479452055,2026-10-23,764.7000122070312,SPY,2026-09-24 13:35 UTC
780.0,0.0,0.0,897.0,1050.0,call,0.07945205479452055,2026-10-23,764.7000122070312,SPY,2026-09-24 13:35 UTC
781.0,0.0,0.0,363.0,563.0,call,0.07945205479452055,2026-10-23,764.7000122070312,SPY,2026-09-24 13:35 UTC
782.0,0.0,0.0,284.0,482.0,call,0.07945205479452055,2026-10-23,764.7000122070312,SPY,2026-09-24 13:35 UTC
783.0,0.0,0.0,464.0,635.0,call,0.07945205479452055,2026-10-23,764.7000122070312,SPY,2026-09-24 13:35 UTC
784.0,0.0,0.0,764.0,1029.0,call,0.07945205479452055,2026-10-23,764.7000122070312,SPY,2026-09-24 13:35 UTC
785.0,0.0,0.0,428.0,945.0,call,0.07945205479452055,2026-10-23,764.7000122070312,SPY,2026-09-24 13:35 UTC
786.0,0.0,0.0,396.0,607.0,call,0.07945205479452055,2026-10-23,764.7000122070312,SPY,2026-09-24 13:35 UTC
787.0,0.0,0.0,356.0,587.0,call,0.07945205479452055,2026-10-23,764.7000122070312,SPY,2026-09-24 13:35 UTC
788.0,0.0,0.0,209.0,616.0,call,0.07945205479452055,2026-10-23,764.7000122070312,SPY,2026-09-24 13:35 UTC
789.0,0.0,0.0,263.0,1093.0,call,0.07945205479452055,2026-10-23,764.7000122070312,SPY,2026-09-24 13:35 UTC
790.0,0.0,0.0,656.0,1636.0,call,0.07945205479452055,2026-10-23,764.7000122070312,SPY,2026-09-24 13:35 UTC
791.0,0.0,0.0,267.0,974.0,call,0.07945205479452055,2026-10-23,764.7000122070312,SPY,2026-09-24 13:35 UTC
792.0,0.0,0.0,251.0,512.0,call,0.07945205479452055,2026-10-23,764.7000122070312,SPY,2026-09-24 13:35 UTC
793.0,0.0,0.0,121.0,803.0,call,0.07945205479452055,2026-10-23,764.7000122070312,SPY,2026-09-24 13:35 UTC
794.0,0.0,0.0,48.0,786.0,call,0.07945205479452055,2026-10-23,764.7000122070312,SPY,2026-09-24 13:35 UTC
795.0,0.0,0.0,193.0,1650.0,call,0.07945205479452055,2026-10-23,764.7000122070312,SPY,2026-09-24 13:35 UTC
796.0,0.0,0.0,63.0,448.0,call,0.07945205479452055,2026-10-23,764.7000122070312,SPY,2026-09-24 13:35 UTC
797.0,0.0,0.0,203.0,1054.0,call,0.07945205479452055,2026-10-23,764.7000122070312,SPY,2026-09-24 13:35 UTC
798.0,0.0,0.0,233.0,1353.0,call,0.07945205479452055,2026-10-23,764.7000122070312,SPY,2026-09-24 13:35 UTC
799.0,0.0,0.0,84.0,1371.0,call,0.07945205479452055,2026-10-23,764.7000122070312,SPY,2026-09-24 13:35 UTC
800.0,0.0,0.0,5572.0,6715.0,call,0.07945205479452055,2026-10-23,764.7000122070312,SPY,2026-09-24 13:35 UTC
801.0,0.0,0.0,145.0,980.0,call,0.07945205479452055,2026-10-23,764.7000122070312,SPY,2026-09-24 13:35 UTC
802.0,0.0,0.0,412.0,814.0,call,0.07945205479452055,2026-10-23,764.7000122070312,SPY,2026-09-24 13:35 UTC
803.0,0.0,0.0,166.0,614.0,call,0.07945205479452055,2026-10-23,764.7000122070312,SPY,2026-09-24 13:35 UTC
804.0,0.0,0.0,107.0,538.0,call,0.07945205479452055,2026-10-23,764.7000122070312,SPY,2026-09-24 13:35 UTC
805.0,0.0,0.0,173.0,612.0,call,0.07945205479452055,2026-10-23,764.7000122070312,SPY,2026-09-24 13:35 UTC
806.0,0.0,0.0,213.0,710.0,call,0.07945205479452055,2026-10-23,764.7000122070312,SPY,2026-09-24 13:35 UTC
807.0,0.0,0.0,38.0,253.0,call,0.07945205479452055,2026-10-23,764.7000122070312,SPY,2026-09-24 13:35 UTC
808.0,0.0,0.0,10.0,332.0,call,0.07945205479452055,2026-10-23,764.7000122070312,SPY,2026-09-24 13:35 UTC
809.0,0.0,0.0,76.0,466.0,call,0.07945205479452055,2026-10-23,764.7000122070312,SPY,2026-09-24 13:35 UTC
810.0,0.0,0.0,306.0,744.0,call,0.07945205479452055,2026-10-23,764.7000122070312,SPY,2026-09-24 13:35 UTC
811.0,0.0,0.0,467.0,389.0,call,0.07945205479452055,2026-10-23,764.7000122070312,SPY,2026-09-24 13:35 UTC
812.0,0.0,0.0,154.0,501.0,call,0.07945205479452055,2026-10-23,764.7000122070312,SPY,2026-09-24 13:35 UTC
813.0,0.0,0.0,28.0,253.0,call,0.07945205479452055,2026-10-23,764.7000122070312,SPY,2026-09-24 13:35 UTC
814.0,0.0,0.0,17.0,479.0,call,0.07945205479452055,2026-10-23,764.7000122070312,SPY,2026-09-24 13:35 UTC
815.0,0.0,0.0,117.0,520.0,call,0.07945205479452055,2026-10-23,764.7000122070312,SPY,2026-09-24 13:35 UTC
816.0,0.0,0.0,2.0,152.0,call,0.07945205479452055,2026-10-23,764.7000122070312,SPY,2026-09-24 13:35 UTC
817.0,0.0,0.0,25.0,75.0,call,0.07945205479452055,2026-10-23,764.7000122070312,SPY,2026-09-24 13:35 UTC
818.0,0.0,0.0,16.0,107.0,call,0.07945205479452055,2026-10-23,764.7000122070312,SPY,2026-09-24 13:35 UTC
819.0,0.0,0.0,1.0,36.0,call,0.07945205479452055,2026-10-23,764.7000122070312,SPY,2026-09-24 13:35 UTC
820.0,0.0,0.0,39.0,274.0,call,0.07945205479452055,2026-10-23,764.7000122070312,SPY,2026-09-24 13:35 UTC
821.0,0.0,0.0,92.0,132.0,call,0.07945205479452055,2026-10-23,764.7000122070312,SPY,2026-09-24 13:35 UTC
822.0,0.0,0.0,52.0,168.0,call,0.07945205479452055,2026-10-23,764.7000122070312,SPY,2026-09-24 13:35 UTC
823.0,0.0,0.0,11.0,184.0,call,0.07945205479452055,2026-10-23,764.7000122070312,SPY,2026-09-24 13:35 UTC
824.0,0.0,0.0,1.0,31.0,call,0.07945205479452055,2026-10-23,764.7000122070312,SPY,2026-09-24 13:35 UTC
825.0,0.0,0.0,13.0,1315.0,call,0.07945205479452055,2026-10-23,764.7000122070312,SPY,2026-09-24 13:35 UTC
830.0,0.0,0.0,59.0,1525.0,call,0.07945205479452055,2026-10-23,764.7000122070312,SPY,2026-09-24 13:35 UTC
835.0,0.0,0.0,20.0,417.0,call,0.07945205479452055,2026-10-23,764.7000122070312,SPY,2026-09-24 13:35 UTC
840.0,0.0,0.0,4.0,114.0,call,0.07945205479452055,2026-10-23,764.7000122070312,SPY,2026-09-24 13:35 UTC
845.0,0.0,0.0,12.0,26.0,call,0.07945205479452055,2026-10-23,764.7000122070312,SPY,2026-09-24 13:35 UTC
850.0,0.0,0.0,48.0,290.0,call,0.07945205479452055,2026-10-23,764.7000122070312,SPY,2026-09-24 13:35 UTC
855.0,0.0,0.0,5.0,76.0,call,0.07945205479452055,2026-10-23,764.7000122070312,SPY,2026-09-24 13:35 UTC
860.0,0.0,0.0,24.0,145.0,call,0.07945205479452055,2026-10-23,764.7000122070312,SPY,2026-09-24 13:35 UTC
865.0,0.0,0.0,289.0,408.0,call,0.07945205479452055,2026-10-23,764.7000122070312,SPY,2026-09-24 13:35 UTC
870.0,0.0,0.0,10.0,182.0,call,0.07945205479452055,2026-10-23,764.7000122070312,SPY,2026-09-24 13:35 UTC
875.0,0.0,0.0,10.0,209.0,call,0.07945205479452055,2026-10-23,764.7000122070312,SPY,2026-09-24 13:35 UTC
880.0,0.0,0.0,24.0,116.0,call,0.07945205479452055,2026-10-23,764.7000122070312,SPY,2026-09-24 13:35 UTC
885.0,0.0,0.0,1.0,5.0,call,0.07945205479452055,2026-10-23,764.7000122070312,SPY,2026-09-24 13:35 UTC
890.0,0.0,0.0,1.0,25.0,call,0.07945205479452055,2026-10-23,764.7000122070312,SPY,2026-09-24 13:35 UTC
895.0,0.0,0.0,2.0,26.0,call,0.07945205479452055,2026-10-23,764.7000122070312,SPY,2026-09-24 13:35 UTC
905.0,0.0,0.0,1.0,9.0,call,0.07945205479452055,2026-10-23,764.7000122070312,SPY,2026-09-24 13:35 UTC
915.0,0.0,0.0,,6.0,call,0.07945205479452055,2026-10-23,764.7000122070312,SPY,2026-09-24 13:35 UTC
920.0,0.0,0.0,,50.0,call,0.07945205479452055,2026-10-23,764.7000122070312,SPY,2026-09-24 13:35 UTC
930.0,,0.0,,1.0,call,0.07945205479452055,2026-10-23,764.7000122070312,SPY,2026-09-24 13:35 UTC
500.0,0.0,0.0,36.0,1916.0,put,0.07945205479452055,2026-10-23,764.7000122070312,SPY,2026-09-24 13:35 UTC
510.0,0.0,0.0,1.0,3.0,put,0.07945205479452055,2026-10-23,764.7000122070312,SPY,2026-09-24 13:35 UTC
515.0,0.0,0.0,2.0,3.0,put,0.07945205479452055,2026-10-23,764.7000122070312,SPY,2026-09-24 13:35 UTC
520.0,0.0,0.0,11.0,3.0,put,0.07945205479452055,2026-10-23,764.7000122070312,SPY,2026-09-24 13:35 UTC
525.0,0.0,0.0,1.0,25.0,put,0.07945205479452055,2026-10-23,764.7000122070312,SPY,2026-09-24 13:35 UTC
530.0,0.0,0.0,1.0,14.0,put,0.07945205479452055,2026-10-23,764.7000122070312,SPY,2026-09-24 13:35 UTC
535.0,0.0,0.0,1.0,18.0,put,0.07945205479452055,2026-10-23,764.7000122070312,SPY,2026-09-24 13:35 UTC
540.0,0.0,0.0,85.0,89.0,put,0.07945205479452055,2026-10-23,764.7000122070312,SPY,2026-09-24 13:35 UTC
545.0,0.0,0.0,1.0,53.0,put,0.07945205479452055,2026-10-23,764.7000122070312,SPY,2026-09-24 13:35 UTC
550.0,0.0,0.0,10.0,225.0,put,0.07945205479452055,2026-10-23,764.7000122070312,SPY,2026-09-24 13:35 UTC
555.0,0.0,0.0,1.0,14.0,put,0.07945205479452055,2026-10-23,764.7000122070312,SPY,2026-09-24 13:35 UTC
560.0,0.0,0.0,1.0,7.0,put,0.07945205479452055,2026-10-23,764.7000122070312,SPY,2026-09-24 13:35 UTC
565.0,0.0,0.0,2.0,6.0,put,0.07945205479452055,2026-10-23,764.7000122070312,SPY,2026-09-24 13:35 UTC
570.0,0.0,0.0,1.0,30.0,put,0.07945205479452055,2026-10-23,764.7000122070312,SPY,2026-09-24 13:35 UTC
575.0,0.0,0.0,8.0,21.0,put,0.07945205479452055,2026-10-23,764.7000122070312,SPY,2026-09-24 13:35 UTC
580.0,0.0,0.0,2.0,17.0,put,0.07945205479452055,2026-10-23,764.7000122070312,SPY,2026-09-24 13:35 UTC
585.0,0.0,0.0,6.0,12.0,put,0.07945205479452055,2026-10-23,764.7000122070312,SPY,2026-09-24 13:35 UTC
590.0,0.0,0.0,42.0,158.0,put,0.07945205479452055,2026-10-23,764.7000122070312,SPY,2026-09-24 13:35 UTC
595.0,0.0,0.0,1.0,21.0,put,0.07945205479452055,2026-10-23,764.7000122070312,SPY,2026-09-24 13:35 UTC
600.0,0.0,0.0,3.0,243.0,put,0.07945205479452055,2026-10-23,764.7000122070312,SPY,2026-09-24 13:35 UTC
605.0,0.0,0.0,1.0,200.0,put,0.07945205479452055,2026-10-23,764.7000122070312,SPY,2026-09-24 13:35 UTC
610.0,0.0,0.0,9.0,230.0,put,0.07945205479452055,2026-10-23,764.7000122070312,SPY,2026-09-24 13:35 UTC
615.0,0.0,0.0,13.0,31.0,put,0.07945205479452055,2026-10-23,764.7000122070312,SPY,2026-09-24 13:35 UTC
620.0,0.0,0.0,6.0,307.0,put,0.07945205479452055,2026-10-23,764.7000122070312,SPY,2026-09-24 13:35 UTC
625.0,0.0,0.0,63.0,360.0,put,0.07945205479452055,2026-10-23,764.7000122070312,SPY,2026-09-24 13:35 UTC
630.0,0.0,0.0,33.0,113.0,put,0.07945205479452055,2026-10-23,764.7000122070312,SPY,2026-09-24 13:35 UTC
635.0,0.0,0.0,13.0,124.0,put,0.07945205479452055,2026-10-23,764.7000122070312,SPY,2026-09-24 13:35 UTC
640.0,0.0,0.0,19.0,139.0,put,0.07945205479452055,2026-10-23,764.7000122070312,SPY,2026-09-24 13:35 UTC
645.0,0.0,0.0,13.0,111.0,put,0.07945205479452055,2026-10-23,764.7000122070312,SPY,2026-09-24 13:35 UTC
650.0,0.0,0.0,91.0,1182.0,put,0.07945205479452055,2026-10-23,764.7000122070312,SPY,2026-09-24 13:35 UTC
655.0,0.0,0.0,22.0,227.0,put,0.07945205479452055,2026-10-23,764.7000122070312,SPY,2026-09-24 13:35 UTC
660.0,0.0,0.0,27.0,316.0,put,0.07945205479452055,2026-10-23,764.7000122070312,SPY,2026-09-24 13:35 UTC
665.0,0.0,0.0,17.0,918.0,put,0.07945205479452055,2026-10-23,764.7000122070312,SPY,2026-09-24 13:35 UTC
670.0,0.0,0.0,161.0,1442.0,put,0.07945205479452055,2026-10-23,764.7000122070312,SPY,2026-09-24 13:35 UTC
675.0,0.0,0.0,182.0,2516.0,put,0.07945205479452055,2026-10-23,764.7000122070312,SPY,2026-09-24 13:35 UTC
680.0,0.0,0.0,110.0,1037.0,put,0.07945205479452055,2026-10-23,764.7000122070312,SPY,2026-09-24 13:35 UTC
685.0,0.0,0.0,1136.0,1532.0,put,0.07945205479452055,2026-10-23,764.7000122070312,SPY,2026-09-24 13:35 UTC
690.0,0.0,0.0,423.0,1258.0,put,0.07945205479452055,2026-10-23,764.7000122070312,SPY,2026-09-24 13:35 UTC
695.0,0.0,0.0,531.0,1246.0,put,0.07945205479452055,2026-10-23,764.7000122070312,SPY,2026-09-24 13:35 UTC
700.0,0.0,0.0,700.0,2441.0,put,0.07945205479452055,2026-10-23,764.7000122070312,SPY,2026-09-24 13:35 UTC
705.0,0.0,0.0,1142.0,1572.0,put,0.07945205479452055,2026-10-23,764.7000122070312,SPY,2026-09-24 13:35 UTC
710.0,0.0,0.0,611.0,7811.0,put,0.07945205479452055,2026-10-23,764.7000122070312,SPY,2026-09-24 13:35 UTC
715.0,0.0,0.0,518.0,7733.0,put,0.07945205479452055,2026-10-23,764.7000122070312,SPY,2026-09-24 13:35 UTC
720.0,0.0,0.0,557.0,1299.0,put,0.07945205479452055,2026-10-23,764.7000122070312,SPY,2026-09-24 13:35 UTC
721.0,0.0,0.0,64.0,265.0,put,0.07945205479452055,2026-10-23,764.7000122070312,SPY,2026-09-24 13:35 UTC
722.0,0.0,0.0,27.0,194.0,put,0.07945205479452055,2026-10-23,764.7000122070312,SPY,2026-09-24 13:35 UTC
723.0,0.0,0.0,36.0,321.0,put,0.07945205479452055,2026-10-23,764.7000122070312,SPY,2026-09-24 13:35 UTC
724.0,0.0,0.0,125.0,618.0,put,0.07945205479452055,2026-10-23,764.7000122070312,SPY,2026-09-24 13:35 UTC
725.0,0.0,0.0,609.0,1440.0,put,0.07945205479452055,2026-10-23,764.7000122070312,SPY,2026-09-24 13:35 UTC
726.0,0.0,0.0,5.0,323.0,put,0.07945205479452055,2026-10-23,764.7000122070312,SPY,2026-09-24 13:35 UTC
727.0,0.0,0.0,49.0,408.0,put,0.07945205479452055,2026-10-23,764.7000122070312,SPY,2026-09-24 13:35 UTC
728.0,0.0,0.0,47.0,333.0,put,0.07945205479452055,2026-10-23,764.7000122070312,SPY,2026-09-24 13:35 UTC
729.0,0.0,0.0,36.0,632.0,put,0.07945205479452055,2026-10-23,764.7000122070312,SPY,2026-09-24 13:35 UTC
730.0,0.0,0.0,1768.0,1849.0,put,0.07945205479452055,2026-10-23,764.7000122070312,SPY,2026-09-24 13:35 UTC
731.0,0.0,0.0,10.0,259.0,put,0.07945205479452055,2026-10-23,764.7000122070312,SPY,2026-09-24 13:35 UTC
732.0,0.0,0.0,46.0,487.0,put,0.07945205479452055,2026-10-23,764.7000122070312,SPY,2026-09-24 13:35 UTC
733.0,0.0,0.0,99.0,572.0,put,0.07945205479452055,2026-10-23,764.7000122070312,SPY,2026-09-24 13:35 UTC
734.0,0.0,0.0,65.0,413.0,put,0.07945205479452055,2026-10-23,764.7000122070312,SPY,2026-09-24 13:35 UTC
735.0,0.0,0.0,126.0,902.0,put,0.07945205479452055,2026-10-23,764.7000122070312,SPY,2026-09-24 13:35 UTC
736.0,0.0,0.0,23.0,332.0,put,0.07945205479452055,2026-10-23,764.7000122070312,SPY,2026-09-24 13:35 UTC
737.0,0.0,0.0,190.0,453.0,put,0.07945205479452055,2026-10-23,764.7000122070312,SPY,2026-09-24 13:35 UTC
738.0,0.0,0.0,287.0,827.0,put,0.07945205479452055,2026-10-23,764.7000122070312,SPY,2026-09-24 13:35 UTC
739.0,0.0,0.0,116.0,210.0,put,0.07945205479452055,2026-10-23,764.7000122070312,SPY,2026-09-24 13:35 UTC
740.0,0.0,0.0,4712.0,5956.0,put,0.07945205479452055,2026-10-23,764.7000122070312,SPY,2026-09-24 13:35 UTC
741.0,0.0,0.0,170.0,382.0,put,0.07945205479452055,2026-10-23,764.7000122070312,SPY,2026-09-24 13:35 UTC
742.0,0.0,0.0,118.0,479.0,put,0.07945205479452055,2026-10-23,764.7000122070312,SPY,2026-09-24 13:35 UTC
743.0,0.0,0.0,121.0,207.0,put,0.07945205479452055,2026-10-23,764.7000122070312,SPY,2026-09-24 13:35 UTC
744.0,0.0,0.0,114.0,295.0,put,0.07945205479452055,2026-10-23,764.7000122070312,SPY,2026-09-24 13:35 UTC
745.0,0.0,0.0,434.0,721.0,put,0.07945205479452055,2026-10-23,764.7000122070312,SPY,2026-09-24 13:35 UTC
746.0,0.0,0.0,259.0,421.0,put,0.07945205479452055,2026-10-23,764.7000122070312,SPY,2026-09-24 13:35 UTC
747.0,0.0,0.0,183.0,371.0,put,0.07945205479452055,2026-10-23,764.7000122070312,SPY,2026-09-24 13:35 UTC
748.0,0.0,0.0,181.0,345.0,put,0.07945205479452055,2026-10-23,764.7000122070312,SPY,2026-09-24 13:35 UTC
749.0,0.0,0.0,80.0,249.0,put,0.07945205479452055,2026-10-23,764.7000122070312,SPY,2026-09-24 13:35 UTC
750.0,0.0,0.0,888.0,1879.0,put,0.07945205479452055,2026-10-23,764.7000122070312,SPY,2026-09-24 13:35 UTC
751.0,0.0,0.0,48.0,120.0,put,0.07945205479452055,2026-10-23,764.7000122070312,SPY,2026-09-24 13:35 UTC
752.0,0.0,0.0,207.0,302.0,put,0.07945205479452055,2026-10-23,764.7000122070312,SPY,2026-09-24 13:35 UTC
753.0,0.0,0.0,71.0,429.0,put,0.07945205479452055,2026-10-23,764.7000122070312,SPY,2026-09-24 13:35 UTC
754.0,0.0,0.0,73.0,833.0,put,0.07945205479452055,2026-10-23,764.7000122070312,SPY,2026-09-24 13:35 UTC
755.0,0.0,0.0,785.0,1229.0,put,0.07945205479452055,2026-10-23,764.7000122070312,SPY,2026-09-24 13:35 UTC
756.0,0.0,0.0,107.0,896.0,put,0.07945205479452055,2026-10-23,764.7000122070312,SPY,2026-09-24 13:35 UTC
757.0,0.0,0.0,222.0,661.0,put,0.07945205479452055,2026-10-23,764.7000122070312,SPY,2026-09-24 13:35 UTC
758.0,0.0,0.0,157.0,279.0,put,0.07945205479452055,2026-10-23,764.7000122070312,SPY,2026-09-24 13:35 UTC
759.0,0.0,0.0,134.0,928.0,put,0.07945205479452055,2026-10-23,764.7000122070312,SPY,2026-09-24 13:35 UTC
760.0,0.0,0.0,917.0,2024.0,put,0.07945205479452055,2026-10-23,764.7000122070312,SPY,2026-09-24 13:35 UTC
761.0,0.0,0.0,85.0,331.0,put,0.07945205479452055,2026-10-23,764.7000122070312,SPY,2026-09-24 13:35 UTC
762.0,0.0,0.0,827.0,930.0,put,0.07945205479452055,2026-10-23,764.7000122070312,SPY,2026-09-24 13:35 UTC
763.0,0.0,0.0,96.0,210.0,put,0.07945205479452055,2026-10-23,764.7000122070312,SPY,2026-09-24 13:35 UTC
764.0,0.0,0.0,467.0,365.0,put,0.07945205479452055,2026-10-23,764.7000122070312,SPY,2026-09-24 13:35 UTC
765.0,0.0,0.0,1387.0,1570.0,put,0.07945205479452055,2026-10-23,764.7000122070312,SPY,2026-09-24 13:35 UTC
766.0,0.0,0.0,581.0,360.0,put,0.07945205479452055,2026-10-23,764.7000122070312,SPY,2026-09-24 13:35 UTC
767.0,0.0,0.0,779.0,1062.0,put,0.07945205479452055,2026-10-23,764.7000122070312,SPY,2026-09-24 13:35 UTC
768.0,0.0,0.0,535.0,462.0,put,0.07945205479452055,2026-10-23,764.7000122070312,SPY,2026-09-24 13:35 UTC
769.0,0.0,0.0,674.0,661.0,put,0.07945205479452055,2026-10-23,764.7000122070312,SPY,2026-09-24 13:35 UTC
770.0,0.0,0.0,1099.0,1566.0,put,0.07945205479452055,2026-10-23,764.7000122070312,SPY,2026-09-24 13:35 UTC
771.0,0.0,0.0,978.0,1260.0,put,0.07945205479452055,2026-10-23,764.7000122070312,SPY,2026-09-24 13:35 UTC
772.0,0.0,0.0,508.0,924.0,put,0.07945205479452055,2026-10-23,764.7000122070312,SPY,2026-09-24 13:35 UTC
773.0,0.0,0.0,249.0,512.0,put,0.07945205479452055,2026-10-23,764.7000122070312,SPY,2026-09-24 13:35 UTC
774.0,0.0,0.0,197.0,713.0,put,0.07945205479452055,2026-10-23,764.7000122070312,SPY,2026-09-24 13:35 UTC
775.0,0.0,0.0,939.0,1390.0,put,0.07945205479452055,2026-10-23,764.7000122070312,SPY,2026-09-24 13:35 UTC
776.0,0.0,0.0,147.0,1258.0,put,0.07945205479452055,2026-10-23,764.7000122070312,SPY,2026-09-24 13:35 UTC
777.0,0.0,0.0,19.0,348.0,put,0.07945205479452055,2026-10-23,764.7000122070312,SPY,2026-09-24 13:35 UTC
778.0,0.0,0.0,16.0,492.0,put,0.07945205479452055,2026-10-23,764.7000122070312,SPY,2026-09-24 13:35 UTC
779.0,0.0,0.0,3.0,399.0,put,0.07945205479452055,2026-10-23,764.7000122070312,SPY,2026-09-24 13:35 UTC
780.0,0.0,0.0,25.0,97.0,put,0.07945205479452055,2026-10-23,764.7000122070312,SPY,2026-09-24 13:35 UTC
781.0,0.0,0.0,7.0,251.0,put,0.07945205479452055,2026-10-23,764.7000122070312,SPY,2026-09-24 13:35 UTC
782.0,0.0,0.0,6.0,17.0,put,0.07945205479452055,2026-10-23,764.7000122070312,SPY,2026-09-24 13:35 UTC
783.0,0.0,0.0,2.0,2.0,put,0.07945205479452055,2026-10-23,764.7000122070312,SPY,2026-09-24 13:35 UTC
784.0,0.0,0.0,1.0,40.0,put,0.07945205479452055,2026-10-23,764.7000122070312,SPY,2026-09-24 13:35 UTC
785.0,0.0,0.0,3.0,22.0,put,0.07945205479452055,2026-10-23,764.7000122070312,SPY,2026-09-24 13:35 UTC
786.0,0.0,0.0,3.0,18.0,put,0.07945205479452055,2026-10-23,764.7000122070312,SPY,2026-09-24 13:35 UTC
787.0,0.0,0.0,6.0,6.0,put,0.07945205479452055,2026-10-23,764.7000122070312,SPY,2026-09-24 13:35 UTC
788.0,0.0,0.0,,10.0,put,0.07945205479452055,2026-10-23,764.7000122070312,SPY,2026-09-24 13:35 UTC
789.0,0.0,0.0,16.0,22.0,put,0.07945205479452055,2026-10-23,764.7000122070312,SPY,2026-09-24 13:35 UTC
790.0,0.0,0.0,2.0,7.0,put,0.07945205479452055,2026-10-23,764.7000122070312,SPY,2026-09-24 13:35 UTC
791.0,0.0,0.0,1.0,2.0,put,0.07945205479452055,2026-10-23,764.7000122070312,SPY,2026-09-24 13:35 UTC
792.0,0.0,0.0,1.0,3.0,put,0.07945205479452055,2026-10-23,764.7000122070312,SPY,2026-09-24 13:35 UTC
793.0,0.0,0.0,2.0,1.0,put,0.07945205479452055,2026-10-23,764.7000122070312,SPY,2026-09-24 13:35 UTC
795.0,0.0,0.0,2.0,1.0,put,0.07945205479452055,2026-10-23,764.7000122070312,SPY,2026-09-24 13:35 UTC
796.0,0.0,0.0,2.0,2.0,put,0.07945205479452055,2026-10-23,764.7000122070312,SPY,2026-09-24 13:35 UTC
799.0,0.0,0.0,2.0,0.0,put,0.07945205479452055,2026-10-23,764.7000122070312,SPY,2026-09-24 13:35 UTC
805.0,0.0,0.0,3.0,1.0,put,0.07945205479452055,2026-10-23,764.7000122070312,SPY,2026-09-24 13:35 UTC
808.0,0.0,0.0,1.0,0.0,put,0.07945205479452055,2026-10-23,764.7000122070312,SPY,2026-09-24 13:35 UTC
810.0,0.0,0.0,8.0,0.0,put,0.07945205479452055,2026-10-23,764.7000122070312,SPY,2026-09-24 13:35 UTC
813.0,0.0,0.0,,,put,0.07945205479452055,2026-10-23,764.7000122070312,SPY,2026-09-24 13:35 UTC
815.0,0.0,0.0,1.0,0.0,put,0.07945205479452055,2026-10-23,764.7000122070312,SPY,2026-09-24 13:35 UTC
821.0,0.0,0.0,1.0,0.0,put,0.07945205479452055,2026-10-23,764.7000122070312,SPY,2026-09-24 13:35 UTC
850.0,0.0,0.0,1.0,0.0,put,0.07945205479452055,2026-10-23,764.7000122070312,SPY,2026-09-24 13:35 UTC
900.0,0.0,0.0,,0.0,put,0.07945205479452055,2026-10-23,764.7000122070312,SPY,2026-09-24 13:35 UTC
300.0,0.0,0.0,5.0,89.0,call,0.15616438356164383,2026-11-20,764.7000122070312,SPY,2026-09-24 13:35 UTC
310.0,0.0,0.0,,2.0,call,0.15616438356164383,2026-11-20,764.7000122070312,SPY,2026-09-24 13:35 UTC
325.0,431.32,434.78,,1.0,call,0.15616438356164383,2026-11-20,764.7000122070312,SPY,2026-09-24 13:35 UTC
340.0,416.6,420.11,,1.0,call,0.15616438356164383,2026-11-20,764.7000122070312,SPY,2026-09-24 13:35 UTC
345.0,0.0,0.0,,0.0,call,0.15616438356164383,2026-11-20,764.7000122070312,SPY,2026-09-24 13:35 UTC
350.0,0.0,0.0,2.0,2.0,call,0.15616438356164383,2026-11-20,764.7000122070312,SPY,2026-09-24 13:35 UTC
360.0,0.0,0.0,,1.0,call,0.15616438356164383,2026-11-20,764.7000122070312,SPY,2026-09-24 13:35 UTC
380.0,377.36,380.87,,1.0,call,0.15616438356164383,2026-11-20,764.7000122070312,SPY,2026-09-24 13:35 UTC
395.0,0.0,0.0,,0.0,call,0.15616438356164383,2026-11-20,764.7000122070312,SPY,2026-09-24 13:35 UTC
400.0,0.0,0.0,11.0,22.0,call,0.15616438356164383,2026-11-20,764.7000122070312,SPY,2026-09-24 13:35 UTC
410.0,355.02,357.71,,1.0,call,0.15616438356164383,2026-11-20,764.7000122070312,SPY,2026-09-24 13:35 UTC
415.0,0.0,0.0,1.0,1.0,call,0.15616438356164383,2026-11-20,764.7000122070312,SPY,2026-09-24 13:35 UTC
425.0,0.0,0.0,3.0,8.0,call,0.15616438356164383,2026-11-20,764.7000122070312,SPY,2026-09-24 13:35 UTC
430.0,340.02,343.54,,1.0,call,0.15616438356164383,2026-11-20,764.7000122070312,SPY,2026-09-24 13:35 UTC
435.0,0.0,0.0,2.0,22.0,call,0.15616438356164383,2026-11-20,764.7000122070312,SPY,2026-09-24 13:35 UTC
440.0,0.0,0.0,1.0,0.0,call,0.15616438356164383,2026-11-20,764.7000122070312,SPY,2026-09-24 13:35 UTC
445.0,0.0,0.0,,4.0,call,0.15616438356164383,2026-11-20,764.7000122070312,SPY,2026-09-24 13:35 UTC
450.0,0.0,0.0,2.0,16.0,call,0.15616438356164383,2026-11-20,764.7000122070312,SPY,2026-09-24 13:35 UTC
460.0,0.0,0.0,1.0,16.0,call,0.15616438356164383,2026-11-20,764.7000122070312,SPY,2026-09-24 13:35 UTC
465.0,0.0,0.0,1.0,4.0,call,0.15616438356164383,2026-11-20,764.7000122070312,SPY,2026-09-24 13:35 UTC
470.0,0.0,0.0,1.0,6.0,call,0.15616438356164383,2026-11-20,764.7000122070312,SPY,2026-09-24 13:35 UTC
480.0,0.0,0.0,3.0,9.0,call,0.15616438356164383,2026-11-20,764.7000122070312,SPY,2026-09-24 13:35 UTC
485.0,0.0,0.0,3.0,9.0,call,0.15616438356164383,2026-11-20,764.7000122070312,SPY,2026-09-24 13:35 UTC
490.0,280.74,284.26,20.0,33.0,call,0.15616438356164383,2026-11-20,764.7000122070312,SPY,2026-09-24 13:35 UTC
495.0,0.0,0.0,5.0,6.0,call,0.15616438356164383,2026-11-20,764.7000122070312,SPY,2026-09-24 13:35 UTC
500.0,0.0,0.0,1.0,45.0,call,0.15616438356164383,2026-11-20,764.7000122070312,SPY,2026-09-24 13:35 UTC
505.0,0.0,0.0,2.0,3.0,call,0.15616438356164383,2026-11-20,764.7000122070312,SPY,2026-09-24 13:35 UTC
510.0,0.0,0.0,30.0,34.0,call,0.15616438356164383,2026-11-20,764.7000122070312,SPY,2026-09-24 13:35 UTC
515.0,0.0,0.0,4.0,97.0,call,0.15616438356164383,2026-11-20,764.7000122070312,SPY,2026-09-24 13:35 UTC
520.0,0.0,0.0,5.0,52.0,call,0.15616438356164383,2026-11-20,764.7000122070312,SPY,2026-09-24 13:35 UTC
525.0,0.0,0.0,4.0,6.0,call,0.15616438356164383,2026-11-20,764.7000122070312,SPY,2026-09-24 13:35 UTC
530.0,0.0,0.0,24.0,82.0,call,0.15616438356164383,2026-11-20,764.7000122070312,SPY,2026-09-24 13:35 UTC
535.0,0.0,0.0,4.0,10.0,call,0.15616438356164383,2026-11-20,764.7000122070312,SPY,2026-09-24 13:35 UTC
540.0,0.0,0.0,4.0,8.0,call,0.15616438356164383,2026-11-20,764.7000122070312,SPY,2026-09-24 13:35 UTC
545.0,0.0,0.0,1.0,5.0,call,0.15616438356164383,2026-11-20,764.7000122070312,SPY,2026-09-24 13:35 UTC
550.0,0.0,0.0,1.0,25.0,call,0.15616438356164383,2026-11-20,764.7000122070312,SPY,2026-09-24 13:35 UTC
555.0,0.0,0.0,1.0,11.0,call,0.15616438356164383,2026-11-20,764.7000122070312,SPY,2026-09-24 13:35 UTC
560.0,0.0,0.0,1.0,20.0,call,0.15616438356164383,2026-11-20,764.7000122070312,SPY,2026-09-24 13:35 UTC
565.0,0.0,0.0,5.0,14.0,call,0.15616438356164383,2026-11-20,764.7000122070312,SPY,2026-09-24 13:35 UTC
570.0,0.0,0.0,4.0,5.0,call,0.15616438356164383,2026-11-20,764.7000122070312,SPY,2026-09-24 13:35 UTC
575.0,0.0,0.0,2.0,42.0,call,0.15616438356164383,2026-11-20,764.7000122070312,SPY,2026-09-24 13:35 UTC
580.0,0.0,0.0,1.0,53.0,call,0.15616438356164383,2026-11-20,764.7000122070312,SPY,2026-09-24 13:35 UTC
585.0,0.0,0.0,5.0,14.0,call,0.15616438356164383,2026-11-20,764.7000122070312,SPY,2026-09-24 13:35 UTC
590.0,0.0,0.0,2.0,6.0,call,0.15616438356164383,2026-11-20,764.7000122070312,SPY,2026-09-24 13:35 UTC
595.0,0.0,0.0,66.0,74.0,call,0.15616438356164383,2026-11-20,764.7000122070312,SPY,2026-09-24 13:35 UTC
600.0,0.0,0.0,9.0,1554.0,call,0.15616438356164383,2026-11-20,764.7000122070312,SPY,2026-09-24 13:35 UTC
605.0,0.0,0.0,1.0,4.0,call,0.15616438356164383,2026-11-20,764.7000122070312,SPY,2026-09-24 13:35 UTC
610.0,0.0,0.0,2.0,36.0,call,0.15616438356164383,2026-11-20,764.7000122070312,SPY,2026-09-24 13:35 UTC
615.0,0.0,0.0,16.0,27.0,call,0.15616438356164383,2026-11-20,764.7000122070312,SPY,2026-09-24 13:35 UTC
620.0,0.0,0.0,1.0,38.0,call,0.15616438356164383,2026-11-20,764.7000122070312,SPY,2026-09-24 13:35 UTC
625.0,0.0,0.0,1.0,5.0,call,0.15616438356164383,2026-11-20,764.7000122070312,SPY,2026-09-24 13:35 UTC
630.0,0.0,0.0,1.0,783.0,call,0.15616438356164383,2026-11-20,764.7000122070312,SPY,2026-09-24 13:35 UTC
635.0,0.0,0.0,1.0,139.0,call,0.15616438356164383,2026-11-20,764.7000122070312,SPY,2026-09-24 13:35 UTC
640.0,0.0,0.0,1.0,428.0,call,0.15616438356164383,2026-11-20,764.7000122070312,SPY,2026-09-24 13:35 UTC
645.0,0.0,0.0,1.0,69.0,call,0.15616438356164383,2026-11-20,764.7000122070312,SPY,2026-09-24 13:35 UTC
650.0,0.0,0.0,1.0,2071.0,call,0.15616438356164383,2026-11-20,764.7000122070312,SPY,2026-09-24 13:35 UTC
655.0,0.0,0.0,1.0,176.0,call,0.15616438356164383,2026-11-20,764.7000122070312,SPY,2026-09-24 13:35 UTC
660.0,0.0,0.0,4.0,339.0,call,0.15616438356164383,2026-11-20,764.7000122070312,SPY,2026-09-24 13:35 UTC
665.0,0.0,0.0,3.0,100.0,call,0.15616438356164383,2026-11-20,764.7000122070312,SPY,2026-09-24 13:35 UTC
670.0,0.0,0.0,12.0,529.0,call,0.15616438356164383,2026-11-20,764.7000122070312,SPY,2026-09-24 13:35 UTC
675.0,0.0,0.0,3.0,79.0,call,0.15616438356164383,2026-11-20,764.7000122070312,SPY,2026-09-24 13:35 UTC
680.0,0.0,0.0,1.0,495.0,call,0.15616438356164383,2026-11-20,764.7000122070312,SPY,2026-09-24 13:35 UTC
685.0,0.0,0.0,2.0,301.0,call,0.15616438356164383,2026-11-20,764.7000122070312,SPY,2026-09-24 13:35 UTC
690.0,0.0,0.0,1.0,1477.0,call,0.15616438356164383,2026-11-20,764.7000122070312,SPY,2026-09-24 13:35 UTC
695.0,0.0,0.0,1.0,127.0,call,0.15616438356164383,2026-11-20,764.7000122070312,SPY,2026-09-24 13:35 UTC
700.0,0.0,0.0,244.0,5771.0,call,0.15616438356164383,2026-11-20,764.7000122070312,SPY,2026-09-24 13:35 UTC
705.0,0.0,0.0,28.0,446.0,call,0.15616438356164383,2026-11-20,764.7000122070312,SPY,2026-09-24 13:35 UTC
710.0,0.0,0.0,7.0,409.0,call,0.15616438356164383,2026-11-20,764.7000122070312,SPY,2026-09-24 13:35 UTC
715.0,0.0,0.0,2.0,141.0,call,0.15616438356164383,2026-11-20,764.7000122070312,SPY,2026-09-24 13:35 UTC
720.0,0.0,0.0,14.0,1910.0,call,0.15616438356164383,2026-11-20,764.7000122070312,SPY,2026-09-24 13:35 UTC
725.0,0.0,0.0,3.0,1598.0,call,0.15616438356164383,2026-11-20,764.7000122070312,SPY,2026-09-24 13:35 UTC
730.0,0.0,0.0,1.0,1803.0,call,0.15616438356164383,2026-11-20,764.7000122070312,SPY,2026-09-24 13:35 UTC
735.0,0.0,0.0,6.0,2063.0,call,0.15616438356164383,2026-11-20,764.7000122070312,SPY,2026-09-24 13:35 UTC
740.0,0.0,0.0,78.0,3007.0,call,0.15616438356164383,2026-11-20,764.7000122070312,SPY,2026-09-24 13:35 UTC
745.0,0.0,0.0,23.0,3008.0,call,0.15616438356164383,2026-11-20,764.7000122070312,SPY,2026-09-24 13:35 UTC
750.0,0.0,0.0,1922.0,4574.0,call,0.15616438356164383,2026-11-20,764.7000122070312,SPY,2026-09-24 13:35 UTC
755.0,0.0,0.0,42.0,1792.0,call,0.15616438356164383,2026-11-20,764.7000122070312,SPY,2026-09-24 13:35 UTC
760.0,0.0,0.0,87.0,5992.0,call,0.15616438356164383,2026-11-20,764.7000122070312,SPY,2026-09-24 13:35 UTC
765.0,0.0,0.0,312.0,5861.0,call,0.15616438356164383,2026-11-20,764.7000122070312,SPY,2026-09-24 13:35 UTC
770.0,0.0,0.0,2056.0,13434.0,call,0.15616438356164383,2026-11-20,764.7000122070312,SPY,2026-09-24 13:35 UTC
775.0,0.0,0.0,1077.0,10357.0,call,0.15616438356164383,2026-11-20,764.7000122070312,SPY,2026-09-24 13:35 UTC
780.0,0.0,0.0,1962.0,11310.0,call,0.15616438356164383,2026-11-20,764.7000122070312,SPY,2026-09-24 13:35 UTC
785.0,0.0,0.0,2399.0,8405.0,call,0.15616438356164383,2026-11-20,764.7000122070312,SPY,2026-09-24 13:35 UTC
790.0,0.0,0.0,1209.0,10848.0,call,0.15616438356164383,2026-11-20,764.7000122070312,SPY,2026-09-24 13:35 UTC
795.0,0.0,0.0,685.0,6305.0,call,0.15616438356164383,2026-11-20,764.7000122070312,SPY,2026-09-24 13:35 UTC
800.0,0.0,0.0,1797.0,15556.0,call,0.15616438356164383,2026-11-20,764.7000122070312,SPY,2026-09-24 13:35 UTC
805.0,0.0,0.0,657.0,4962.0,call,0.15616438356164383,2026-11-20,764.7000122070312,SPY,2026-09-24 13:35 UTC
810.0,0.0,0.0,745.0,26057.0,call,0.15616438356164383,2026-11-20,764.7000122070312,SPY,2026-09-24 13:35 UTC
815.0,0.0,0.0,368.0,4413.0,call,0.15616438356164383,2026-11-20,764.7000122070312,SPY,2026-09-24 13:35 UTC
820.0,0.0,0.0,1560.0,15608.0,call,0.15616438356164383,2026-11-20,764.7000122070312,SPY,2026-09-24 13:35 UTC
825.0,0.0,0.0,1025.0,6091.0,call,0.15616438356164383,2026-11-20,764.7000122070312,SPY,2026-09-24 13:35 UTC
830.0,0.0,0.0,965.0,5966.0,call,0.15616438356164383,2026-11-20,764.7000122070312,SPY,2026-09-24 13:35 UTC
835.0,0.0,0.0,1087.0,4514.0,call,0.15616438356164383,2026-11-20,764.7000122070312,SPY,2026-09-24 13:35 UTC
840.0,0.0,0.0,585.0,2370.0,call,0.15616438356164383,2026-11-20,764.7000122070312,SPY,2026-09-24 13:35 UTC
845.0,0.0,0.0,19.0,1992.0,call,0.15616438356164383,2026-11-20,764.7000122070312,SPY,2026-09-24 13:35 UTC
850.0,0.0,0.0,263.0,6785.0,call,0.15616438356164383,2026-11-20,764.7000122070312,SPY,2026-09-24 13:35 UTC
855.0,0.0,0.0,110.0,1151.0,call,0.15616438356164383,2026-11-20,764.7000122070312,SPY,2026-09-24 13:35 UTC
860.0,0.0,0.0,12.0,1056.0,call,0.15616438356164383,2026-11-20,764.7000122070312,SPY,2026-09-24 13:35 UTC
865.0,0.0,0.0,597.0,1532.0,call,0.15616438356164383,2026-11-20,764.7000122070312,SPY,2026-09-24 13:35 UTC
870.0,0.0,0.0,3.0,673.0,call,0.15616438356164383,2026-11-20,764.7000122070312,SPY,2026-09-24 13:35 UTC
875.0,0.0,0.0,5.0,23165.0,call,0.15616438356164383,2026-11-20,764.7000122070312,SPY,2026-09-24 13:35 UTC
880.0,0.0,0.0,3.0,1260.0,call,0.15616438356164383,2026-11-20,764.7000122070312,SPY,2026-09-24 13:35 UTC
885.0,0.0,0.0,10.0,748.0,call,0.15616438356164383,2026-11-20,764.7000122070312,SPY,2026-09-24 13:35 UTC
890.0,0.0,0.0,2.0,780.0,call,0.15616438356164383,2026-11-20,764.7000122070312,SPY,2026-09-24 13:35 UTC
895.0,0.0,0.0,6.0,1015.0,call,0.15616438356164383,2026-11-20,764.7000122070312,SPY,2026-09-24 13:35 UTC
900.0,0.0,0.0,1000.0,2466.0,call,0.15616438356164383,2026-11-20,764.7000122070312,SPY,2026-09-24 13:35 UTC
905.0,0.0,0.0,5.0,1205.0,call,0.15616438356164383,2026-11-20,764.7000122070312,SPY,2026-09-24 13:35 UTC
910.0,0.0,0.0,2.0,292.0,call,0.15616438356164383,2026-11-20,764.7000122070312,SPY,2026-09-24 13:35 UTC
915.0,0.0,0.0,50.0,270.0,call,0.15616438356164383,2026-11-20,764.7000122070312,SPY,2026-09-24 13:35 UTC
920.0,0.0,0.0,96.0,1614.0,call,0.15616438356164383,2026-11-20,764.7000122070312,SPY,2026-09-24 13:35 UTC
925.0,0.0,0.0,25.0,87.0,call,0.15616438356164383,2026-11-20,764.7000122070312,SPY,2026-09-24 13:35 UTC
930.0,0.0,0.0,10.0,115.0,call,0.15616438356164383,2026-11-20,764.7000122070312,SPY,2026-09-24 13:35 UTC
935.0,0.0,0.0,1.0,12.0,call,0.15616438356164383,2026-11-20,764.7000122070312,SPY,2026-09-24 13:35 UTC
940.0,0.0,0.0,84.0,319.0,call,0.15616438356164383,2026-11-20,764.7000122070312,SPY,2026-09-24 13:35 UTC
945.0,0.0,0.0,3.0,276.0,call,0.15616438356164383,2026-11-20,764.7000122070312,SPY,2026-09-24 13:35 UTC
950.0,0.0,0.0,91.0,2395.0,call,0.15616438356164383,2026-11-20,764.7000122070312,SPY,2026-09-24 13:35 UTC
955.0,0.0,0.0,7.0,28.0,call,0.15616438356164383,2026-11-20,764.7000122070312,SPY,2026-09-24 13:35 UTC
960.0,0.0,0.0,2.0,30.0,call,0.15616438356164383,2026-11-20,764.7000122070312,SPY,2026-09-24 13:35 UTC
965.0,0.0,0.0,1.0,51.0,call,0.15616438356164383,2026-11-20,764.7000122070312,SPY,2026-09-24 13:35 UTC
970.0,0.0,0.0,2.0,34.0,call,0.15616438356164383,2026-11-20,764.7000122070312,SPY,2026-09-24 13:35 UTC
975.0,0.0,0.0,40.0,49.0,call,0.15616438356164383,2026-11-20,764.7000122070312,SPY,2026-09-24 13:35 UTC
980.0,0.0,0.0,297.0,115.0,call,0.15616438356164383,2026-11-20,764.7000122070312,SPY,2026-09-24 13:35 UTC
985.0,0.0,0.0,1.0,851.0,call,0.15616438356164383,2026-11-20,764.7000122070312,SPY,2026-09-24 13:35 UTC
990.0,0.0,0.0,90.0,526.0,call,0.15616438356164383,2026-11-20,764.7000122070312,SPY,2026-09-24 13:35 UTC
995.0,0.0,0.0,1.0,407.0,call,0.15616438356164383,2026-11-20,764.7000122070312,SPY,2026-09-24 13:35 UTC
1000.0,0.0,0.0,7.0,788.0,call,0.15616438356164383,2026-11-20,764.7000122070312,SPY,2026-09-24 13:35 UTC
300.0,0.0,0.0,51.0,4557.0,put,0.15616438356164383,2026-11-20,764.7000122070312,SPY,2026-09-24 13:35 UTC
305.0,0.0,0.0,4.0,1675.0,put,0.15616438356164383,2026-11-20,764.7000122070312,SPY,2026-09-24 13:35 UTC
310.0,0.0,0.0,4.0,136.0,put,0.15616438356164383,2026-11-20,764.7000122070312,SPY,2026-09-24 13:35 UTC
315.0,0.0,0.0,123.0,621.0,put,0.15616438356164383,2026-11-20,764.7000122070312,SPY,2026-09-24 13:35 UTC
320.0,0.0,0.0,49.0,440.0,put,0.15616438356164383,2026-11-20,764.7000122070312,SPY,2026-09-24 13:35 UTC
325.0,0.0,0.0,48.0,293.0,put,0.15616438356164383,2026-11-20,764.7000122070312,SPY,2026-09-24 13:35 UTC
330.0,0.0,0.0,104.0,147.0,put,0.15616438356164383,2026-11-20,764.7000122070312,SPY,2026-09-24 13:35 UTC
335.0,0.0,0.0,45.0,83.0,put,0.15616438356164383,2026-11-20,764.7000122070312,SPY,2026-09-24 13:35 UTC
340.0,0.0,0.0,50.0,2037.0,put,0.15616438356164383,2026-11-20,764.7000122070312,SPY,2026-09-24 13:35 UTC
345.0,0.0,0.0,25.0,374.0,put,0.15616438356164383,2026-11-20,764.7000122070312,SPY,2026-09-24 13:35 UTC
350.0,0.0,0.0,3.0,799.0,put,0.15616438356164383,2026-11-20,764.7000122070312,SPY,2026-09-24 13:35 UTC
355.0,0.0,0.0,2610.0,1006.0,put,0.15616438356164383,2026-11-20,764.7000122070312,SPY,2026-09-24 13:35 UTC
360.0,0.0,0.0,2220.0,2084.0,put,0.15616438356164383,2026-11-20,764.7000122070312,SPY,2026-09-24 13:35 UTC
365.0,0.0,0.0,11988.0,8552.0,put,0.15616438356164383,2026-11-20,764.7000122070312,SPY,2026-09-24 13:35 UTC
370.0,0.0,0.0,2520.0,11600.0,put,0.15616438356164383,2026-11-20,764.7000122070312,SPY,2026-09-24 13:35 UTC
375.0,0.0,0.0,34.0,2153.0,put,0.15616438356164383,2026-11-20,764.7000122070312,SPY,2026-09-24 13:35 UTC
380.0,0.0,0.0,1.0,150499.0,put,0.15616438356164383,2026-11-20,764.7000122070312,SPY,2026-09-24 13:35 UTC
385.0,0.0,0.0,50.0,247.0,put,0.15616438356164383,2026-11-20,764.7000122070312,SPY,2026-09-24 13:35 UTC
390.0,0.0,0.0,1.0,104302.0,put,0.15616438356164383,2026-11-20,764.7000122070312,SPY,2026-09-24 13:35 UTC
395.0,0.0,0.0,50.0,2686.0,put,0.15616438356164383,2026-11-20,764.7000122070312,SPY,2026-09-24 13:35 UTC
400.0,0.0,0.0,1.0,75825.0,put,0.15616438356164383,2026-11-20,764.7000122070312,SPY,2026-09-24 13:35 UTC
405.0,0.0,0.0,1.0,237.0,put,0.15616438356164383,2026-11-20,764.7000122070312,SPY,2026-09-24 13:35 UTC
410.0,0.0,0.0,1.0,1513.0,put,0.15616438356164383,2026-11-20,764.7000122070312,SPY,2026-09-24 13:35 UTC
415.0,0.0,0.0,5.0,401.0,put,0.15616438356164383,2026-11-20,764.7000122070312,SPY,2026-09-24 13:35 UTC
420.0,0.0,0.0,654.0,1027.0,put,0.15616438356164383,2026-11-20,764.7000122070312,SPY,2026-09-24 13:35 UTC
425.0,0.0,0.0,69.0,353.0,put,0.15616438356164383,2026-11-20,764.7000122070312,SPY,2026-09-24 13:35 UTC
430.0,0.0,0.0,40.0,2791.0,put,0.15616438356164383,2026-11-20,764.7000122070312,SPY,2026-09-24 13:35 UTC
435.0,0.0,0.0,107.0,253.0,put,0.15616438356164383,2026-11-20,764.7000122070312,SPY,2026-09-24 13:35 UTC
440.0,0.0,0.0,21.0,156.0,put,0.15616438356164383,2026-11-20,764.7000122070312,SPY,2026-09-24 13:35 UTC
445.0,0.0,0.0,45.0,131.0,put,0.15616438356164383,2026-11-20,764.7000122070312,SPY,2026-09-24 13:35 UTC
450.0,0.0,0.0,36.0,1220.0,put,0.15616438356164383,2026-11-20,764.7000122070312,SPY,2026-09-24 13:35 UTC
455.0,0.0,0.0,27.0,189.0,put,0.15616438356164383,2026-11-20,764.7000122070312,SPY,2026-09-24 13:35 UTC
460.0,0.0,0.0,35.0,840.0,put,0.15616438356164383,2026-11-20,764.7000122070312,SPY,2026-09-24 13:35 UTC
465.0,0.0,0.0,15.0,3053.0,put,0.15616438356164383,2026-11-20,764.7000122070312,SPY,2026-09-24 13:35 UTC
470.0,0.0,0.0,15.0,5965.0,put,0.15616438356164383,2026-11-20,764.7000122070312,SPY,2026-09-24 13:35 UTC
475.0,0.0,0.0,2.0,3218.0,put,0.15616438356164383,2026-11-20,764.7000122070312,SPY,2026-09-24 13:35 UTC
480.0,0.0,0.0,29.0,5313.0,put,0.15616438356164383,2026-11-20,764.7000122070312,SPY,2026-09-24 13:35 UTC
485.0,0.0,0.0,6.0,197.0,put,0.15616438356164383,2026-11-20,764.7000122070312,SPY,2026-09-24 13:35 UTC
490.0,0.0,0.0,1.0,166.0,put,0.15616438356164383,2026-11-20,764.7000122070312,SPY,2026-09-24 13:35 UTC
495.0,0.0,0.0,7.0,197.0,put,0.15616438356164383,2026-11-20,764.7000122070312,SPY,2026-09-24 13:35 UTC
500.0,0.0,0.0,83.0,303973.0,put,0.15616438356164383,2026-11-20,764.7000122070312,SPY,2026-09-24 13:35 UTC
505.0,0.0,0.0,36.0,259.0,put,0.15616438356164383,2026-11-20,764.7000122070312,SPY,2026-09-24 13:35 UTC
510.0,0.0,0.0,30.0,200284.0,put,0.15616438356164383,2026-11-20,764.7000122070312,SPY,2026-09-24 13:35 UTC
515.0,0.0,0.0,7.0,8064.0,put,0.15616438356164383,2026-11-20,764.7000122070312,SPY,2026-09-24 13:35 UTC
520.0,0.0,0.0,25.0,152873.0,put,0.15616438356164383,2026-11-20,764.7000122070312,SPY,2026-09-24 13:35 UTC
525.0,0.0,0.0,1.0,478.0,put,0.15616438356164383,2026-11-20,764.7000122070312,SPY,2026-09-24 13:35 UTC
530.0,0.0,0.0,1.0,981.0,put,0.15616438356164383,2026-11-20,764.7000122070312,SPY,2026-09-24 13:35 UTC
535.0,0.0,0.0,20.0,657.0,put,0.15616438356164383,2026-11-20,764.7000122070312,SPY,2026-09-24 13:35 UTC
540.0,0.0,0.0,295.0,1310.0,put,0.15616438356164383,2026-11-20,764.7000122070312,SPY,2026-09-24 13:35 UTC
545.0,0.0,0.0,3.0,973.0,put,0.15616438356164383,2026-11-20,764.7000122070312,SPY,2026-09-24 13:35 UTC
550.0,0.0,0.0,76.0,4600.0,put,0.15616438356164383,2026-11-20,764.7000122070312,SPY,2026-09-24 13:35 UTC
555.0,0.0,0.0,5.0,799.0,put,0.15616438356164383,2026-11-20,764.7000122070312,SPY,2026-09-24 13:35 UTC
560.0,0.0,0.0,12.0,4857.0,put,0.15616438356164383,2026-11-20,764.7000122070312,SPY,2026-09-24 13:35 UTC
565.0,0.0,0.0,2.0,2031.0,put,0.15616438356164383,2026-11-20,764.7000122070312,SPY,2026-09-24 13:35 UTC
570.0,0.0,0.0,57.0,1302.0,put,0.15616438356164383,2026-11-20,764.7000122070312,SPY,2026-09-24 13:35 UTC
575.0,0.0,0.0,56.0,949.0,put,0.15616438356164383,2026-11-20,764.7000122070312,SPY,2026-09-24 13:35 UTC
580.0,0.0,0.0,25.0,17654.0,put,0.15616438356164383,2026-11-20,764.7000122070312,SPY,2026-09-24 13:35 UTC
585.0,0.0,0.0,5.0,617.0,put,0.15616438356164383,2026-11-20,764.7000122070312,SPY,2026-09-24 13:35 UTC
590.0,0.0,0.0,3.0,1616.0,put,0.15616438356164383,2026-11-20,764.7000122070312,SPY,2026-09-24 13:35 UTC
595.0,0.0,0.0,6.0,633.0,put,0.15616438356164383,2026-11-20,764.7000122070312,SPY,2026-09-24 13:35 UTC
600.0,0.0,0.0,101.0,5346.0,put,0.15616438356164383,2026-11-20,764.7000122070312,SPY,2026-09-24 13:35 UTC
605.0,0.0,0.0,276.0,1119.0,put,0.15616438356164383,2026-11-20,764.7000122070312,SPY,2026-09-24 13:35 UTC
610.0,0.0,0.0,82.0,2256.0,put,0.15616438356164383,2026-11-20,764.7000122070312,SPY,2026-09-24 13:35 UTC
615.0,0.0,0.0,626.0,3134.0,put,0.15616438356164383,2026-11-20,764.7000122070312,SPY,2026-09-24 13:35 UTC
620.0,0.0,0.0,652.0,163881.0,put,0.15616438356164383,2026-11-20,764.7000122070312,SPY,2026-09-24 13:35 UTC
625.0,0.0,0.0,102.0,2392.0,put,0.15616438356164383,2026-11-20,764.7000122070312,SPY,2026-09-24 13:35 UTC
630.0,0.0,0.0,40.0,102847.0,put,0.15616438356164383,2026-11-20,764.7000122070312,SPY,2026-09-24 13:35 UTC
635.0,0.0,0.0,680.0,2476.0,put,0.15616438356164383,2026-11-20,764.7000122070312,SPY,2026-09-24 13:35 UTC
640.0,0.0,0.0,1040.0,79307.0,put,0.15616438356164383,2026-11-20,764.7000122070312,SPY,2026-09-24 13:35 UTC
645.0,0.0,0.0,315.0,2076.0,put,0.15616438356164383,2026-11-20,764.7000122070312,SPY,2026-09-24 13:35 UTC
650.0,0.0,0.0,799.0,16343.0,put,0.15616438356164383,2026-11-20,764.7000122070312,SPY,2026-09-24 13:35 UTC
655.0,0.0,0.0,14.0,12283.0,put,0.15616438356164383,2026-11-20,764.7000122070312,SPY,2026-09-24 13:35 UTC
660.0,0.0,0.0,627.0,15151.0,put,0.15616438356164383,2026-11-20,764.7000122070312,SPY,2026-09-24 13:35 UTC
665.0,0.0,0.0,543.0,2197.0,put,0.15616438356164383,2026-11-20,764.7000122070312,SPY,2026-09-24 13:35 UTC
670.0,0.0,0.0,168.0,4742.0,put,0.15616438356164383,2026-11-20,764.7000122070312,SPY,2026-09-24 13:35 UTC
675.0,0.0,0.0,190.0,5518.0,put,0.15616438356164383,2026-11-20,764.7000122070312,SPY,2026-09-24 13:35 UTC
680.0,0.0,0.0,8301.0,50556.0,put,0.15616438356164383,2026-11-20,764.7000122070312,SPY,2026-09-24 13:35 UTC
685.0,0.0,0.0,334.0,7663.0,put,0.15616438356164383,2026-11-20,764.7000122070312,SPY,2026-09-24 13:35 UTC
690.0,0.0,0.0,260.0,19940.0,put,0.15616438356164383,2026-11-20,764.7000122070312,SPY,2026-09-24 13:35 UTC
695.0,0.0,0.0,375.0,5289.0,put,0.15616438356164383,2026-11-20,764.7000122070312,SPY,2026-09-24 13:35 UTC
700.0,0.0,0.0,4817.0,36627.0,put,0.15616438356164383,2026-11-20,764.7000122070312,SPY,2026-09-24 13:35 UTC
705.0,0.0,0.0,462.0,8216.0,put,0.15616438356164383,2026-11-20,764.7000122070312,SPY,2026-09-24 13:35 UTC
710.0,0.0,0.0,459.0,8599.0,put,0.15616438356164383,2026-11-20,764.7000122070312,SPY,2026-09-24 13:35 UTC
715.0,0.0,0.0,519.0,23273.0,put,0.15616438356164383,2026-11-20,764.7000122070312,SPY,2026-09-24 13:35 UTC
720.0,0.0,0.0,8491.0,33199.0,put,0.15616438356164383,2026-11-20,764.7000122070312,SPY,2026-09-24 13:35 UTC
725.0,0.0,0.0,878.0,16176.0,put,0.15616438356164383,2026-11-20,764.7000122070312,SPY,2026-09-24 13:35 UTC
730.0,0.0,0.0,14987.0,36868.0,put,0.15616438356164383,2026-11-20,764.7000122070312,SPY,2026-09-24 13:35 UTC
735.0,0.0,0.0,10119.0,7268.0,put,0.15616438356164383,2026-11-20,764.7000122070312,SPY,2026-09-24 13:35 UTC
740.0,0.0,0.0,4961.0,17478.0,put,0.15616438356164383,2026-11-20,764.7000122070312,SPY,2026-09-24 13:35 UTC
745.0,0.0,0.0,2083.0,29045.0,put,0.15616438356164383,2026-11-20,764.7000122070312,SPY,2026-09-24 13:35 UTC
750.0,0.0,0.0,3587.0,36755.0,put,0.15616438356164383,2026-11-20,764.7000122070312,SPY,2026-09-24 13:35 UTC
755.0,0.0,0.0,606.0,11311.0,put,0.15616438356164383,2026-11-20,764.7000122070312,SPY,2026-09-24 13:35 UTC
760.0,0.0,0.0,2206.0,12015.0,put,0.15616438356164383,2026-11-20,764.7000122070312,SPY,2026-09-24 13:35 UTC
765.0,0.0,0.0,2519.0,12186.0,put,0.15616438356164383,2026-11-20,764.7000122070312,SPY,2026-09-24 13:35 UTC
770.0,0.0,0.0,3380.0,13351.0,put,0.15616438356164383,2026-11-20,764.7000122070312,SPY,2026-09-24 13:35 UTC
775.0,0.0,0.0,1410.0,4847.0,put,0.15616438356164383,2026-11-20,764.7000122070312,SPY,2026-09-24 13:35 UTC
780.0,0.0,0.0,765.0,4073.0,put,0.15616438356164383,2026-11-20,764.7000122070312,SPY,2026-09-24 13:35 UTC
785.0,0.0,0.0,95.0,906.0,put,0.15616438356164383,2026-11-20,764.7000122070312,SPY,2026-09-24 13:35 UTC
790.0,0.0,0.0,81.0,1925.0,put,0.15616438356164383,2026-11-20,764.7000122070312,SPY,2026-09-24 13:35 UTC
795.0,0.0,0.0,11.0,174.0,put,0.15616438356164383,2026-11-20,764.7000122070312,SPY,2026-09-24 13:35 UTC
800.0,0.0,0.0,47.0,604.0,put,0.15616438356164383,2026-11-20,764.7000122070312,SPY,2026-09-24 13:35 UTC
805.0,0.0,0.0,2.0,24.0,put,0.15616438356164383,2026-11-20,764.7000122070312,SPY,2026-09-24 13:35 UTC
810.0,0.0,0.0,5.0,280.0,put,0.15616438356164383,2026-11-20,764.7000122070312,SPY,2026-09-24 13:35 UTC
815.0,0.0,0.0,1.0,3.0,put,0.15616438356164383,2026-11-20,764.7000122070312,SPY,2026-09-24 13:35 UTC
820.0,0.0,0.0,2.0,0.0,put,0.15616438356164383,2026-11-20,764.7000122070312,SPY,2026-09-24 13:35 UTC
825.0,0.0,0.0,1.0,1.0,put,0.15616438356164383,2026-11-20,764.7000122070312,SPY,2026-09-24 13:35 UTC
830.0,0.0,0.0,1.0,0.0,put,0.15616438356164383,2026-11-20,764.7000122070312,SPY,2026-09-24 13:35 UTC
835.0,0.0,0.0,1.0,0.0,put,0.15616438356164383,2026-11-20,764.7000122070312,SPY,2026-09-24 13:35 UTC
840.0,0.0,0.0,2.0,0.0,put,0.15616438356164383,2026-11-20,764.7000122070312,SPY,2026-09-24 13:35 UTC
850.0,109.23,112.51,19.0,0.0,put,0.15616438356164383,2026-11-20,764.7000122070312,SPY,2026-09-24 13:35 UTC
865.0,0.0,0.0,1.0,0.0,put,0.15616438356164383,2026-11-20,764.7000122070312,SPY,2026-09-24 13:35 UTC
900.0,0.0,0.0,,0.0,put,0.15616438356164383,2026-11-20,764.7000122070312,SPY,2026-09-24 13:35 UTC
905.0,0.0,0.0,,0.0,put,0.15616438356164383,2026-11-20,764.7000122070312,SPY,2026-09-24 13:35 UTC
920.0,0.0,0.0,,0.0,put,0.15616438356164383,2026-11-20,764.7000122070312,SPY,2026-09-24 13:35 UTC
950.0,0.0,0.0,1.0,0.0,put,0.15616438356164383,2026-11-20,764.7000122070312,SPY,2026-09-24 13:35 UTC
960.0,189.24,192.76,,0.0,put,0.15616438356164383,2026-11-20,764.7000122070312,SPY,2026-09-24 13:35 UTC
995.0,0.0,0.0,20.0,0.0,put,0.15616438356164383,2026-11-20,764.7000122070312,SPY,2026-09-24 13:35 UTC
1000.0,0.0,0.0,20.0,0.0,put,0.15616438356164383,2026-11-20,764.7000122070312,SPY,2026-09-24 13:35 UTC
150.0,0.0,0.0,2.0,3.0,call,0.2328767123287671,2026-12-18,764.7000122070312,SPY,2026-09-24 13:35 UTC
200.0,0.0,0.0,2.0,754.0,call,0.2328767123287671,2026-12-18,764.7000122070312,SPY,2026-09-24 13:35 UTC
210.0,0.0,0.0,1.0,382.0,call,0.2328767123287671,2026-12-18,764.7000122070312,SPY,2026-09-24 13:35 UTC
220.0,519.23,522.72,71.0,82.0,call,0.2328767123287671,2026-12-18,764.7000122070312,SPY,2026-09-24 13:35 UTC
230.0,0.0,0.0,2.0,14.0,call,0.2328767123287671,2026-12-18,764.7000122070312,SPY,2026-09-24 13:35 UTC
240.0,523.79,526.89,1.0,27.0,call,0.2328767123287671,2026-12-18,764.7000122070312,SPY,2026-09-24 13:35 UTC
245.0,424.91,428.79,4.0,21.0,call,0.2328767123287671,2026-12-18,764.7000122070312,SPY,2026-09-24 13:35 UTC
250.0,0.0,0.0,1.0,147.0,call,0.2328767123287671,2026-12-18,764.7000122070312,SPY,2026-09-24 13:35 UTC
255.0,0.0,0.0,3.0,4.0,call,0.2328767123287671,2026-12-18,764.7000122070312,SPY,2026-09-24 13:35 UTC
260.0,0.0,0.0,1.0,15.0,call,0.2328767123287671,2026-12-18,764.7000122070312,SPY,2026-09-24 13:35 UTC
265.0,430.6,434.44,2.0,120.0,call,0.2328767123287671,2026-12-18,764.7000122070312,SPY,2026-09-24 13:35 UTC
270.0,486.36,489.87,2.0,65.0,call,0.2328767123287671,2026-12-18,764.7000122070312,SPY,2026-09-24 13:35 UTC
275.0,0.0,0.0,2.0,124.0,call,0.2328767123287671,2026-12-18,764.7000122070312,SPY,2026-09-24 13:35 UTC
280.0,0.0,0.0,2.0,56.0,call,0.2328767123287671,2026-12-18,764.7000122070312,SPY,2026-09-24 13:35 UTC
285.0,385.58,389.46,2.0,103.0,call,0.2328767123287671,2026-12-18,764.7000122070312,SPY,2026-09-24 13:35 UTC
290.0,0.0,0.0,2.0,16.0,call,0.2328767123287671,2026-12-18,764.7000122070312,SPY,2026-09-24 13:35 UTC
295.0,393.0,397.73,1.0,78.0,call,0.2328767123287671,2026-12-18,764.7000122070312,SPY,2026-09-24 13:35 UTC
300.0,0.0,0.0,1.0,243.0,call,0.2328767123287671,2026-12-18,764.7000122070312,SPY,2026-09-24 13:35 UTC
305.0,0.0,0.0,1.0,6.0,call,0.2328767123287671,2026-12-18,764.7000122070312,SPY,2026-09-24 13:35 UTC
310.0,0.0,0.0,2.0,69.0,call,0.2328767123287671,2026-12-18,764.7000122070312,SPY,2026-09-24 13:35 UTC
315.0,0.0,0.0,1.0,147.0,call,0.2328767123287671,2026-12-18,764.7000122070312,SPY,2026-09-24 13:35 UTC
320.0,0.0,0.0,18.0,29.0,call,0.2328767123287671,2026-12-18,764.7000122070312,SPY,2026-09-24 13:35 UTC
325.0,0.0,0.0,1.0,57.0,call,0.2328767123287671,2026-12-18,764.7000122070312,SPY,2026-09-24 13:35 UTC
330.0,0.0,0.0,7.0,16.0,call,0.2328767123287671,2026-12-18,764.7000122070312,SPY,2026-09-24 13:35 UTC
335.0,422.77,426.28,1.0,11.0,call,0.2328767123287671,2026-12-18,764.7000122070312,SPY,2026-09-24 13:35 UTC
340.0,0.0,0.0,11.0,0.0,call,0.2328767123287671,2026-12-18,764.7000122070312,SPY,2026-09-24 13:35 UTC
345.0,0.0,0.0,2.0,0.0,call,0.2328767123287671,2026-12-18,764.7000122070312,SPY,2026-09-24 13:35 UTC
350.0,0.0,0.0,2.0,72.0,call,0.2328767123287671,2026-12-18,764.7000122070312,SPY,2026-09-24 13:35 UTC
355.0,0.0,0.0,1.0,13.0,call,0.2328767123287671,2026-12-18,764.7000122070312,SPY,2026-09-24 13:35 UTC
360.0,405.64,408.74,10.0,21.0,call,0.2328767123287671,2026-12-18,764.7000122070312,SPY,2026-09-24 13:35 UTC
365.0,0.0,0.0,1.0,0.0,call,0.2328767123287671,2026-12-18,764.7000122070312,SPY,2026-09-24 13:35 UTC
370.0,399.74,403.62,1.0,109.0,call,0.2328767123287671,2026-12-18,764.7000122070312,SPY,2026-09-24 13:35 UTC
375.0,0.0,0.0,2.0,14.0,call,0.2328767123287671,2026-12-18,764.7000122070312,SPY,2026-09-24 13:35 UTC
380.0,0.0,0.0,2.0,39.0,call,0.2328767123287671,2026-12-18,764.7000122070312,SPY,2026-09-24 13:35 UTC
385.0,0.0,0.0,7.0,26.0,call,0.2328767123287671,2026-12-18,764.7000122070312,SPY,2026-09-24 13:35 UTC
390.0,0.0,0.0,4.0,143.0,call,0.2328767123287671,2026-12-18,764.7000122070312,SPY,2026-09-24 13:35 UTC
395.0,0.0,0.0,100.0,0.0,call,0.2328767123287671,2026-12-18,764.7000122070312,SPY,2026-09-24 13:35 UTC
400.0,0.0,0.0,1.0,13714.0,call,0.2328767123287671,2026-12-18,764.7000122070312,SPY,2026-09-24 13:35 UTC
405.0,0.0,0.0,4.0,254.0,call,0.2328767123287671,2026-12-18,764.7000122070312,SPY,2026-09-24 13:35 UTC
410.0,0.0,0.0,2.0,183.0,call,0.2328767123287671,2026-12-18,764.7000122070312,SPY,2026-09-24 13:35 UTC
415.0,0.0,0.0,1.0,329.0,call,0.2328767123287671,2026-12-18,764.7000122070312,SPY,2026-09-24 13:35 UTC
420.0,0.0,0.0,1.0,173.0,call,0.2328767123287671,2026-12-18,764.7000122070312,SPY,2026-09-24 13:35 UTC
425.0,0.0,0.0,1.0,283.0,call,0.2328767123287671,2026-12-18,764.7000122070312,SPY,2026-09-24 13:35 UTC
430.0,0.0,0.0,54.0,0.0,call,0.2328767123287671,2026-12-18,764.7000122070312,SPY,2026-09-24 13:35 UTC
435.0,0.0,0.0,7.0,145.0,call,0.2328767123287671,2026-12-18,764.7000122070312,SPY,2026-09-24 13:35 UTC
440.0,0.0,0.0,1.0,336.0,call,0.2328767123287671,2026-12-18,764.7000122070312,SPY,2026-09-24 13:35 UTC
445.0,0.0,0.0,1.0,123.0,call,0.2328767123287671,2026-12-18,764.7000122070312,SPY,2026-09-24 13:35 UTC
450.0,0.0,0.0,1.0,465.0,call,0.2328767123287671,2026-12-18,764.7000122070312,SPY,2026-09-24 13:35 UTC
455.0,0.0,0.0,2.0,84.0,call,0.2328767123287671,2026-12-18,764.7000122070312,SPY,2026-09-24 13:35 UTC
460.0,0.0,0.0,2.0,224.0,call,0.2328767123287671,2026-12-18,764.7000122070312,SPY,2026-09-24 13:35 UTC
465.0,0.0,0.0,2.0,92.0,call,0.2328767123287671,2026-12-18,764.7000122070312,SPY,2026-09-24 13:35 UTC
470.0,0.0,0.0,2.0,246.0,call,0.2328767123287671,2026-12-18,764.7000122070312,SPY,2026-09-24 13:35 UTC
475.0,0.0,0.0,1.0,1084.0,call,0.2328767123287671,2026-12-18,764.7000122070312,SPY,2026-09-24 13:35 UTC
480.0,0.0,0.0,2.0,203.0,call,0.2328767123287671,2026-12-18,764.7000122070312,SPY,2026-09-24 13:35 UTC
485.0,0.0,0.0,11.0,877.0,call,0.2328767123287671,2026-12-18,764.7000122070312,SPY,2026-09-24 13:35 UTC
490.0,0.0,0.0,1.0,820.0,call,0.2328767123287671,2026-12-18,764.7000122070312,SPY,2026-09-24 13:35 UTC
495.0,0.0,0.0,1.0,1972.0,call,0.2328767123287671,2026-12-18,764.7000122070312,SPY,2026-09-24 13:35 UTC
500.0,0.0,0.0,4.0,3711.0,call,0.2328767123287671,2026-12-18,764.7000122070312,SPY,2026-09-24 13:35 UTC
505.0,0.0,0.0,3.0,1444.0,call,0.2328767123287671,2026-12-18,764.7000122070312,SPY,2026-09-24 13:35 UTC
510.0,0.0,0.0,3.0,1963.0,call,0.2328767123287671,2026-12-18,764.7000122070312,SPY,2026-09-24 13:35 UTC
515.0,0.0,0.0,1.0,2045.0,call,0.2328767123287671,2026-12-18,764.7000122070312,SPY,2026-09-24 13:35 UTC
520.0,0.0,0.0,7.0,3031.0,call,0.2328767123287671,2026-12-18,764.7000122070312,SPY,2026-09-24 13:35 UTC
525.0,0.0,0.0,1.0,853.0,call,0.2328767123287671,2026-12-18,764.7000122070312,SPY,2026-09-24 13:35 UTC
530.0,0.0,0.0,1.0,2135.0,call,0.2328767123287671,2026-12-18,764.7000122070312,SPY,2026-09-24 13:35 UTC
535.0,0.0,0.0,1.0,2370.0,call,0.2328767123287671,2026-12-18,764.7000122070312,SPY,2026-09-24 13:35 UTC
540.0,0.0,0.0,1.0,3482.0,call,0.2328767123287671,2026-12-18,764.7000122070312,SPY,2026-09-24 13:35 UTC
545.0,0.0,0.0,5.0,1686.0,call,0.2328767123287671,2026-12-18,764.7000122070312,SPY,2026-09-24 13:35 UTC
550.0,0.0,0.0,10.0,3982.0,call,0.2328767123287671,2026-12-18,764.7000122070312,SPY,2026-09-24 13:35 UTC
555.0,0.0,0.0,3.0,1649.0,call,0.2328767123287671,2026-12-18,764.7000122070312,SPY,2026-09-24 13:35 UTC
560.0,0.0,0.0,1.0,1923.0,call,0.2328767123287671,2026-12-18,764.7000122070312,SPY,2026-09-24 13:35 UTC
565.0,0.0,0.0,1.0,1684.0,call,0.2328767123287671,2026-12-18,764.7000122070312,SPY,2026-09-24 13:35 UTC
570.0,0.0,0.0,12.0,5213.0,call,0.2328767123287671,2026-12-18,764.7000122070312,SPY,2026-09-24 13:35 UTC
575.0,0.0,0.0,4.0,847.0,call,0.2328767123287671,2026-12-18,764.7000122070312,SPY,2026-09-24 13:35 UTC
580.0,0.0,0.0,3.0,1988.0,call,0.2328767123287671,2026-12-18,764.7000122070312,SPY,2026-09-24 13:35 UTC
585.0,0.0,0.0,16.0,942.0,call,0.2328767123287671,2026-12-18,764.7000122070312,SPY,2026-09-24 13:35 UTC
590.0,0.0,0.0,2.0,2448.0,call,0.2328767123287671,2026-12-18,764.7000122070312,SPY,2026-09-24 13:35 UTC
595.0,0.0,0.0,1.0,1512.0,call,0.2328767123287671,2026-12-18,764.7000122070312,SPY,2026-09-24 13:35 UTC
600.0,0.0,0.0,12.0,4497.0,call,0.2328767123287671,2026-12-18,764.7000122070312,SPY,2026-09-24 13:35 UTC
605.0,0.0,0.0,3.0,2747.0,call,0.2328767123287671,2026-12-18,764.7000122070312,SPY,2026-09-24 13:35 UTC
610.0,0.0,0.0,1.0,1357.0,call,0.2328767123287671,2026-12-18,764.7000122070312,SPY,2026-09-24 13:35 UTC
615.0,0.0,0.0,1.0,1467.0,call,0.2328767123287671,2026-12-18,764.7000122070312,SPY,2026-09-24 13:35 UTC
620.0,0.0,0.0,1.0,2732.0,call,0.2328767123287671,2026-12-18,764.7000122070312,SPY,2026-09-24 13:35 UTC
625.0,0.0,0.0,10.0,1627.0,call,0.2328767123287671,2026-12-18,764.7000122070312,SPY,2026-09-24 13:35 UTC
630.0,0.0,0.0,1.0,904.0,call,0.2328767123287671,2026-12-18,764.7000122070312,SPY,2026-09-24 13:35 UTC
635.0,0.0,0.0,1.0,1766.0,call,0.2328767123287671,2026-12-18,764.7000122070312,SPY,2026-09-24 13:35 UTC
640.0,0.0,0.0,16.0,2240.0,call,0.2328767123287671,2026-12-18,764.7000122070312,SPY,2026-09-24 13:35 UTC
645.0,0.0,0.0,19.0,1155.0,call,0.2328767123287671,2026-12-18,764.7000122070312,SPY,2026-09-24 13:35 UTC
650.0,0.0,0.0,6.0,3533.0,call,0.2328767123287671,2026-12-18,764.7000122070312,SPY,2026-09-24 13:35 UTC
655.0,0.0,0.0,2.0,1091.0,call,0.2328767123287671,2026-12-18,764.7000122070312,SPY,2026-09-24 13:35 UTC
660.0,0.0,0.0,1.0,1388.0,call,0.2328767123287671,2026-12-18,764.7000122070312,SPY,2026-09-24 13:35 UTC
665.0,0.0,0.0,2.0,1653.0,call,0.2328767123287671,2026-12-18,764.7000122070312,SPY,2026-09-24 13:35 UTC
670.0,0.0,0.0,6.0,2340.0,call,0.2328767123287671,2026-12-18,764.7000122070312,SPY,2026-09-24 13:35 UTC
675.0,0.0,0.0,4.0,4291.0,call,0.2328767123287671,2026-12-18,764.7000122070312,SPY,2026-09-24 13:35 UTC
680.0,0.0,0.0,8.0,4712.0,call,0.2328767123287671,2026-12-18,764.7000122070312,SPY,2026-09-24 13:35 UTC
685.0,0.0,0.0,10.0,2830.0,call,0.2328767123287671,2026-12-18,764.7000122070312,SPY,2026-09-24 13:35 UTC
690.0,0.0,0.0,12.0,3481.0,call,0.2328767123287671,2026-12-18,764.7000122070312,SPY,2026-09-24 13:35 UTC
695.0,0.0,0.0,2.0,2167.0,call,0.2328767123287671,2026-12-18,764.7000122070312,SPY,2026-09-24 13:35 UTC
700.0,0.0,0.0,64.0,10142.0,call,0.2328767123287671,2026-12-18,764.7000122070312,SPY,2026-09-24 13:35 UTC
705.0,0.0,0.0,1.0,3579.0,call,0.2328767123287671,2026-12-18,764.7000122070312,SPY,2026-09-24 13:35 UTC
710.0,0.0,0.0,28.0,7396.0,call,0.2328767123287671,2026-12-18,764.7000122070312,SPY,2026-09-24 13:35 UTC
715.0,0.0,0.0,1.0,2496.0,call,0.2328767123287671,2026-12-18,764.7000122070312,SPY,2026-09-24 13:35 UTC
720.0,0.0,0.0,1.0,4495.0,call,0.2328767123287671,2026-12-18,764.7000122070312,SPY,2026-09-24 13:35 UTC
725.0,0.0,0.0,1.0,5044.0,call,0.2328767123287671,2026-12-18,764.7000122070312,SPY,2026-09-24 13:35 UTC
730.0,0.0,0.0,42.0,8459.0,call,0.2328767123287671,2026-12-18,764.7000122070312,SPY,2026-09-24 13:35 UTC
735.0,0.0,0.0,8.0,4556.0,call,0.2328767123287671,2026-12-18,764.7000122070312,SPY,2026-09-24 13:35 UTC
740.0,0.0,0.0,9.0,6883.0,call,0.2328767123287671,2026-12-18,764.7000122070312,SPY,2026-09-24 13:35 UTC
745.0,0.0,0.0,8.0,8245.0,call,0.2328767123287671,2026-12-18,764.7000122070312,SPY,2026-09-24 13:35 UTC
750.0,0.0,0.0,422.0,29801.0,call,0.2328767123287671,2026-12-18,764.7000122070312,SPY,2026-09-24 13:35 UTC
755.0,0.0,0.0,263.0,10553.0,call,0.2328767123287671,2026-12-18,764.7000122070312,SPY,2026-09-24 13:35 UTC
760.0,0.0,0.0,69.0,15262.0,call,0.2328767123287671,2026-12-18,764.7000122070312,SPY,2026-09-24 13:35 UTC
765.0,0.0,0.0,819.0,12243.0,call,0.2328767123287671,2026-12-18,764.7000122070312,SPY,2026-09-24 13:35 UTC
770.0,0.0,0.0,648.0,15450.0,call,0.2328767123287671,2026-12-18,764.7000122070312,SPY,2026-09-24 13:35 UTC
775.0,0.0,0.0,390.0,12372.0,call,0.2328767123287671,2026-12-18,764.7000122070312,SPY,2026-09-24 13:35 UTC
780.0,0.0,0.0,776.0,29452.0,call,0.2328767123287671,2026-12-18,764.7000122070312,SPY,2026-09-24 13:35 UTC
785.0,0.0,0.0,1149.0,17932.0,call,0.2328767123287671,2026-12-18,764.7000122070312,SPY,2026-09-24 13:35 UTC
790.0,0.0,0.0,1821.0,14687.0,call,0.2328767123287671,2026-12-18,764.7000122070312,SPY,2026-09-24 13:35 UTC
795.0,0.0,0.0,268.0,10181.0,call,0.2328767123287671,2026-12-18,764.7000122070312,SPY,2026-09-24 13:35 UTC
800.0,0.0,0.0,5098.0,69349.0,call,0.2328767123287671,2026-12-18,764.7000122070312,SPY,2026-09-24 13:35 UTC
805.0,0.0,0.0,447.0,16323.0,call,0.2328767123287671,2026-12-18,764.7000122070312,SPY,2026-09-24 13:35 UTC
810.0,0.0,0.0,313.0,23497.0,call,0.2328767123287671,2026-12-18,764.7000122070312,SPY,2026-09-24 13:35 UTC
815.0,0.0,0.0,306.0,15102.0,call,0.2328767123287671,2026-12-18,764.7000122070312,SPY,2026-09-24 13:35 UTC
820.0,0.0,0.0,1160.0,15184.0,call,0.2328767123287671,2026-12-18,764.7000122070312,SPY,2026-09-24 13:35 UTC
825.0,0.0,0.0,698.0,15259.0,call,0.2328767123287671,2026-12-18,764.7000122070312,SPY,2026-09-24 13:35 UTC
830.0,0.0,0.0,86.0,57104.0,call,0.2328767123287671,2026-12-18,764.7000122070312,SPY,2026-09-24 13:35 UTC
835.0,0.0,0.0,2081.0,12798.0,call,0.2328767123287671,2026-12-18,764.7000122070312,SPY,2026-09-24 13:35 UTC
840.0,0.0,0.0,1032.0,7128.0,call,0.2328767123287671,2026-12-18,764.7000122070312,SPY,2026-09-24 13:35 UTC
845.0,0.0,0.0,124.0,5039.0,call,0.2328767123287671,2026-12-18,764.7000122070312,SPY,2026-09-24 13:35 UTC
850.0,0.0,0.0,444.0,11798.0,call,0.2328767123287671,2026-12-18,764.7000122070312,SPY,2026-09-24 13:35 UTC
855.0,0.0,0.0,370.0,5015.0,call,0.2328767123287671,2026-12-18,764.7000122070312,SPY,2026-09-24 13:35 UTC
860.0,0.0,0.0,11.0,3246.0,call,0.2328767123287671,2026-12-18,764.7000122070312,SPY,2026-09-24 13:35 UTC
865.0,0.0,0.0,3.0,4112.0,call,0.2328767123287671,2026-12-18,764.7000122070312,SPY,2026-09-24 13:35 UTC
870.0,0.0,0.0,1.0,2946.0,call,0.2328767123287671,2026-12-18,764.7000122070312,SPY,2026-09-24 13:35 UTC
875.0,0.0,0.0,188.0,3437.0,call,0.2328767123287671,2026-12-18,764.7000122070312,SPY,2026-09-24 13:35 UTC
880.0,0.0,0.0,24.0,5543.0,call,0.2328767123287671,2026-12-18,764.7000122070312,SPY,2026-09-24 13:35 UTC
885.0,0.0,0.0,310.0,4204.0,call,0.2328767123287671,2026-12-18,764.7000122070312,SPY,2026-09-24 13:35 UTC
890.0,0.0,0.0,1.0,2283.0,call,0.2328767123287671,2026-12-18,764.7000122070312,SPY,2026-09-24 13:35 UTC
895.0,0.0,0.0,11.0,1393.0,call,0.2328767123287671,2026-12-18,764.7000122070312,SPY,2026-09-24 13:35 UTC
900.0,0.0,0.0,105.0,8434.0,call,0.2328767123287671,2026-12-18,764.7000122070312,SPY,2026-09-24 13:35 UTC
905.0,0.0,0.0,20.0,2625.0,call,0.2328767123287671,2026-12-18,764.7000122070312,SPY,2026-09-24 13:35 UTC
910.0,0.0,0.0,1.0,4004.0,call,0.2328767123287671,2026-12-18,764.7000122070312,SPY,2026-09-24 13:35 UTC
915.0,0.0,0.0,2.0,2366.0,call,0.2328767123287671,2026-12-18,764.7000122070312,SPY,2026-09-24 13:35 UTC
920.0,0.0,0.0,3.0,703.0,call,0.2328767123287671,2026-12-18,764.7000122070312,SPY,2026-09-24 13:35 UTC
925.0,0.0,0.0,3.0,1230.0,call,0.2328767123287671,2026-12-18,764.7000122070312,SPY,2026-09-24 13:35 UTC
930.0,0.0,0.0,1.0,1714.0,call,0.2328767123287671,2026-12-18,764.7000122070312,SPY,2026-09-24 13:35 UTC
935.0,0.0,0.0,2.0,2011.0,call,0.2328767123287671,2026-12-18,764.7000122070312,SPY,2026-09-24 13:35 UTC
940.0,0.0,0.0,4.0,447.0,call,0.2328767123287671,2026-12-18,764.7000122070312,SPY,2026-09-24 13:35 UTC
945.0,0.0,0.0,1.0,57.0,call,0.2328767123287671,2026-12-18,764.7000122070312,SPY,2026-09-24 13:35 UTC
950.0,0.0,0.0,11.0,11226.0,call,0.2328767123287671,2026-12-18,764.7000122070312,SPY,2026-09-24 13:35 UTC
955.0,0.0,0.0,20.0,148.0,call,0.2328767123287671,2026-12-18,764.7000122070312,SPY,2026-09-24 13:35 UTC
960.0,0.0,0.0,1.0,941.0,call,0.2328767123287671,2026-12-18,764.7000122070312,SPY,2026-09-24 13:35 UTC
965.0,0.0,0.0,1.0,571.0,call,0.2328767123287671,2026-12-18,764.7000122070312,SPY,2026-09-24 13:35 UTC
970.0,0.0,0.0,24.0,1031.0,call,0.2328767123287671,2026-12-18,764.7000122070312,SPY,2026-09-24 13:35 UTC
975.0,0.0,0.0,4.0,1074.0,call,0.2328767123287671,2026-12-18,764.7000122070312,SPY,2026-09-24 13:35 UTC
980.0,0.0,0.0,24.0,1322.0,call,0.2328767123287671,2026-12-18,764.7000122070312,SPY,2026-09-24 13:35 UTC
985.0,0.0,0.0,100.0,640.0,call,0.2328767123287671,2026-12-18,764.7000122070312,SPY,2026-09-24 13:35 UTC
990.0,0.0,0.0,3.0,868.0,call,0.2328767123287671,2026-12-18,764.7000122070312,SPY,2026-09-24 13:35 UTC
995.0,0.0,0.0,72.0,2338.0,call,0.2328767123287671,2026-12-18,764.7000122070312,SPY,2026-09-24 13:35 UTC
1000.0,0.0,0.0,12.0,3071.0,call,0.2328767123287671,2026-12-18,764.7000122070312,SPY,2026-09-24 13:35 UTC
150.0,0.0,0.0,1800.0,34478.0,put,0.2328767123287671,2026-12-18,764.7000122070312,SPY,2026-09-24 13:35 UTC
200.0,0.0,0.0,15.0,32337.0,put,0.2328767123287671,2026-12-18,764.7000122070312,SPY,2026-09-24 13:35 UTC
210.0,0.0,0.0,6.0,4816.0,put,0.2328767123287671,2026-12-18,764.7000122070312,SPY,2026-09-24 13:35 UTC
220.0,0.0,0.0,20.0,2904.0,put,0.2328767123287671,2026-12-18,764.7000122070312,SPY,2026-09-24 13:35 UTC
230.0,0.0,0.0,2.0,8247.0,put,0.2328767123287671,2026-12-18,764.7000122070312,SPY,2026-09-24 13:35 UTC
240.0,0.0,0.0,400.0,49681.0,put,0.2328767123287671,2026-12-18,764.7000122070312,SPY,2026-09-24 13:35 UTC
245.0,0.0,0.0,1.0,529.0,put,0.2328767123287671,2026-12-18,764.7000122070312,SPY,2026-09-24 13:35 UTC
250.0,0.0,0.0,18.0,5738.0,put,0.2328767123287671,2026-12-18,764.7000122070312,SPY,2026-09-24 13:35 UTC
255.0,0.0,0.0,400.0,1813.0,put,0.2328767123287671,2026-12-18,764.7000122070312,SPY,2026-09-24 13:35 UTC
260.0,0.0,0.0,4.0,5243.0,put,0.2328767123287671,2026-12-18,764.7000122070312,SPY,2026-09-24 13:35 UTC
265.0,0.0,0.0,70.0,255.0,put,0.2328767123287671,2026-12-18,764.7000122070312,SPY,2026-09-24 13:35 UTC
270.0,0.0,0.0,90.0,688.0,put,0.2328767123287671,2026-12-18,764.7000122070312,SPY,2026-09-24 13:35 UTC
275.0,0.0,0.0,50.0,5553.0,put,0.2328767123287671,2026-12-18,764.7000122070312,SPY,2026-09-24 13:35 UTC
280.0,0.0,0.0,85.0,4468.0,put,0.2328767123287671,2026-12-18,764.7000122070312,SPY,2026-09-24 13:35 UTC
285.0,0.0,0.0,10.0,747.0,put,0.2328767123287671,2026-12-18,764.7000122070312,SPY,2026-09-24 13:35 UTC
290.0,0.0,0.0,5.0,14827.0,put,0.2328767123287671,2026-12-18,764.7000122070312,SPY,2026-09-24 13:35 UTC
295.0,0.0,0.0,101.0,2499.0,put,0.2328767123287671,2026-12-18,764.7000122070312,SPY,2026-09-24 13:35 UTC
300.0,0.0,0.0,10.0,9257.0,put,0.2328767123287671,2026-12-18,764.7000122070312,SPY,2026-09-24 13:35 UTC
305.0,0.0,0.0,375.0,668.0,put,0.2328767123287671,2026-12-18,764.7000122070312,SPY,2026-09-24 13:35 UTC
310.0,0.0,0.0,1.0,2207.0,put,0.2328767123287671,2026-12-18,764.7000122070312,SPY,2026-09-24 13:35 UTC
315.0,0.0,0.0,7.0,1017.0,put,0.2328767123287671,2026-12-18,764.7000122070312,SPY,2026-09-24 13:35 UTC
320.0,0.0,0.0,4.0,1568.0,put,0.2328767123287671,2026-12-18,764.7000122070312,SPY,2026-09-24 13:35 UTC
325.0,0.0,0.0,4.0,3248.0,put,0.2328767123287671,2026-12-18,764.7000122070312,SPY,2026-09-24 13:35 UTC
330.0,0.0,0.0,5.0,1104.0,put,0.2328767123287671,2026-12-18,764.7000122070312,SPY,2026-09-24 13:35 UTC
335.0,0.0,0.0,21.0,308.0,put,0.2328767123287671,2026-12-18,764.7000122070312,SPY,2026-09-24 13:35 UTC
340.0,0.0,0.0,15.0,2315.0,put,0.2328767123287671,2026-12-18,764.7000122070312,SPY,2026-09-24 13:35 UTC
345.0,0.0,0.0,20.0,3139.0,put,0.2328767123287671,2026-12-18,764.7000122070312,SPY,2026-09-24 13:35 UTC
350.0,0.0,0.0,556.0,157575.0,put,0.2328767123287671,2026-12-18,764.7000122070312,SPY,2026-09-24 13:35 UTC
355.0,0.0,0.0,17.0,1925.0,put,0.2328767123287671,2026-12-18,764.7000122070312,SPY,2026-09-24 13:35 UTC
360.0,0.0,0.0,31.0,3467.0,put,0.2328767123287671,2026-12-18,764.7000122070312,SPY,2026-09-24 13:35 UTC
365.0,0.0,0.0,20.0,1934.0,put,0.2328767123287671,2026-12-18,764.7000122070312,SPY,2026-09-24 13:35 UTC
370.0,0.0,0.0,29.0,2854.0,put,0.2328767123287671,2026-12-18,764.7000122070312,SPY,2026-09-24 13:35 UTC
375.0,0.0,0.0,1421.0,8307.0,put,0.2328767123287671,2026-12-18,764.7000122070312,SPY,2026-09-24 13:35 UTC
380.0,0.0,0.0,4625.0,9618.0,put,0.2328767123287671,2026-12-18,764.7000122070312,SPY,2026-09-24 13:35 UTC
385.0,0.0,0.0,36.0,3455.0,put,0.2328767123287671,2026-12-18,764.7000122070312,SPY,2026-09-24 13:35 UTC
390.0,0.0,0.0,46.0,4292.0,put,0.2328767123287671,2026-12-18,764.7000122070312,SPY,2026-09-24 13:35 UTC
395.0,0.0,0.0,15.0,7614.0,put,0.2328767123287671,2026-12-18,764.7000122070312,SPY,2026-09-24 13:35 UTC
400.0,0.0,0.0,50.0,28786.0,put,0.2328767123287671,2026-12-18,764.7000122070312,SPY,2026-09-24 13:35 UTC
405.0,0.0,0.0,16.0,1253.0,put,0.2328767123287671,2026-12-18,764.7000122070312,SPY,2026-09-24 13:35 UTC
410.0,0.0,0.0,5.0,16331.0,put,0.2328767123287671,2026-12-18,764.7000122070312,SPY,2026-09-24 13:35 UTC
415.0,0.0,0.0,2.0,5035.0,put,0.2328767123287671,2026-12-18,764.7000122070312,SPY,2026-09-24 13:35 UTC
420.0,0.0,0.0,1010.0,4636.0,put,0.2328767123287671,2026-12-18,764.7000122070312,SPY,2026-09-24 13:35 UTC
425.0,0.0,0.0,478.0,8137.0,put,0.2328767123287671,2026-12-18,764.7000122070312,SPY,2026-09-24 13:35 UTC
430.0,0.0,0.0,2.0,2396.0,put,0.2328767123287671,2026-12-18,764.7000122070312,SPY,2026-09-24 13:35 UTC
435.0,0.0,0.0,19.0,1128.0,put,0.2328767123287671,2026-12-18,764.7000122070312,SPY,2026-09-24 13:35 UTC
440.0,0.0,0.0,46.0,672.0,put,0.2328767123287671,2026-12-18,764.7000122070312,SPY,2026-09-24 13:35 UTC
445.0,0.0,0.0,8.0,1850.0,put,0.2328767123287671,2026-12-18,764.7000122070312,SPY,2026-09-24 13:35 UTC
450.0,0.0,0.0,1074.0,26243.0,put,0.2328767123287671,2026-12-18,764.7000122070312,SPY,2026-09-24 13:35 UTC
455.0,0.0,0.0,3.0,819.0,put,0.2328767123287671,2026-12-18,764.7000122070312,SPY,2026-09-24 13:35 UTC
460.0,0.0,0.0,1.0,2779.0,put,0.2328767123287671,2026-12-18,764.7000122070312,SPY,2026-09-24 13:35 UTC
465.0,0.0,0.0,2.0,1239.0,put,0.2328767123287671,2026-12-18,764.7000122070312,SPY,2026-09-24 13:35 UTC
470.0,0.0,0.0,10.0,6909.0,put,0.2328767123287671,2026-12-18,764.7000122070312,SPY,2026-09-24 13:35 UTC
475.0,0.0,0.0,75.0,4503.0,put,0.2328767123287671,2026-12-18,764.7000122070312,SPY,2026-09-24 13:35 UTC
480.0,0.0,0.0,59.0,311426.0,put,0.2328767123287671,2026-12-18,764.7000122070312,SPY,2026-09-24 13:35 UTC
485.0,0.0,0.0,22.0,3691.0,put,0.2328767123287671,2026-12-18,764.7000122070312,SPY,2026-09-24 13:35 UTC
490.0,0.0,0.0,5.0,10965.0,put,0.2328767123287671,2026-12-18,764.7000122070312,SPY,2026-09-24 13:35 UTC
495.0,0.0,0.0,3.0,1811.0,put,0.2328767123287671,2026-12-18,764.7000122070312,SPY,2026-09-24 13:35 UTC
500.0,0.0,0.0,227.0,19677.0,put,0.2328767123287671,2026-12-18,764.7000122070312,SPY,2026-09-24 13:35 UTC
505.0,0.0,0.0,1.0,1851.0,put,0.2328767123287671,2026-12-18,764.7000122070312,SPY,2026-09-24 13:35 UTC
510.0,0.0,0.0,19.0,3925.0,put,0.2328767123287671,2026-12-18,764.7000122070312,SPY,2026-09-24 13:35 UTC
515.0,0.0,0.0,144.0,4615.0,put,0.2328767123287671,2026-12-18,764.7000122070312,SPY,2026-09-24 13:35 UTC
520.0,0.0,0.0,4.0,11744.0,put,0.2328767123287671,2026-12-18,764.7000122070312,SPY,2026-09-24 13:35 UTC
525.0,0.0,0.0,35.0,5535.0,put,0.2328767123287671,2026-12-18,764.7000122070312,SPY,2026-09-24 13:35 UTC
530.0,0.0,0.0,68.0,6224.0,put,0.2328767123287671,2026-12-18,764.7000122070312,SPY,2026-09-24 13:35 UTC
535.0,0.0,0.0,3.0,3349.0,put,0.2328767123287671,2026-12-18,764.7000122070312,SPY,2026-09-24 13:35 UTC
540.0,0.0,0.0,3.0,5682.0,put,0.2328767123287671,2026-12-18,764.7000122070312,SPY,2026-09-24 13:35 UTC
545.0,0.0,0.0,17.0,5150.0,put,0.2328767123287671,2026-12-18,764.7000122070312,SPY,2026-09-24 13:35 UTC
550.0,0.0,0.0,44.0,15351.0,put,0.2328767123287671,2026-12-18,764.7000122070312,SPY,2026-09-24 13:35 UTC
555.0,0.0,0.0,12.0,4122.0,put,0.2328767123287671,2026-12-18,764.7000122070312,SPY,2026-09-24 13:35 UTC
560.0,0.0,0.0,19.0,11622.0,put,0.2328767123287671,2026-12-18,764.7000122070312,SPY,2026-09-24 13:35 UTC
565.0,0.0,0.0,8.0,2753.0,put,0.2328767123287671,2026-12-18,764.7000122070312,SPY,2026-09-24 13:35 UTC
570.0,0.0,0.0,2.0,5344.0,put,0.2328767123287671,2026-12-18,764.7000122070312,SPY,2026-09-24 13:35 UTC
575.0,0.0,0.0,335.0,7682.0,put,0.2328767123287671,2026-12-18,764.7000122070312,SPY,2026-09-24 13:35 UTC
580.0,0.0,0.0,334.0,10248.0,put,0.2328767123287671,2026-12-18,764.7000122070312,SPY,2026-09-24 13:35 UTC
585.0,0.0,0.0,303.0,5959.0,put,0.2328767123287671,2026-12-18,764.7000122070312,SPY,2026-09-24 13:35 UTC
590.0,0.0,0.0,319.0,11791.0,put,0.2328767123287671,2026-12-18,764.7000122070312,SPY,2026-09-24 13:35 UTC
595.0,0.0,0.0,77.0,4073.0,put,0.2328767123287671,2026-12-18,764.7000122070312,SPY,2026-09-24 13:35 UTC
600.0,0.0,0.0,139.0,25561.0,put,0.2328767123287671,2026-12-18,764.7000122070312,SPY,2026-09-24 13:35 UTC
605.0,0.0,0.0,640.0,9351.0,put,0.2328767123287671,2026-12-18,764.7000122070312,SPY,2026-09-24 13:35 UTC
610.0,0.0,0.0,39.0,158299.0,put,0.2328767123287671,2026-12-18,764.7000122070312,SPY,2026-09-24 13:35 UTC
615.0,0.0,0.0,37.0,6405.0,put,0.2328767123287671,2026-12-18,764.7000122070312,SPY,2026-09-24 13:35 UTC
620.0,0.0,0.0,346.0,26095.0,put,0.2328767123287671,2026-12-18,764.7000122070312,SPY,2026-09-24 13:35 UTC
625.0,0.0,0.0,128.0,24281.0,put,0.2328767123287671,2026-12-18,764.7000122070312,SPY,2026-09-24 13:35 UTC
630.0,0.0,0.0,22928.0,62454.0,put,0.2328767123287671,2026-12-18,764.7000122070312,SPY,2026-09-24 13:35 UTC
635.0,0.0,0.0,78.0,6658.0,put,0.2328767123287671,2026-12-18,764.7000122070312,SPY,2026-09-24 13:35 UTC
640.0,0.0,0.0,418.0,7984.0,put,0.2328767123287671,2026-12-18,764.7000122070312,SPY,2026-09-24 13:35 UTC
645.0,0.0,0.0,55.0,8085.0,put,0.2328767123287671,2026-12-18,764.7000122070312,SPY,2026-09-24 13:35 UTC
650.0,0.0,0.0,18234.0,13780.0,put,0.2328767123287671,2026-12-18,764.7000122070312,SPY,2026-09-24 13:35 UTC
655.0,0.0,0.0,119.0,5666.0,put,0.2328767123287671,2026-12-18,764.7000122070312,SPY,2026-09-24 13:35 UTC
660.0,0.0,0.0,363.0,134868.0,put,0.2328767123287671,2026-12-18,764.7000122070312,SPY,2026-09-24 13:35 UTC
665.0,0.0,0.0,35.0,17918.0,put,0.2328767123287671,2026-12-18,764.7000122070312,SPY,2026-09-24 13:35 UTC
670.0,0.0,0.0,53.0,35662.0,put,0.2328767123287671,2026-12-18,764.7000122070312,SPY,2026-09-24 13:35 UTC
675.0,0.0,0.0,59.0,10227.0,put,0.2328767123287671,2026-12-18,764.7000122070312,SPY,2026-09-24 13:35 UTC
680.0,0.0,0.0,933.0,12969.0,put,0.2328767123287671,2026-12-18,764.7000122070312,SPY,2026-09-24 13:35 UTC
685.0,0.0,0.0,273.0,6643.0,put,0.2328767123287671,2026-12-18,764.7000122070312,SPY,2026-09-24 13:35 UTC
690.0,0.0,0.0,244.0,11335.0,put,0.2328767123287671,2026-12-18,764.7000122070312,SPY,2026-09-24 13:35 UTC
695.0,0.0,0.0,768.0,12483.0,put,0.2328767123287671,2026-12-18,764.7000122070312,SPY,2026-09-24 13:35 UTC
700.0,0.0,0.0,1392.0,40084.0,put,0.2328767123287671,2026-12-18,764.7000122070312,SPY,2026-09-24 13:35 UTC
705.0,0.0,0.0,311.0,4118.0,put,0.2328767123287671,2026-12-18,764.7000122070312,SPY,2026-09-24 13:35 UTC
710.0,0.0,0.0,329.0,17984.0,put,0.2328767123287671,2026-12-18,764.7000122070312,SPY,2026-09-24 13:35 UTC
715.0,0.0,0.0,321.0,5104.0,put,0.2328767123287671,2026-12-18,764.7000122070312,SPY,2026-09-24 13:35 UTC
720.0,0.0,0.0,705.0,6800.0,put,0.2328767123287671,2026-12-18,764.7000122070312,SPY,2026-09-24 13:35 UTC
725.0,0.0,0.0,471.0,6577.0,put,0.2328767123287671,2026-12-18,764.7000122070312,SPY,2026-09-24 13:35 UTC
730.0,0.0,0.0,698.0,16232.0,put,0.2328767123287671,2026-12-18,764.7000122070312,SPY,2026-09-24 13:35 UTC
735.0,0.0,0.0,20350.0,49899.0,put,0.2328767123287671,2026-12-18,764.7000122070312,SPY,2026-09-24 13:35 UTC
740.0,0.0,0.0,720.0,17431.0,put,0.2328767123287671,2026-12-18,764.7000122070312,SPY,2026-09-24 13:35 UTC
745.0,0.0,0.0,490.0,5532.0,put,0.2328767123287671,2026-12-18,764.7000122070312,SPY,2026-09-24 13:35 UTC
750.0,0.0,0.0,761.0,21650.0,put,0.2328767123287671,2026-12-18,764.7000122070312,SPY,2026-09-24 13:35 UTC
755.0,0.0,0.0,685.0,7536.0,put,0.2328767123287671,2026-12-18,764.7000122070312,SPY,2026-09-24 13:35 UTC
760.0,0.0,0.0,3164.0,22711.0,put,0.2328767123287671,2026-12-18,764.7000122070312,SPY,2026-09-24 13:35 UTC
765.0,0.0,0.0,720.0,7187.0,put,0.2328767123287671,2026-12-18,764.7000122070312,SPY,2026-09-24 13:35 UTC
770.0,0.0,0.0,899.0,9163.0,put,0.2328767123287671,2026-12-18,764.7000122070312,SPY,2026-09-24 13:35 UTC
775.0,0.0,0.0,578.0,4075.0,put,0.2328767123287671,2026-12-18,764.7000122070312,SPY,2026-09-24 13:35 UTC
780.0,0.0,0.0,228.0,12486.0,put,0.2328767123287671,2026-12-18,764.7000122070312,SPY,2026-09-24 13:35 UTC
785.0,0.0,0.0,42.0,1431.0,put,0.2328767123287671,2026-12-18,764.7000122070312,SPY,2026-09-24 13:35 UTC
790.0,0.0,0.0,11.0,1233.0,put,0.2328767123287671,2026-12-18,764.7000122070312,SPY,2026-09-24 13:35 UTC
795.0,0.0,0.0,36.0,787.0,put,0.2328767123287671,2026-12-18,764.7000122070312,SPY,2026-09-24 13:35 UTC
800.0,0.0,0.0,221.0,2560.0,put,0.2328767123287671,2026-12-18,764.7000122070312,SPY,2026-09-24 13:35 UTC
805.0,0.0,0.0,2.0,88.0,put,0.2328767123287671,2026-12-18,764.7000122070312,SPY,2026-09-24 13:35 UTC
810.0,0.0,0.0,95.0,236.0,put,0.2328767123287671,2026-12-18,764.7000122070312,SPY,2026-09-24 13:35 UTC
815.0,0.0,0.0,364.0,513.0,put,0.2328767123287671,2026-12-18,764.7000122070312,SPY,2026-09-24 13:35 UTC
820.0,0.0,0.0,8.0,28.0,put,0.2328767123287671,2026-12-18,764.7000122070312,SPY,2026-09-24 13:35 UTC
825.0,0.0,0.0,2.0,0.0,put,0.2328767123287671,2026-12-18,764.7000122070312,SPY,2026-09-24 13:35 UTC
830.0,0.0,0.0,90.0,7.0,put,0.2328767123287671,2026-12-18,764.7000122070312,SPY,2026-09-24 13:35 UTC
835.0,0.0,0.0,325.0,0.0,put,0.2328767123287671,2026-12-18,764.7000122070312,SPY,2026-09-24 13:35 UTC
840.0,0.0,0.0,1.0,0.0,put,0.2328767123287671,2026-12-18,764.7000122070312,SPY,2026-09-24 13:35 UTC
845.0,0.0,0.0,2.0,0.0,put,0.2328767123287671,2026-12-18,764.7000122070312,SPY,2026-09-24 13:35 UTC
850.0,0.0,0.0,8.0,5.0,put,0.2328767123287671,2026-12-18,764.7000122070312,SPY,2026-09-24 13:35 UTC
855.0,0.0,0.0,2.0,0.0,put,0.2328767123287671,2026-12-18,764.7000122070312,SPY,2026-09-24 13:35 UTC
860.0,0.0,0.0,112.0,0.0,put,0.2328767123287671,2026-12-18,764.7000122070312,SPY,2026-09-24 13:35 UTC
865.0,0.0,0.0,2.0,0.0,put,0.2328767123287671,2026-12-18,764.7000122070312,SPY,2026-09-24 13:35 UTC
870.0,0.0,0.0,88.0,0.0,put,0.2328767123287671,2026-12-18,764.7000122070312,SPY,2026-09-24 13:35 UTC
875.0,0.0,0.0,2.0,0.0,put,0.2328767123287671,2026-12-18,764.7000122070312,SPY,2026-09-24 13:35 UTC
880.0,0.0,0.0,2.0,0.0,put,0.2328767123287671,2026-12-18,764.7000122070312,SPY,2026-09-24 13:35 UTC
885.0,0.0,0.0,,0.0,put,0.2328767123287671,2026-12-18,764.7000122070312,SPY,2026-09-24 13:35 UTC
900.0,0.0,0.0,5.0,0.0,put,0.2328767123287671,2026-12-18,764.7000122070312,SPY,2026-09-24 13:35 UTC
905.0,0.0,0.0,1.0,0.0,put,0.2328767123287671,2026-12-18,764.7000122070312,SPY,2026-09-24 13:35 UTC
910.0,242.52,247.5,1.0,0.0,put,0.2328767123287671,2026-12-18,764.7000122070312,SPY,2026-09-24 13:35 UTC
925.0,230.21,235.46,,0.0,put,0.2328767123287671,2026-12-18,764.7000122070312,SPY,2026-09-24 13:35 UTC
930.0,176.39,179.69,1.0,0.0,put,0.2328767123287671,2026-12-18,764.7000122070312,SPY,2026-09-24 13:35 UTC
935.0,241.25,245.25,1.0,0.0,put,0.2328767123287671,2026-12-18,764.7000122070312,SPY,2026-09-24 13:35 UTC
965.0,0.0,0.0,5.0,0.0,put,0.2328767123287671,2026-12-18,764.7000122070312,SPY,2026-09-24 13:35 UTC
970.0,0.0,0.0,10.0,0.0,put,0.2328767123287671,2026-12-18,764.7000122070312,SPY,2026-09-24 13:35 UTC
980.0,0.0,0.0,,0.0,put,0.2328767123287671,2026-12-18,764.7000122070312,SPY,2026-09-24 13:35 UTC
1000.0,0.0,0.0,11.0,0.0,put,0.2328767123287671,2026-12-18,764.7000122070312,SPY,2026-09-24 13:35 UTC
250.0,0.0,0.0,1.0,2.0,call,0.5150684931506849,2027-03-31,764.7000122070312,SPY,2026-09-24 13:35 UTC
350.0,0.0,0.0,4.0,14.0,call,0.5150684931506849,2027-03-31,764.7000122070312,SPY,2026-09-24 13:35 UTC
400.0,348.0,353.0,2.0,3.0,call,0.5150684931506849,2027-03-31,764.7000122070312,SPY,2026-09-24 13:35 UTC
450.0,0.0,0.0,3.0,22.0,call,0.5150684931506849,2027-03-31,764.7000122070312,SPY,2026-09-24 13:35 UTC
455.0,310.91,314.57,4.0,11.0,call,0.5150684931506849,2027-03-31,764.7000122070312,SPY,2026-09-24 13:35 UTC
460.0,0.0,0.0,1.0,2.0,call,0.5150684931506849,2027-03-31,764.7000122070312,SPY,2026-09-24 13:35 UTC
465.0,0.0,0.0,3.0,12.0,call,0.5150684931506849,2027-03-31,764.7000122070312,SPY,2026-09-24 13:35 UTC
470.0,296.31,299.48,1.0,2.0,call,0.5150684931506849,2027-03-31,764.7000122070312,SPY,2026-09-24 13:35 UTC
485.0,0.0,0.0,,2.0,call,0.5150684931506849,2027-03-31,764.7000122070312,SPY,2026-09-24 13:35 UTC
490.0,260.92,264.8,,2.0,call,0.5150684931506849,2027-03-31,764.7000122070312,SPY,2026-09-24 13:35 UTC
495.0,279.01,282.24,1.0,0.0,call,0.5150684931506849,2027-03-31,764.7000122070312,SPY,2026-09-24 13:35 UTC
500.0,0.0,0.0,1.0,3.0,call,0.5150684931506849,2027-03-31,764.7000122070312,SPY,2026-09-24 13:35 UTC
505.0,0.0,0.0,2.0,0.0,call,0.5150684931506849,2027-03-31,764.7000122070312,SPY,2026-09-24 13:35 UTC
510.0,242.58,246.46,,5.0,call,0.5150684931506849,2027-03-31,764.7000122070312,SPY,2026-09-24 13:35 UTC
515.0,0.0,0.0,1.0,0.0,call,0.5150684931506849,2027-03-31,764.7000122070312,SPY,2026-09-24 13:35 UTC
520.0,0.0,0.0,3.0,0.0,call,0.5150684931506849,2027-03-31,764.7000122070312,SPY,2026-09-24 13:35 UTC
525.0,0.0,0.0,1.0,2.0,call,0.5150684931506849,2027-03-31,764.7000122070312,SPY,2026-09-24 13:35 UTC
530.0,0.0,0.0,3.0,5.0,call,0.5150684931506849,2027-03-31,764.7000122070312,SPY,2026-09-24 13:35 UTC
535.0,245.16,248.68,1.0,2.0,call,0.5150684931506849,2027-03-31,764.7000122070312,SPY,2026-09-24 13:35 UTC
540.0,217.62,221.5,1.0,1.0,call,0.5150684931506849,2027-03-31,764.7000122070312,SPY,2026-09-24 13:35 UTC
545.0,231.61,234.79,1.0,1.0,call,0.5150684931506849,2027-03-31,764.7000122070312,SPY,2026-09-24 13:35 UTC
550.0,0.0,0.0,1.0,14.0,call,0.5150684931506849,2027-03-31,764.7000122070312,SPY,2026-09-24 13:35 UTC
555.0,0.0,0.0,1.0,0.0,call,0.5150684931506849,2027-03-31,764.7000122070312,SPY,2026-09-24 13:35 UTC
560.0,0.0,0.0,1.0,16.0,call,0.5150684931506849,2027-03-31,764.7000122070312,SPY,2026-09-24 13:35 UTC
565.0,0.0,0.0,,200.0,call,0.5150684931506849,2027-03-31,764.7000122070312,SPY,2026-09-24 13:35 UTC
570.0,0.0,0.0,1.0,109.0,call,0.5150684931506849,2027-03-31,764.7000122070312,SPY,2026-09-24 13:35 UTC
575.0,0.0,0.0,1.0,108.0,call,0.5150684931506849,2027-03-31,764.7000122070312,SPY,2026-09-24 13:35 UTC
578.0,196.25,199.69,,1.0,call,0.5150684931506849,2027-03-31,764.7000122070312,SPY,2026-09-24 13:35 UTC
580.0,0.0,0.0,100.0,116.0,call,0.5150684931506849,2027-03-31,764.7000122070312,SPY,2026-09-24 13:35 UTC
581.0,0.0,0.0,,100.0,call,0.5150684931506849,2027-03-31,764.7000122070312,SPY,2026-09-24 13:35 UTC
582.0,197.0,200.11,1.0,1.0,call,0.5150684931506849,2027-03-31,764.7000122070312,SPY,2026-09-24 13:35 UTC
585.0,0.0,0.0,3.0,0.0,call,0.5150684931506849,2027-03-31,764.7000122070312,SPY,2026-09-24 13:35 UTC
588.0,195.11,198.48,,1.0,call,0.5150684931506849,2027-03-31,764.7000122070312,SPY,2026-09-24 13:35 UTC
590.0,193.24,196.61,1.0,4.0,call,0.5150684931506849,2027-03-31,764.7000122070312,SPY,2026-09-24 13:35 UTC
592.0,171.42,175.3,2.0,1.0,call,0.5150684931506849,2027-03-31,764.7000122070312,SPY,2026-09-24 13:35 UTC
593.0,0.0,0.0,1.0,0.0,call,0.5150684931506849,2027-03-31,764.7000122070312,SPY,2026-09-24 13:35 UTC
594.0,169.68,173.56,,1.0,call,0.5150684931506849,2027-03-31,764.7000122070312,SPY,2026-09-24 13:35 UTC
595.0,184.98,188.08,1.0,1.0,call,0.5150684931506849,2027-03-31,764.7000122070312,SPY,2026-09-24 13:35 UTC
596.0,0.0,0.0,,0.0,call,0.5150684931506849,2027-03-31,764.7000122070312,SPY,2026-09-24 13:35 UTC
597.0,0.0,0.0,1.0,0.0,call,0.5150684931506849,2027-03-31,764.7000122070312,SPY,2026-09-24 13:35 UTC
598.0,0.0,0.0,1.0,0.0,call,0.5150684931506849,2027-03-31,764.7000122070312,SPY,2026-09-24 13:35 UTC
599.0,184.82,188.19,3.0,3.0,call,0.5150684931506849,2027-03-31,764.7000122070312,SPY,2026-09-24 13:35 UTC
600.0,0.0,0.0,4.0,31.0,call,0.5150684931506849,2027-03-31,764.7000122070312,SPY,2026-09-24 13:35 UTC
601.0,0.0,0.0,1.0,11.0,call,0.5150684931506849,2027-03-31,764.7000122070312,SPY,2026-09-24 13:35 UTC
602.0,162.77,166.65,7.0,7.0,call,0.5150684931506849,2027-03-31,764.7000122070312,SPY,2026-09-24 13:35 UTC
603.0,161.91,165.79,,1.0,call,0.5150684931506849,2027-03-31,764.7000122070312,SPY,2026-09-24 13:35 UTC
604.0,0.0,0.0,1.0,2.0,call,0.5150684931506849,2027-03-31,764.7000122070312,SPY,2026-09-24 13:35 UTC
605.0,160.19,164.07,7.0,7.0,call,0.5150684931506849,2027-03-31,764.7000122070312,SPY,2026-09-24 13:35 UTC
606.0,0.0,0.0,,1.0,call,0.5150684931506849,2027-03-31,764.7000122070312,SPY,2026-09-24 13:35 UTC
607.0,0.0,0.0,1.0,2.0,call,0.5150684931506849,2027-03-31,764.7000122070312,SPY,2026-09-24 13:35 UTC
608.0,0.0,0.0,1.0,0.0,call,0.5150684931506849,2027-03-31,764.7000122070312,SPY,2026-09-24 13:35 UTC
609.0,0.0,0.0,1.0,2.0,call,0.5150684931506849,2027-03-31,764.7000122070312,SPY,2026-09-24 13:35 UTC
610.0,0.0,0.0,2.0,8.0,call,0.5150684931506849,2027-03-31,764.7000122070312,SPY,2026-09-24 13:35 UTC
611.0,170.29,173.39,1.0,2.0,call,0.5150684931506849,2027-03-31,764.7000122070312,SPY,2026-09-24 13:35 UTC
612.0,0.0,0.0,1.0,0.0,call,0.5150684931506849,2027-03-31,764.7000122070312,SPY,2026-09-24 13:35 UTC
615.0,0.0,0.0,1.0,19.0,call,0.5150684931506849,2027-03-31,764.7000122070312,SPY,2026-09-24 13:35 UTC
616.0,169.06,172.4,4.0,3.0,call,0.5150684931506849,2027-03-31,764.7000122070312,SPY,2026-09-24 13:35 UTC
617.0,149.95,153.83,2.0,3.0,call,0.5150684931506849,2027-03-31,764.7000122070312,SPY,2026-09-24 13:35 UTC
618.0,0.0,0.0,2.0,0.0,call,0.5150684931506849,2027-03-31,764.7000122070312,SPY,2026-09-24 13:35 UTC
619.0,0.0,0.0,1.0,1.0,call,0.5150684931506849,2027-03-31,764.7000122070312,SPY,2026-09-24 13:35 UTC
620.0,0.0,0.0,1.0,0.0,call,0.5150684931506849,2027-03-31,764.7000122070312,SPY,2026-09-24 13:35 UTC
621.0,0.0,0.0,1.0,0.0,call,0.5150684931506849,2027-03-31,764.7000122070312,SPY,2026-09-24 13:35 UTC
622.0,157.76,159.99,1.0,1.0,call,0.5150684931506849,2027-03-31,764.7000122070312,SPY,2026-09-24 13:35 UTC
623.0,0.0,0.0,2.0,0.0,call,0.5150684931506849,2027-03-31,764.7000122070312,SPY,2026-09-24 13:35 UTC
624.0,145.5,149.0,2.0,2.0,call,0.5150684931506849,2027-03-31,764.7000122070312,SPY,2026-09-24 13:35 UTC
625.0,0.0,0.0,4.0,0.0,call,0.5150684931506849,2027-03-31,764.7000122070312,SPY,2026-09-24 13:35 UTC
626.0,153.33,156.77,1.0,0.0,call,0.5150684931506849,2027-03-31,764.7000122070312,SPY,2026-09-24 13:35 UTC
627.0,141.52,145.4,,1.0,call,0.5150684931506849,2027-03-31,764.7000122070312,SPY,2026-09-24 13:35 UTC
628.0,154.88,157.98,1.0,1.0,call,0.5150684931506849,2027-03-31,764.7000122070312,SPY,2026-09-24 13:35 UTC
629.0,0.0,0.0,1.0,0.0,call,0.5150684931506849,2027-03-31,764.7000122070312,SPY,2026-09-24 13:35 UTC
630.0,0.0,0.0,3.0,78.0,call,0.5150684931506849,2027-03-31,764.7000122070312,SPY,2026-09-24 13:35 UTC
631.0,155.27,158.61,2.0,1.0,call,0.5150684931506849,2027-03-31,764.7000122070312,SPY,2026-09-24 13:35 UTC
632.0,0.0,0.0,1.0,0.0,call,0.5150684931506849,2027-03-31,764.7000122070312,SPY,2026-09-24 13:35 UTC
633.0,0.0,0.0,2.0,0.0,call,0.5150684931506849,2027-03-31,764.7000122070312,SPY,2026-09-24 13:35 UTC
634.0,0.0,0.0,3.0,2.0,call,0.5150684931506849,2027-03-31,764.7000122070312,SPY,2026-09-24 13:35 UTC
635.0,0.0,0.0,1.0,12.0,call,0.5150684931506849,2027-03-31,764.7000122070312,SPY,2026-09-24 13:35 UTC
636.0,0.0,0.0,2.0,0.0,call,0.5150684931506849,2027-03-31,764.7000122070312,SPY,2026-09-24 13:35 UTC
637.0,0.0,0.0,2.0,0.0,call,0.5150684931506849,2027-03-31,764.7000122070312,SPY,2026-09-24 13:35 UTC
638.0,0.0,0.0,3.0,6.0,call,0.5150684931506849,2027-03-31,764.7000122070312,SPY,2026-09-24 13:35 UTC
639.0,145.02,148.11,8.0,20.0,call,0.5150684931506849,2027-03-31,764.7000122070312,SPY,2026-09-24 13:35 UTC
640.0,0.0,0.0,1.0,35.0,call,0.5150684931506849,2027-03-31,764.7000122070312,SPY,2026-09-24 13:35 UTC
641.0,146.08,149.5,1.0,2.0,call,0.5150684931506849,2027-03-31,764.7000122070312,SPY,2026-09-24 13:35 UTC
642.0,0.0,0.0,1.0,3.0,call,0.5150684931506849,2027-03-31,764.7000122070312,SPY,2026-09-24 13:35 UTC
643.0,0.0,0.0,3.0,3.0,call,0.5150684931506849,2027-03-31,764.7000122070312,SPY,2026-09-24 13:35 UTC
644.0,143.45,146.78,1.0,15.0,call,0.5150684931506849,2027-03-31,764.7000122070312,SPY,2026-09-24 13:35 UTC
645.0,0.0,0.0,2.0,10.0,call,0.5150684931506849,2027-03-31,764.7000122070312,SPY,2026-09-24 13:35 UTC
646.0,0.0,0.0,1.0,0.0,call,0.5150684931506849,2027-03-31,764.7000122070312,SPY,2026-09-24 13:35 UTC
647.0,136.33,138.47,11.0,6.0,call,0.5150684931506849,2027-03-31,764.7000122070312,SPY,2026-09-24 13:35 UTC
648.0,0.0,0.0,3.0,5.0,call,0.5150684931506849,2027-03-31,764.7000122070312,SPY,2026-09-24 13:35 UTC
649.0,119.8,123.22,6.0,12.0,call,0.5150684931506849,2027-03-31,764.7000122070312,SPY,2026-09-24 13:35 UTC
650.0,0.0,0.0,2.0,249.0,call,0.5150684931506849,2027-03-31,764.7000122070312,SPY,2026-09-24 13:35 UTC
651.0,131.73,135.15,1.0,1.0,call,0.5150684931506849,2027-03-31,764.7000122070312,SPY,2026-09-24 13:35 UTC
652.0,120.91,124.77,2.0,3.0,call,0.5150684931506849,2027-03-31,764.7000122070312,SPY,2026-09-24 13:35 UTC
653.0,0.0,0.0,3.0,2.0,call,0.5150684931506849,2027-03-31,764.7000122070312,SPY,2026-09-24 13:35 UTC
654.0,129.1,132.59,3.0,6.0,call,0.5150684931506849,2027-03-31,764.7000122070312,SPY,2026-09-24 13:35 UTC
655.0,0.0,0.0,2.0,32.0,call,0.5150684931506849,2027-03-31,764.7000122070312,SPY,2026-09-24 13:35 UTC
656.0,0.0,0.0,2.0,0.0,call,0.5150684931506849,2027-03-31,764.7000122070312,SPY,2026-09-24 13:35 UTC
657.0,116.88,120.74,2.0,6.0,call,0.5150684931506849,2027-03-31,764.7000122070312,SPY,2026-09-24 13:35 UTC
658.0,0.0,0.0,1.0,4.0,call,0.5150684931506849,2027-03-31,764.7000122070312,SPY,2026-09-24 13:35 UTC
659.0,111.5,114.93,9.0,11.0,call,0.5150684931506849,2027-03-31,764.7000122070312,SPY,2026-09-24 13:35 UTC
660.0,0.0,0.0,1.0,65.0,call,0.5150684931506849,2027-03-31,764.7000122070312,SPY,2026-09-24 13:35 UTC
661.0,113.68,117.54,2.0,3.0,call,0.5150684931506849,2027-03-31,764.7000122070312,SPY,2026-09-24 13:35 UTC
662.0,114.52,118.4,,1.0,call,0.5150684931506849,2027-03-31,764.7000122070312,SPY,2026-09-24 13:35 UTC
663.0,0.0,0.0,3.0,8.0,call,0.5150684931506849,2027-03-31,764.7000122070312,SPY,2026-09-24 13:35 UTC
664.0,107.4,110.83,6.0,7.0,call,0.5150684931506849,2027-03-31,764.7000122070312,SPY,2026-09-24 13:35 UTC
665.0,0.0,0.0,1.0,25.0,call,0.5150684931506849,2027-03-31,764.7000122070312,SPY,2026-09-24 13:35 UTC
666.0,0.0,0.0,10.0,0.0,call,0.5150684931506849,2027-03-31,764.7000122070312,SPY,2026-09-24 13:35 UTC
667.0,0.0,0.0,3.0,27.0,call,0.5150684931506849,2027-03-31,764.7000122070312,SPY,2026-09-24 13:35 UTC
668.0,0.0,0.0,3.0,53.0,call,0.5150684931506849,2027-03-31,764.7000122070312,SPY,2026-09-24 13:35 UTC
669.0,0.0,0.0,2.0,178.0,call,0.5150684931506849,2027-03-31,764.7000122070312,SPY,2026-09-24 13:35 UTC
670.0,0.0,0.0,1.0,43.0,call,0.5150684931506849,2027-03-31,764.7000122070312,SPY,2026-09-24 13:35 UTC
671.0,0.0,0.0,1.0,184.0,call,0.5150684931506849,2027-03-31,764.7000122070312,SPY,2026-09-24 13:35 UTC
672.0,0.0,0.0,145.0,185.0,call,0.5150684931506849,2027-03-31,764.7000122070312,SPY,2026-09-24 13:35 UTC
673.0,0.0,0.0,3.0,111.0,call,0.5150684931506849,2027-03-31,764.7000122070312,SPY,2026-09-24 13:35 UTC
674.0,114.05,116.14,1.0,4.0,call,0.5150684931506849,2027-03-31,764.7000122070312,SPY,2026-09-24 13:35 UTC
675.0,0.0,0.0,1.0,73.0,call,0.5150684931506849,2027-03-31,764.7000122070312,SPY,2026-09-24 13:35 UTC
676.0,0.0,0.0,2.0,12.0,call,0.5150684931506849,2027-03-31,764.7000122070312,SPY,2026-09-24 13:35 UTC
677.0,0.0,0.0,2.0,5.0,call,0.5150684931506849,2027-03-31,764.7000122070312,SPY,2026-09-24 13:35 UTC
678.0,0.0,0.0,2.0,4.0,call,0.5150684931506849,2027-03-31,764.7000122070312,SPY,2026-09-24 13:35 UTC
679.0,0.0,0.0,2.0,12.0,call,0.5150684931506849,2027-03-31,764.7000122070312,SPY,2026-09-24 13:35 UTC
680.0,0.0,0.0,6.0,34.0,call,0.5150684931506849,2027-03-31,764.7000122070312,SPY,2026-09-24 13:35 UTC
685.0,0.0,0.0,2.0,90.0,call,0.5150684931506849,2027-03-31,764.7000122070312,SPY,2026-09-24 13:35 UTC
690.0,0.0,0.0,1.0,243.0,call,0.5150684931506849,2027-03-31,764.7000122070312,SPY,2026-09-24 13:35 UTC
695.0,0.0,0.0,1.0,75.0,call,0.5150684931506849,2027-03-31,764.7000122070312,SPY,2026-09-24 13:35 UTC
700.0,0.0,0.0,2.0,301.0,call,0.5150684931506849,2027-03-31,764.7000122070312,SPY,2026-09-24 13:35 UTC
705.0,0.0,0.0,2.0,131.0,call,0.5150684931506849,2027-03-31,764.7000122070312,SPY,2026-09-24 13:35 UTC
710.0,0.0,0.0,1.0,140.0,call,0.5150684931506849,2027-03-31,764.7000122070312,SPY,2026-09-24 13:35 UTC
715.0,0.0,0.0,2.0,1709.0,call,0.5150684931506849,2027-03-31,764.7000122070312,SPY,2026-09-24 13:35 UTC
720.0,0.0,0.0,2.0,362.0,call,0.5150684931506849,2027-03-31,764.7000122070312,SPY,2026-09-24 13:35 UTC
725.0,0.0,0.0,2.0,230.0,call,0.5150684931506849,2027-03-31,764.7000122070312,SPY,2026-09-24 13:35 UTC
730.0,0.0,0.0,4.0,487.0,call,0.5150684931506849,2027-03-31,764.7000122070312,SPY,2026-09-24 13:35 UTC
735.0,0.0,0.0,2.0,943.0,call,0.5150684931506849,2027-03-31,764.7000122070312,SPY,2026-09-24 13:35 UTC
740.0,0.0,0.0,4.0,709.0,call,0.5150684931506849,2027-03-31,764.7000122070312,SPY,2026-09-24 13:35 UTC
745.0,0.0,0.0,3.0,136.0,call,0.5150684931506849,2027-03-31,764.7000122070312,SPY,2026-09-24 13:35 UTC
750.0,0.0,0.0,5.0,459.0,call,0.5150684931506849,2027-03-31,764.7000122070312,SPY,2026-09-24 13:35 UTC
755.0,0.0,0.0,2.0,130.0,call,0.5150684931506849,2027-03-31,764.7000122070312,SPY,2026-09-24 13:35 UTC
760.0,0.0,0.0,1.0,342.0,call,0.5150684931506849,2027-03-31,764.7000122070312,SPY,2026-09-24 13:35 UTC
765.0,0.0,0.0,2.0,1873.0,call,0.5150684931506849,2027-03-31,764.7000122070312,SPY,2026-09-24 13:35 UTC
770.0,0.0,0.0,8.0,350.0,call,0.5150684931506849,2027-03-31,764.7000122070312,SPY,2026-09-24 13:35 UTC
775.0,0.0,0.0,14.0,385.0,call,0.5150684931506849,2027-03-31,764.7000122070312,SPY,2026-09-24 13:35 UTC
780.0,0.0,0.0,6.0,665.0,call,0.5150684931506849,2027-03-31,764.7000122070312,SPY,2026-09-24 13:35 UTC
785.0,0.0,0.0,7.0,125.0,call,0.5150684931506849,2027-03-31,764.7000122070312,SPY,2026-09-24 13:35 UTC
790.0,0.0,0.0,45.0,469.0,call,0.5150684931506849,2027-03-31,764.7000122070312,SPY,2026-09-24 13:35 UTC
795.0,0.0,0.0,12.0,301.0,call,0.5150684931506849,2027-03-31,764.7000122070312,SPY,2026-09-24 13:35 UTC
800.0,0.0,0.0,43.0,1320.0,call,0.5150684931506849,2027-03-31,764.7000122070312,SPY,2026-09-24 13:35 UTC
805.0,0.0,0.0,1.0,384.0,call,0.5150684931506849,2027-03-31,764.7000122070312,SPY,2026-09-24 13:35 UTC
810.0,0.0,0.0,2.0,604.0,call,0.5150684931506849,2027-03-31,764.7000122070312,SPY,2026-09-24 13:35 UTC
815.0,0.0,0.0,14.0,482.0,call,0.5150684931506849,2027-03-31,764.7000122070312,SPY,2026-09-24 13:35 UTC
820.0,0.0,0.0,25.0,1039.0,call,0.5150684931506849,2027-03-31,764.7000122070312,SPY,2026-09-24 13:35 UTC
825.0,0.0,0.0,5.0,867.0,call,0.5150684931506849,2027-03-31,764.7000122070312,SPY,2026-09-24 13:35 UTC
830.0,0.0,0.0,1.0,205.0,call,0.5150684931506849,2027-03-31,764.7000122070312,SPY,2026-09-24 13:35 UTC
835.0,0.0,0.0,4.0,155.0,call,0.5150684931506849,2027-03-31,764.7000122070312,SPY,2026-09-24 13:35 UTC
840.0,0.0,0.0,1.0,600.0,call,0.5150684931506849,2027-03-31,764.7000122070312,SPY,2026-09-24 13:35 UTC
845.0,0.0,0.0,1.0,1236.0,call,0.5150684931506849,2027-03-31,764.7000122070312,SPY,2026-09-24 13:35 UTC
850.0,0.0,0.0,3.0,734.0,call,0.5150684931506849,2027-03-31,764.7000122070312,SPY,2026-09-24 13:35 UTC
855.0,0.0,0.0,1.0,426.0,call,0.5150684931506849,2027-03-31,764.7000122070312,SPY,2026-09-24 13:35 UTC
860.0,0.0,0.0,3.0,870.0,call,0.5150684931506849,2027-03-31,764.7000122070312,SPY,2026-09-24 13:35 UTC
865.0,0.0,0.0,273.0,1542.0,call,0.5150684931506849,2027-03-31,764.7000122070312,SPY,2026-09-24 13:35 UTC
870.0,0.0,0.0,100.0,1895.0,call,0.5150684931506849,2027-03-31,764.7000122070312,SPY,2026-09-24 13:35 UTC
875.0,0.0,0.0,40.0,792.0,call,0.5150684931506849,2027-03-31,764.7000122070312,SPY,2026-09-24 13:35 UTC
880.0,0.0,0.0,59.0,2285.0,call,0.5150684931506849,2027-03-31,764.7000122070312,SPY,2026-09-24 13:35 UTC
885.0,0.0,0.0,17.0,1528.0,call,0.5150684931506849,2027-03-31,764.7000122070312,SPY,2026-09-24 13:35 UTC
890.0,0.0,0.0,24.0,324.0,call,0.5150684931506849,2027-03-31,764.7000122070312,SPY,2026-09-24 13:35 UTC
895.0,0.0,0.0,22.0,1152.0,call,0.5150684931506849,2027-03-31,764.7000122070312,SPY,2026-09-24 13:35 UTC
900.0,0.0,0.0,56.0,12845.0,call,0.5150684931506849,2027-03-31,764.7000122070312,SPY,2026-09-24 13:35 UTC
905.0,0.0,0.0,532.0,970.0,call,0.5150684931506849,2027-03-31,764.7000122070312,SPY,2026-09-24 13:35 UTC
910.0,0.0,0.0,1.0,1436.0,call,0.5150684931506849,2027-03-31,764.7000122070312,SPY,2026-09-24 13:35 UTC
915.0,0.0,0.0,20.0,842.0,call,0.5150684931506849,2027-03-31,764.7000122070312,SPY,2026-09-24 13:35 UTC
920.0,0.0,0.0,325.0,294.0,call,0.5150684931506849,2027-03-31,764.7000122070312,SPY,2026-09-24 13:35 UTC
925.0,0.0,0.0,1.0,906.0,call,0.5150684931506849,2027-03-31,764.7000122070312,SPY,2026-09-24 13:35 UTC
930.0,0.0,0.0,358.0,946.0,call,0.5150684931506849,2027-03-31,764.7000122070312,SPY,2026-09-24 13:35 UTC
935.0,0.0,0.0,357.0,324.0,call,0.5150684931506849,2027-03-31,764.7000122070312,SPY,2026-09-24 13:35 UTC
940.0,0.0,0.0,10.0,256.0,call,0.5150684931506849,2027-03-31,764.7000122070312,SPY,2026-09-24 13:35 UTC
945.0,0.0,0.0,25.0,74.0,call,0.5150684931506849,2027-03-31,764.7000122070312,SPY,2026-09-24 13:35 UTC
950.0,0.0,0.0,1.0,762.0,call,0.5150684931506849,2027-03-31,764.7000122070312,SPY,2026-09-24 13:35 UTC
955.0,0.0,0.0,8.0,120.0,call,0.5150684931506849,2027-03-31,764.7000122070312,SPY,2026-09-24 13:35 UTC
960.0,0.0,0.0,1.0,82.0,call,0.5150684931506849,2027-03-31,764.7000122070312,SPY,2026-09-24 13:35 UTC
965.0,0.0,0.0,1.0,0.0,call,0.5150684931506849,2027-03-31,764.7000122070312,SPY,2026-09-24 13:35 UTC
970.0,0.0,0.0,2.0,0.0,call,0.5150684931506849,2027-03-31,764.7000122070312,SPY,2026-09-24 13:35 UTC
975.0,0.0,0.0,18.0,1275.0,call,0.5150684931506849,2027-03-31,764.7000122070312,SPY,2026-09-24 13:35 UTC
250.0,0.0,0.0,11.0,165.0,put,0.5150684931506849,2027-03-31,764.7000122070312,SPY,2026-09-24 13:35 UTC
300.0,0.0,0.0,1.0,1060.0,put,0.5150684931506849,2027-03-31,764.7000122070312,SPY,2026-09-24 13:35 UTC
350.0,0.0,0.0,110.0,2010.0,put,0.5150684931506849,2027-03-31,764.7000122070312,SPY,2026-09-24 13:35 UTC
400.0,0.0,0.0,3.0,831.0,put,0.5150684931506849,2027-03-31,764.7000122070312,SPY,2026-09-24 13:35 UTC
450.0,0.0,0.0,15.0,380.0,put,0.5150684931506849,2027-03-31,764.7000122070312,SPY,2026-09-24 13:35 UTC
455.0,0.0,0.0,1.0,0.0,put,0.5150684931506849,2027-03-31,764.7000122070312,SPY,2026-09-24 13:35 UTC
460.0,0.0,0.0,83.0,139.0,put,0.5150684931506849,2027-03-31,764.7000122070312,SPY,2026-09-24 13:35 UTC
465.0,0.0,0.0,6.0,10.0,put,0.5150684931506849,2027-03-31,764.7000122070312,SPY,2026-09-24 13:35 UTC
470.0,0.0,0.0,1.0,152.0,put,0.5150684931506849,2027-03-31,764.7000122070312,SPY,2026-09-24 13:35 UTC
475.0,0.0,0.0,2.0,78.0,put,0.5150684931506849,2027-03-31,764.7000122070312,SPY,2026-09-24 13:35 UTC
480.0,0.0,0.0,26.0,71.0,put,0.5150684931506849,2027-03-31,764.7000122070312,SPY,2026-09-24 13:35 UTC
485.0,0.0,0.0,2.0,54.0,put,0.5150684931506849,2027-03-31,764.7000122070312,SPY,2026-09-24 13:35 UTC
490.0,0.0,0.0,2.0,844.0,put,0.5150684931506849,2027-03-31,764.7000122070312,SPY,2026-09-24 13:35 UTC
495.0,0.0,0.0,278.0,0.0,put,0.5150684931506849,2027-03-31,764.7000122070312,SPY,2026-09-24 13:35 UTC
500.0,0.0,0.0,24.0,570.0,put,0.5150684931506849,2027-03-31,764.7000122070312,SPY,2026-09-24 13:35 UTC
505.0,0.0,0.0,23.0,589.0,put,0.5150684931506849,2027-03-31,764.7000122070312,SPY,2026-09-24 13:35 UTC
510.0,0.0,0.0,50.0,128.0,put,0.5150684931506849,2027-03-31,764.7000122070312,SPY,2026-09-24 13:35 UTC
515.0,0.0,0.0,1.0,79.0,put,0.5150684931506849,2027-03-31,764.7000122070312,SPY,2026-09-24 13:35 UTC
520.0,0.0,0.0,5.0,109.0,put,0.5150684931506849,2027-03-31,764.7000122070312,SPY,2026-09-24 13:35 UTC
525.0,0.0,0.0,2.0,403.0,put,0.5150684931506849,2027-03-31,764.7000122070312,SPY,2026-09-24 13:35 UTC
530.0,0.0,0.0,5.0,317.0,put,0.5150684931506849,2027-03-31,764.7000122070312,SPY,2026-09-24 13:35 UTC
535.0,0.0,0.0,1.0,72.0,put,0.5150684931506849,2027-03-31,764.7000122070312,SPY,2026-09-24 13:35 UTC
540.0,0.0,0.0,6.0,125.0,put,0.5150684931506849,2027-03-31,764.7000122070312,SPY,2026-09-24 13:35 UTC
545.0,0.0,0.0,1.0,59.0,put,0.5150684931506849,2027-03-31,764.7000122070312,SPY,2026-09-24 13:35 UTC
550.0,0.0,0.0,5.0,361.0,put,0.5150684931506849,2027-03-31,764.7000122070312,SPY,2026-09-24 13:35 UTC
555.0,0.0,0.0,11.0,164.0,put,0.5150684931506849,2027-03-31,764.7000122070312,SPY,2026-09-24 13:35 UTC
560.0,0.0,0.0,3.0,287.0,put,0.5150684931506849,2027-03-31,764.7000122070312,SPY,2026-09-24 13:35 UTC
565.0,0.0,0.0,3.0,1235.0,put,0.5150684931506849,2027-03-31,764.7000122070312,SPY,2026-09-24 13:35 UTC
570.0,0.0,0.0,1.0,51.0,put,0.5150684931506849,2027-03-31,764.7000122070312,SPY,2026-09-24 13:35 UTC
575.0,0.0,0.0,261.0,312.0,put,0.5150684931506849,2027-03-31,764.7000122070312,SPY,2026-09-24 13:35 UTC
576.0,4.31,4.35,39.0,41.0,put,0.5150684931506849,2027-03-31,764.7000122070312,SPY,2026-09-24 13:35 UTC
577.0,0.0,0.0,1.0,0.0,put,0.5150684931506849,2027-03-31,764.7000122070312,SPY,2026-09-24 13:35 UTC
578.0,0.0,0.0,1.0,4.0,put,0.5150684931506849,2027-03-31,764.7000122070312,SPY,2026-09-24 13:35 UTC
579.0,0.0,0.0,1.0,23.0,put,0.5150684931506849,2027-03-31,764.7000122070312,SPY,2026-09-24 13:35 UTC
580.0,0.0,0.0,3.0,269.0,put,0.5150684931506849,2027-03-31,764.7000122070312,SPY,2026-09-24 13:35 UTC
581.0,0.0,0.0,13.0,15.0,put,0.5150684931506849,2027-03-31,764.7000122070312,SPY,2026-09-24 13:35 UTC
582.0,5.71,5.75,31.0,32.0,put,0.5150684931506849,2027-03-31,764.7000122070312,SPY,2026-09-24 13:35 UTC
583.0,0.0,0.0,2.0,62.0,put,0.5150684931506849,2027-03-31,764.7000122070312,SPY,2026-09-24 13:35 UTC
584.0,0.0,0.0,52.0,7127.0,put,0.5150684931506849,2027-03-31,764.7000122070312,SPY,2026-09-24 13:35 UTC
585.0,0.0,0.0,2.0,138.0,put,0.5150684931506849,2027-03-31,764.7000122070312,SPY,2026-09-24 13:35 UTC
586.0,5.91,5.95,1.0,9.0,put,0.5150684931506849,2027-03-31,764.7000122070312,SPY,2026-09-24 13:35 UTC
587.0,0.0,0.0,1.0,27.0,put,0.5150684931506849,2027-03-31,764.7000122070312,SPY,2026-09-24 13:35 UTC
588.0,0.0,0.0,1.0,0.0,put,0.5150684931506849,2027-03-31,764.7000122070312,SPY,2026-09-24 13:35 UTC
589.0,4.81,4.85,,37.0,put,0.5150684931506849,2027-03-31,764.7000122070312,SPY,2026-09-24 13:35 UTC
590.0,0.0,0.0,5.0,233.0,put,0.5150684931506849,2027-03-31,764.7000122070312,SPY,2026-09-24 13:35 UTC
591.0,9.57,9.63,18.0,19.0,put,0.5150684931506849,2027-03-31,764.7000122070312,SPY,2026-09-24 13:35 UTC
592.0,0.0,0.0,1.0,0.0,put,0.5150684931506849,2027-03-31,764.7000122070312,SPY,2026-09-24 13:35 UTC
593.0,0.0,0.0,657.0,659.0,put,0.5150684931506849,2027-03-31,764.7000122070312,SPY,2026-09-24 13:35 UTC
594.0,0.0,0.0,20.0,0.0,put,0.5150684931506849,2027-03-31,764.7000122070312,SPY,2026-09-24 13:35 UTC
595.0,0.0,0.0,20.0,148.0,put,0.5150684931506849,2027-03-31,764.7000122070312,SPY,2026-09-24 13:35 UTC
596.0,0.0,0.0,21.0,0.0,put,0.5150684931506849,2027-03-31,764.7000122070312,SPY,2026-09-24 13:35 UTC
597.0,0.0,0.0,50.0,73.0,put,0.5150684931506849,2027-03-31,764.7000122070312,SPY,2026-09-24 13:35 UTC
598.0,0.0,0.0,8.0,0.0,put,0.5150684931506849,2027-03-31,764.7000122070312,SPY,2026-09-24 13:35 UTC
599.0,5.24,5.29,1.0,2.0,put,0.5150684931506849,2027-03-31,764.7000122070312,SPY,2026-09-24 13:35 UTC
600.0,0.0,0.0,18.0,489.0,put,0.5150684931506849,2027-03-31,764.7000122070312,SPY,2026-09-24 13:35 UTC
601.0,0.0,0.0,3.0,47.0,put,0.5150684931506849,2027-03-31,764.7000122070312,SPY,2026-09-24 13:35 UTC
602.0,10.52,10.59,250.0,251.0,put,0.5150684931506849,2027-03-31,764.7000122070312,SPY,2026-09-24 13:35 UTC
603.0,6.84,6.89,2.0,3.0,put,0.5150684931506849,2027-03-31,764.7000122070312,SPY,2026-09-24 13:35 UTC
604.0,0.0,0.0,1.0,5.0,put,0.5150684931506849,2027-03-31,764.7000122070312,SPY,2026-09-24 13:35 UTC
605.0,0.0,0.0,26.0,268.0,put,0.5150684931506849,2027-03-31,764.7000122070312,SPY,2026-09-24 13:35 UTC
606.0,5.57,5.62,1.0,1.0,put,0.5150684931506849,2027-03-31,764.7000122070312,SPY,2026-09-24 13:35 UTC
607.0,0.0,0.0,16.0,17.0,put,0.5150684931506849,2027-03-31,764.7000122070312,SPY,2026-09-24 13:35 UTC
608.0,0.0,0.0,10.0,233.0,put,0.5150684931506849,2027-03-31,764.7000122070312,SPY,2026-09-24 13:35 UTC
609.0,0.0,0.0,17.0,24.0,put,0.5150684931506849,2027-03-31,764.7000122070312,SPY,2026-09-24 13:35 UTC
610.0,0.0,0.0,28.0,261.0,put,0.5150684931506849,2027-03-31,764.7000122070312,SPY,2026-09-24 13:35 UTC
611.0,0.0,0.0,16.0,36.0,put,0.5150684931506849,2027-03-31,764.7000122070312,SPY,2026-09-24 13:35 UTC
612.0,0.0,0.0,17.0,23.0,put,0.5150684931506849,2027-03-31,764.7000122070312,SPY,2026-09-24 13:35 UTC
613.0,0.0,0.0,1.0,23.0,put,0.5150684931506849,2027-03-31,764.7000122070312,SPY,2026-09-24 13:35 UTC
614.0,0.0,0.0,1.0,8.0,put,0.5150684931506849,2027-03-31,764.7000122070312,SPY,2026-09-24 13:35 UTC
615.0,0.0,0.0,10.0,86.0,put,0.5150684931506849,2027-03-31,764.7000122070312,SPY,2026-09-24 13:35 UTC
616.0,0.0,0.0,15.0,319.0,put,0.5150684931506849,2027-03-31,764.7000122070312,SPY,2026-09-24 13:35 UTC
617.0,14.51,14.59,1.0,1.0,put,0.5150684931506849,2027-03-31,764.7000122070312,SPY,2026-09-24 13:35 UTC
618.0,0.0,0.0,10.0,12.0,put,0.5150684931506849,2027-03-31,764.7000122070312,SPY,2026-09-24 13:35 UTC
619.0,0.0,0.0,17.0,19.0,put,0.5150684931506849,2027-03-31,764.7000122070312,SPY,2026-09-24 13:35 UTC
620.0,0.0,0.0,10.0,129.0,put,0.5150684931506849,2027-03-31,764.7000122070312,SPY,2026-09-24 13:35 UTC
621.0,0.0,0.0,1.0,0.0,put,0.5150684931506849,2027-03-31,764.7000122070312,SPY,2026-09-24 13:35 UTC
622.0,0.0,0.0,1.0,1.0,put,0.5150684931506849,2027-03-31,764.7000122070312,SPY,2026-09-24 13:35 UTC
623.0,8.17,8.22,1.0,2.0,put,0.5150684931506849,2027-03-31,764.7000122070312,SPY,2026-09-24 13:35 UTC
624.0,0.0,0.0,2.0,246.0,put,0.5150684931506849,2027-03-31,764.7000122070312,SPY,2026-09-24 13:35 UTC
625.0,0.0,0.0,10.0,321.0,put,0.5150684931506849,2027-03-31,764.7000122070312,SPY,2026-09-24 13:35 UTC
626.0,0.0,0.0,1.0,12.0,put,0.5150684931506849,2027-03-31,764.7000122070312,SPY,2026-09-24 13:35 UTC
627.0,6.74,6.79,1.0,7.0,put,0.5150684931506849,2027-03-31,764.7000122070312,SPY,2026-09-24 13:35 UTC
628.0,0.0,0.0,1.0,11.0,put,0.5150684931506849,2027-03-31,764.7000122070312,SPY,2026-09-24 13:35 UTC
629.0,0.0,0.0,1.0,6.0,put,0.5150684931506849,2027-03-31,764.7000122070312,SPY,2026-09-24 13:35 UTC
630.0,0.0,0.0,10.0,271.0,put,0.5150684931506849,2027-03-31,764.7000122070312,SPY,2026-09-24 13:35 UTC
631.0,0.0,0.0,41.0,55.0,put,0.5150684931506849,2027-03-31,764.7000122070312,SPY,2026-09-24 13:35 UTC
632.0,0.0,0.0,2.0,192.0,put,0.5150684931506849,2027-03-31,764.7000122070312,SPY,2026-09-24 13:35 UTC
633.0,7.12,7.17,5.0,35.0,put,0.5150684931506849,2027-03-31,764.7000122070312,SPY,2026-09-24 13:35 UTC
634.0,0.0,0.0,2.0,9.0,put,0.5150684931506849,2027-03-31,764.7000122070312,SPY,2026-09-24 13:35 UTC
635.0,0.0,0.0,15.0,152.0,put,0.5150684931506849,2027-03-31,764.7000122070312,SPY,2026-09-24 13:35 UTC
636.0,0.0,0.0,10.0,30.0,put,0.5150684931506849,2027-03-31,764.7000122070312,SPY,2026-09-24 13:35 UTC
637.0,14.29,14.38,128.0,127.0,put,0.5150684931506849,2027-03-31,764.7000122070312,SPY,2026-09-24 13:35 UTC
638.0,0.0,0.0,1.0,7.0,put,0.5150684931506849,2027-03-31,764.7000122070312,SPY,2026-09-24 13:35 UTC
639.0,0.0,0.0,101.0,104.0,put,0.5150684931506849,2027-03-31,764.7000122070312,SPY,2026-09-24 13:35 UTC
640.0,0.0,0.0,2.0,429.0,put,0.5150684931506849,2027-03-31,764.7000122070312,SPY,2026-09-24 13:35 UTC
641.0,20.19,20.29,,4.0,put,0.5150684931506849,2027-03-31,764.7000122070312,SPY,2026-09-24 13:35 UTC
642.0,0.0,0.0,1.0,207.0,put,0.5150684931506849,2027-03-31,764.7000122070312,SPY,2026-09-24 13:35 UTC
643.0,7.82,7.87,1.0,7.0,put,0.5150684931506849,2027-03-31,764.7000122070312,SPY,2026-09-24 13:35 UTC
644.0,0.0,0.0,1.0,9.0,put,0.5150684931506849,2027-03-31,764.7000122070312,SPY,2026-09-24 13:35 UTC
645.0,0.0,0.0,1.0,77.0,put,0.5150684931506849,2027-03-31,764.7000122070312,SPY,2026-09-24 13:35 UTC
646.0,15.48,15.56,4.0,3.0,put,0.5150684931506849,2027-03-31,764.7000122070312,SPY,2026-09-24 13:35 UTC
647.0,0.0,0.0,4.0,7.0,put,0.5150684931506849,2027-03-31,764.7000122070312,SPY,2026-09-24 13:35 UTC
648.0,10.25,10.3,2.0,378.0,put,0.5150684931506849,2027-03-31,764.7000122070312,SPY,2026-09-24 13:35 UTC
649.0,0.0,0.0,10.0,14.0,put,0.5150684931506849,2027-03-31,764.7000122070312,SPY,2026-09-24 13:35 UTC
650.0,0.0,0.0,1.0,513.0,put,0.5150684931506849,2027-03-31,764.7000122070312,SPY,2026-09-24 13:35 UTC
651.0,0.0,0.0,1.0,3.0,put,0.5150684931506849,2027-03-31,764.7000122070312,SPY,2026-09-24 13:35 UTC
652.0,10.63,10.69,1.0,2.0,put,0.5150684931506849,2027-03-31,764.7000122070312,SPY,2026-09-24 13:35 UTC
653.0,0.0,0.0,1.0,0.0,put,0.5150684931506849,2027-03-31,764.7000122070312,SPY,2026-09-24 13:35 UTC
654.0,0.0,0.0,1.0,12.0,put,0.5150684931506849,2027-03-31,764.7000122070312,SPY,2026-09-24 13:35 UTC
655.0,0.0,0.0,3.0,141.0,put,0.5150684931506849,2027-03-31,764.7000122070312,SPY,2026-09-24 13:35 UTC
656.0,0.0,0.0,1.0,15.0,put,0.5150684931506849,2027-03-31,764.7000122070312,SPY,2026-09-24 13:35 UTC
657.0,0.0,0.0,6.0,23.0,put,0.5150684931506849,2027-03-31,764.7000122070312,SPY,2026-09-24 13:35 UTC
658.0,0.0,0.0,1.0,188.0,put,0.5150684931506849,2027-03-31,764.7000122070312,SPY,2026-09-24 13:35 UTC
659.0,0.0,0.0,1.0,5.0,put,0.5150684931506849,2027-03-31,764.7000122070312,SPY,2026-09-24 13:35 UTC
660.0,0.0,0.0,1.0,209.0,put,0.5150684931506849,2027-03-31,764.7000122070312,SPY,2026-09-24 13:35 UTC
661.0,0.0,0.0,8.0,0.0,put,0.5150684931506849,2027-03-31,764.7000122070312,SPY,2026-09-24 13:35 UTC
662.0,11.66,11.72,1.0,5.0,put,0.5150684931506849,2027-03-31,764.7000122070312,SPY,2026-09-24 13:35 UTC
663.0,0.0,0.0,16.0,130.0,put,0.5150684931506849,2027-03-31,764.7000122070312,SPY,2026-09-24 13:35 UTC
664.0,11.88,11.94,28.0,15.0,put,0.5150684931506849,2027-03-31,764.7000122070312,SPY,2026-09-24 13:35 UTC
665.0,0.0,0.0,20.0,53.0,put,0.5150684931506849,2027-03-31,764.7000122070312,SPY,2026-09-24 13:35 UTC
666.0,0.0,0.0,6.0,54.0,put,0.5150684931506849,2027-03-31,764.7000122070312,SPY,2026-09-24 13:35 UTC
667.0,12.22,12.28,1.0,2.0,put,0.5150684931506849,2027-03-31,764.7000122070312,SPY,2026-09-24 13:35 UTC
668.0,0.0,0.0,1.0,19.0,put,0.5150684931506849,2027-03-31,764.7000122070312,SPY,2026-09-24 13:35 UTC
669.0,0.0,0.0,1.0,100.0,put,0.5150684931506849,2027-03-31,764.7000122070312,SPY,2026-09-24 13:35 UTC
670.0,0.0,0.0,1.0,206.0,put,0.5150684931506849,2027-03-31,764.7000122070312,SPY,2026-09-24 13:35 UTC
671.0,0.0,0.0,1.0,105.0,put,0.5150684931506849,2027-03-31,764.7000122070312,SPY,2026-09-24 13:35 UTC
672.0,12.81,12.87,166.0,176.0,put,0.5150684931506849,2027-03-31,764.7000122070312,SPY,2026-09-24 13:35 UTC
673.0,0.0,0.0,6.0,107.0,put,0.5150684931506849,2027-03-31,764.7000122070312,SPY,2026-09-24 13:35 UTC
674.0,0.0,0.0,8.0,106.0,put,0.5150684931506849,2027-03-31,764.7000122070312,SPY,2026-09-24 13:35 UTC
675.0,0.0,0.0,14.0,726.0,put,0.5150684931506849,2027-03-31,764.7000122070312,SPY,2026-09-24 13:35 UTC
676.0,0.0,0.0,1.0,21.0,put,0.5150684931506849,2027-03-31,764.7000122070312,SPY,2026-09-24 13:35 UTC
677.0,0.0,0.0,1.0,23.0,put,0.5150684931506849,2027-03-31,764.7000122070312,SPY,2026-09-24 13:35 UTC
678.0,0.0,0.0,2.0,29.0,put,0.5150684931506849,2027-03-31,764.7000122070312,SPY,2026-09-24 13:35 UTC
679.0,13.68,13.75,2.0,13.0,put,0.5150684931506849,2027-03-31,764.7000122070312,SPY,2026-09-24 13:35 UTC
680.0,0.0,0.0,80.0,630.0,put,0.5150684931506849,2027-03-31,764.7000122070312,SPY,2026-09-24 13:35 UTC
685.0,0.0,0.0,64.0,500.0,put,0.5150684931506849,2027-03-31,764.7000122070312,SPY,2026-09-24 13:35 UTC
690.0,0.0,0.0,72.0,1077.0,put,0.5150684931506849,2027-03-31,764.7000122070312,SPY,2026-09-24 13:35 UTC
695.0,0.0,0.0,4.0,446.0,put,0.5150684931506849,2027-03-31,764.7000122070312,SPY,2026-09-24 13:35 UTC
700.0,0.0,0.0,11.0,5414.0,put,0.5150684931506849,2027-03-31,764.7000122070312,SPY,2026-09-24 13:35 UTC
705.0,0.0,0.0,1.0,127.0,put,0.5150684931506849,2027-03-31,764.7000122070312,SPY,2026-09-24 13:35 UTC
710.0,0.0,0.0,13.0,1472.0,put,0.5150684931506849,2027-03-31,764.7000122070312,SPY,2026-09-24 13:35 UTC
715.0,0.0,0.0,2.0,620.0,put,0.5150684931506849,2027-03-31,764.7000122070312,SPY,2026-09-24 13:35 UTC
720.0,0.0,0.0,3.0,1583.0,put,0.5150684931506849,2027-03-31,764.7000122070312,SPY,2026-09-24 13:35 UTC
725.0,0.0,0.0,1.0,818.0,put,0.5150684931506849,2027-03-31,764.7000122070312,SPY,2026-09-24 13:35 UTC
730.0,0.0,0.0,9.0,1706.0,put,0.5150684931506849,2027-03-31,764.7000122070312,SPY,2026-09-24 13:35 UTC
735.0,0.0,0.0,2.0,736.0,put,0.5150684931506849,2027-03-31,764.7000122070312,SPY,2026-09-24 13:35 UTC
740.0,0.0,0.0,4.0,1708.0,put,0.5150684931506849,2027-03-31,764.7000122070312,SPY,2026-09-24 13:35 UTC
745.0,0.0,0.0,16.0,257.0,put,0.5150684931506849,2027-03-31,764.7000122070312,SPY,2026-09-24 13:35 UTC
750.0,0.0,0.0,179.0,914.0,put,0.5150684931506849,2027-03-31,764.7000122070312,SPY,2026-09-24 13:35 UTC
755.0,0.0,0.0,1.0,341.0,put,0.5150684931506849,2027-03-31,764.7000122070312,SPY,2026-09-24 13:35 UTC
760.0,0.0,0.0,6.0,1066.0,put,0.5150684931506849,2027-03-31,764.7000122070312,SPY,2026-09-24 13:35 UTC
765.0,0.0,0.0,6.0,224.0,put,0.5150684931506849,2027-03-31,764.7000122070312,SPY,2026-09-24 13:35 UTC
770.0,0.0,0.0,44.0,442.0,put,0.5150684931506849,2027-03-31,764.7000122070312,SPY,2026-09-24 13:35 UTC
775.0,0.0,0.0,4.0,247.0,put,0.5150684931506849,2027-03-31,764.7000122070312,SPY,2026-09-24 13:35 UTC
780.0,0.0,0.0,53.0,764.0,put,0.5150684931506849,2027-03-31,764.7000122070312,SPY,2026-09-24 13:35 UTC
785.0,0.0,0.0,2.0,24.0,put,0.5150684931506849,2027-03-31,764.7000122070312,SPY,2026-09-24 13:35 UTC
790.0,0.0,0.0,1.0,188.0,put,0.5150684931506849,2027-03-31,764.7000122070312,SPY,2026-09-24 13:35 UTC
795.0,0.0,0.0,1.0,78.0,put,0.5150684931506849,2027-03-31,764.7000122070312,SPY,2026-09-24 13:35 UTC
800.0,0.0,0.0,30.0,190.0,put,0.5150684931506849,2027-03-31,764.7000122070312,SPY,2026-09-24 13:35 UTC
805.0,0.0,0.0,1.0,104.0,put,0.5150684931506849,2027-03-31,764.7000122070312,SPY,2026-09-24 13:35 UTC
810.0,0.0,0.0,1.0,118.0,put,0.5150684931506849,2027-03-31,764.7000122070312,SPY,2026-09-24 13:35 UTC
815.0,0.0,0.0,1.0,14.0,put,0.5150684931506849,2027-03-31,764.7000122070312,SPY,2026-09-24 13:35 UTC
820.0,0.0,0.0,1.0,117.0,put,0.5150684931506849,2027-03-31,764.7000122070312,SPY,2026-09-24 13:35 UTC
830.0,0.0,0.0,2.0,3.0,put,0.5150684931506849,2027-03-31,764.7000122070312,SPY,2026-09-24 13:35 UTC
835.0,0.0,0.0,2.0,0.0,put,0.5150684931506849,2027-03-31,764.7000122070312,SPY,2026-09-24 13:35 UTC
840.0,76.11,79.57,4.0,0.0,put,0.5150684931506849,2027-03-31,764.7000122070312,SPY,2026-09-24 13:35 UTC
845.0,0.0,0.0,1.0,0.0,put,0.5150684931506849,2027-03-31,764.7000122070312,SPY,2026-09-24 13:35 UTC
850.0,0.0,0.0,2.0,0.0,put,0.5150684931506849,2027-03-31,764.7000122070312,SPY,2026-09-24 13:35 UTC
855.0,0.0,0.0,2.0,0.0,put,0.5150684931506849,2027-03-31,764.7000122070312,SPY,2026-09-24 13:35 UTC
860.0,0.0,0.0,1.0,0.0,put,0.5150684931506849,2027-03-31,764.7000122070312,SPY,2026-09-24 13:35 UTC
865.0,0.0,0.0,1.0,0.0,put,0.5150684931506849,2027-03-31,764.7000122070312,SPY,2026-09-24 13:35 UTC
870.0,0.0,0.0,2.0,0.0,put,0.5150684931506849,2027-03-31,764.7000122070312,SPY,2026-09-24 13:35 UTC
890.0,0.0,0.0,,0.0,put,0.5150684931506849,2027-03-31,764.7000122070312,SPY,2026-09-24 13:35 UTC
895.0,129.61,132.8,1.0,0.0,put,0.5150684931506849,2027-03-31,764.7000122070312,SPY,2026-09-24 13:35 UTC
900.0,0.0,0.0,1.0,1.0,put,0.5150684931506849,2027-03-31,764.7000122070312,SPY,2026-09-24 13:35 UTC
905.0,139.61,142.81,,0.0,put,0.5150684931506849,2027-03-31,764.7000122070312,SPY,2026-09-24 13:35 UTC
975.0,234.31,237.65,1.0,0.0,put,0.5150684931506849,2027-03-31,764.7000122070312,SPY,2026-09-24 13:35 UTC
520.0,0.0,0.0,10.0,0.0,call,0.7643835616438356,2027-06-30,764.7000122070312,SPY,2026-09-24 13:35 UTC
525.0,0.0,0.0,2.0,5.0,call,0.7643835616438356,2027-06-30,764.7000122070312,SPY,2026-09-24 13:35 UTC
530.0,0.0,0.0,,2.0,call,0.7643835616438356,2027-06-30,764.7000122070312,SPY,2026-09-24 13:35 UTC
540.0,0.0,0.0,,0.0,call,0.7643835616438356,2027-06-30,764.7000122070312,SPY,2026-09-24 13:35 UTC
545.0,0.0,0.0,,0.0,call,0.7643835616438356,2027-06-30,764.7000122070312,SPY,2026-09-24 13:35 UTC
550.0,0.0,0.0,1.0,1.0,call,0.7643835616438356,2027-06-30,764.7000122070312,SPY,2026-09-24 13:35 UTC
560.0,0.0,0.0,2.0,0.0,call,0.7643835616438356,2027-06-30,764.7000122070312,SPY,2026-09-24 13:35 UTC
570.0,0.0,0.0,1.0,0.0,call,0.7643835616438356,2027-06-30,764.7000122070312,SPY,2026-09-24 13:35 UTC
575.0,0.0,0.0,1.0,2.0,call,0.7643835616438356,2027-06-30,764.7000122070312,SPY,2026-09-24 13:35 UTC
580.0,0.0,0.0,3.0,0.0,call,0.7643835616438356,2027-06-30,764.7000122070312,SPY,2026-09-24 13:35 UTC
585.0,201.18,206.0,1.0,1.0,call,0.7643835616438356,2027-06-30,764.7000122070312,SPY,2026-09-24 13:35 UTC
595.0,0.0,0.0,1.0,4.0,call,0.7643835616438356,2027-06-30,764.7000122070312,SPY,2026-09-24 13:35 UTC
600.0,0.0,0.0,1.0,11.0,call,0.7643835616438356,2027-06-30,764.7000122070312,SPY,2026-09-24 13:35 UTC
610.0,0.0,0.0,2.0,1.0,call,0.7643835616438356,2027-06-30,764.7000122070312,SPY,2026-09-24 13:35 UTC
615.0,0.0,0.0,1.0,4.0,call,0.7643835616438356,2027-06-30,764.7000122070312,SPY,2026-09-24 13:35 UTC
620.0,0.0,0.0,1.0,6.0,call,0.7643835616438356,2027-06-30,764.7000122070312,SPY,2026-09-24 13:35 UTC
625.0,0.0,0.0,1.0,1.0,call,0.7643835616438356,2027-06-30,764.7000122070312,SPY,2026-09-24 13:35 UTC
630.0,0.0,0.0,1.0,5.0,call,0.7643835616438356,2027-06-30,764.7000122070312,SPY,2026-09-24 13:35 UTC
635.0,0.0,0.0,2.0,2.0,call,0.7643835616438356,2027-06-30,764.7000122070312,SPY,2026-09-24 13:35 UTC
640.0,0.0,0.0,6.0,14.0,call,0.7643835616438356,2027-06-30,764.7000122070312,SPY,2026-09-24 13:35 UTC
645.0,0.0,0.0,,0.0,call,0.7643835616438356,2027-06-30,764.7000122070312,SPY,2026-09-24 13:35 UTC
650.0,0.0,0.0,12.0,29.0,call,0.7643835616438356,2027-06-30,764.7000122070312,SPY,2026-09-24 13:35 UTC
655.0,0.0,0.0,2.0,0.0,call,0.7643835616438356,2027-06-30,764.7000122070312,SPY,2026-09-24 13:35 UTC
660.0,0.0,0.0,3.0,6.0,call,0.7643835616438356,2027-06-30,764.7000122070312,SPY,2026-09-24 13:35 UTC
664.0,0.0,0.0,3.0,2.0,call,0.7643835616438356,2027-06-30,764.7000122070312,SPY,2026-09-24 13:35 UTC
665.0,0.0,0.0,2.0,1.0,call,0.7643835616438356,2027-06-30,764.7000122070312,SPY,2026-09-24 13:35 UTC
666.0,0.0,0.0,1.0,0.0,call,0.7643835616438356,2027-06-30,764.7000122070312,SPY,2026-09-24 13:35 UTC
668.0,129.57,134.5,2.0,1.0,call,0.7643835616438356,2027-06-30,764.7000122070312,SPY,2026-09-24 13:35 UTC
669.0,0.0,0.0,25.0,26.0,call,0.7643835616438356,2027-06-30,764.7000122070312,SPY,2026-09-24 13:35 UTC
670.0,0.0,0.0,23.0,39.0,call,0.7643835616438356,2027-06-30,764.7000122070312,SPY,2026-09-24 13:35 UTC
671.0,0.0,0.0,1.0,0.0,call,0.7643835616438356,2027-06-30,764.7000122070312,SPY,2026-09-24 13:35 UTC
672.0,0.0,0.0,1.0,0.0,call,0.7643835616438356,2027-06-30,764.7000122070312,SPY,2026-09-24 13:35 UTC
673.0,127.58,132.5,,4.0,call,0.7643835616438356,2027-06-30,764.7000122070312,SPY,2026-09-24 13:35 UTC
674.0,126.75,131.5,,5.0,call,0.7643835616438356,2027-06-30,764.7000122070312,SPY,2026-09-24 13:35 UTC
675.0,0.0,0.0,2.0,19.0,call,0.7643835616438356,2027-06-30,764.7000122070312,SPY,2026-09-24 13:35 UTC
676.0,125.08,130.0,,0.0,call,0.7643835616438356,2027-06-30,764.7000122070312,SPY,2026-09-24 13:35 UTC
677.0,124.25,129.0,,2.0,call,0.7643835616438356,2027-06-30,764.7000122070312,SPY,2026-09-24 13:35 UTC
680.0,0.0,0.0,2.0,104.0,call,0.7643835616438356,2027-06-30,764.7000122070312,SPY,2026-09-24 13:35 UTC
681.0,118.97,123.5,,0.0,call,0.7643835616438356,2027-06-30,764.7000122070312,SPY,2026-09-24 13:35 UTC
682.0,0.0,0.0,,1.0,call,0.7643835616438356,2027-06-30,764.7000122070312,SPY,2026-09-24 13:35 UTC
684.0,0.0,0.0,,0.0,call,0.7643835616438356,2027-06-30,764.7000122070312,SPY,2026-09-24 13:35 UTC
685.0,0.0,0.0,6.0,0.0,call,0.7643835616438356,2027-06-30,764.7000122070312,SPY,2026-09-24 13:35 UTC
687.0,0.0,0.0,2.0,20.0,call,0.7643835616438356,2027-06-30,764.7000122070312,SPY,2026-09-24 13:35 UTC
688.0,0.0,0.0,2.0,2.0,call,0.7643835616438356,2027-06-30,764.7000122070312,SPY,2026-09-24 13:35 UTC
689.0,0.0,0.0,2.0,4.0,call,0.7643835616438356,2027-06-30,764.7000122070312,SPY,2026-09-24 13:35 UTC
690.0,0.0,0.0,2.0,89.0,call,0.7643835616438356,2027-06-30,764.7000122070312,SPY,2026-09-24 13:35 UTC
691.0,0.0,0.0,,0.0,call,0.7643835616438356,2027-06-30,764.7000122070312,SPY,2026-09-24 13:35 UTC
693.0,0.0,0.0,,0.0,call,0.7643835616438356,2027-06-30,764.7000122070312,SPY,2026-09-24 13:35 UTC
694.0,0.0,0.0,,0.0,call,0.7643835616438356,2027-06-30,764.7000122070312,SPY,2026-09-24 13:35 UTC
695.0,0.0,0.0,1.0,165.0,call,0.7643835616438356,2027-06-30,764.7000122070312,SPY,2026-09-24 13:35 UTC
696.0,0.0,0.0,127.0,0.0,call,0.7643835616438356,2027-06-30,764.7000122070312,SPY,2026-09-24 13:35 UTC
697.0,0.0,0.0,3.0,57.0,call,0.7643835616438356,2027-06-30,764.7000122070312,SPY,2026-09-24 13:35 UTC
698.0,0.0,0.0,22.0,0.0,call,0.7643835616438356,2027-06-30,764.7000122070312,SPY,2026-09-24 13:35 UTC
699.0,0.0,0.0,3.0,0.0,call,0.7643835616438356,2027-06-30,764.7000122070312,SPY,2026-09-24 13:35 UTC
700.0,0.0,0.0,10.0,109.0,call,0.7643835616438356,2027-06-30,764.7000122070312,SPY,2026-09-24 13:35 UTC
701.0,0.0,0.0,1.0,16.0,call,0.7643835616438356,2027-06-30,764.7000122070312,SPY,2026-09-24 13:35 UTC
702.0,0.0,0.0,,,call,0.7643835616438356,2027-06-30,764.7000122070312,SPY,2026-09-24 13:35 UTC
704.0,0.0,0.0,,0.0,call,0.7643835616438356,2027-06-30,764.7000122070312,SPY,2026-09-24 13:35 UTC
705.0,0.0,0.0,1.0,6.0,call,0.7643835616438356,2027-06-30,764.7000122070312,SPY,2026-09-24 13:35 UTC
706.0,0.0,0.0,,0.0,call,0.7643835616438356,2027-06-30,764.7000122070312,SPY,2026-09-24 13:35 UTC
707.0,0.0,0.0,2.0,26.0,call,0.7643835616438356,2027-06-30,764.7000122070312,SPY,2026-09-24 13:35 UTC
708.0,0.0,0.0,,0.0,call,0.7643835616438356,2027-06-30,764.7000122070312,SPY,2026-09-24 13:35 UTC
709.0,0.0,0.0,,0.0,call,0.7643835616438356,2027-06-30,764.7000122070312,SPY,2026-09-24 13:35 UTC
710.0,0.0,0.0,1.0,8.0,call,0.7643835616438356,2027-06-30,764.7000122070312,SPY,2026-09-24 13:35 UTC
711.0,0.0,0.0,2.0,0.0,call,0.7643835616438356,2027-06-30,764.7000122070312,SPY,2026-09-24 13:35 UTC
712.0,0.0,0.0,1.0,0.0,call,0.7643835616438356,2027-06-30,764.7000122070312,SPY,2026-09-24 13:35 UTC
713.0,0.0,0.0,1.0,2.0,call,0.7643835616438356,2027-06-30,764.7000122070312,SPY,2026-09-24 13:35 UTC
714.0,0.0,0.0,,1.0,call,0.7643835616438356,2027-06-30,764.7000122070312,SPY,2026-09-24 13:35 UTC
715.0,0.0,0.0,5.0,8.0,call,0.7643835616438356,2027-06-30,764.7000122070312,SPY,2026-09-24 13:35 UTC
716.0,0.0,0.0,2.0,21.0,call,0.7643835616438356,2027-06-30,764.7000122070312,SPY,2026-09-24 13:35 UTC
717.0,0.0,0.0,2.0,4.0,call,0.7643835616438356,2027-06-30,764.7000122070312,SPY,2026-09-24 13:35 UTC
718.0,0.0,0.0,,0.0,call,0.7643835616438356,2027-06-30,764.7000122070312,SPY,2026-09-24 13:35 UTC
719.0,0.0,0.0,1.0,5.0,call,0.7643835616438356,2027-06-30,764.7000122070312,SPY,2026-09-24 13:35 UTC
720.0,0.0,0.0,2.0,44.0,call,0.7643835616438356,2027-06-30,764.7000122070312,SPY,2026-09-24 13:35 UTC
722.0,0.0,0.0,1.0,0.0,call,0.7643835616438356,2027-06-30,764.7000122070312,SPY,2026-09-24 13:35 UTC
723.0,0.0,0.0,16.0,0.0,call,0.7643835616438356,2027-06-30,764.7000122070312,SPY,2026-09-24 13:35 UTC
724.0,0.0,0.0,2.0,15.0,call,0.7643835616438356,2027-06-30,764.7000122070312,SPY,2026-09-24 13:35 UTC
725.0,0.0,0.0,4.0,73.0,call,0.7643835616438356,2027-06-30,764.7000122070312,SPY,2026-09-24 13:35 UTC
726.0,0.0,0.0,2.0,11.0,call,0.7643835616438356,2027-06-30,764.7000122070312,SPY,2026-09-24 13:35 UTC
727.0,0.0,0.0,,0.0,call,0.7643835616438356,2027-06-30,764.7000122070312,SPY,2026-09-24 13:35 UTC
728.0,0.0,0.0,2.0,5.0,call,0.7643835616438356,2027-06-30,764.7000122070312,SPY,2026-09-24 13:35 UTC
729.0,0.0,0.0,,0.0,call,0.7643835616438356,2027-06-30,764.7000122070312,SPY,2026-09-24 13:35 UTC
730.0,0.0,0.0,10.0,17.0,call,0.7643835616438356,2027-06-30,764.7000122070312,SPY,2026-09-24 13:35 UTC
731.0,80.42,85.0,2.0,0.0,call,0.7643835616438356,2027-06-30,764.7000122070312,SPY,2026-09-24 13:35 UTC
732.0,0.0,0.0,2.0,3.0,call,0.7643835616438356,2027-06-30,764.7000122070312,SPY,2026-09-24 13:35 UTC
733.0,0.0,0.0,2.0,2.0,call,0.7643835616438356,2027-06-30,764.7000122070312,SPY,2026-09-24 13:35 UTC
734.0,0.0,0.0,2.0,10.0,call,0.7643835616438356,2027-06-30,764.7000122070312,SPY,2026-09-24 13:35 UTC
735.0,0.0,0.0,15.0,28.0,call,0.7643835616438356,2027-06-30,764.7000122070312,SPY,2026-09-24 13:35 UTC
736.0,0.0,0.0,1.0,4.0,call,0.7643835616438356,2027-06-30,764.7000122070312,SPY,2026-09-24 13:35 UTC
737.0,0.0,0.0,1.0,4.0,call,0.7643835616438356,2027-06-30,764.7000122070312,SPY,2026-09-24 13:35 UTC
738.0,0.0,0.0,1.0,12.0,call,0.7643835616438356,2027-06-30,764.7000122070312,SPY,2026-09-24 13:35 UTC
739.0,0.0,0.0,2.0,12.0,call,0.7643835616438356,2027-06-30,764.7000122070312,SPY,2026-09-24 13:35 UTC
740.0,0.0,0.0,1.0,239.0,call,0.7643835616438356,2027-06-30,764.7000122070312,SPY,2026-09-24 13:35 UTC
741.0,74.05,79.0,3.0,13.0,call,0.7643835616438356,2027-06-30,764.7000122070312,SPY,2026-09-24 13:35 UTC
742.0,0.0,0.0,1.0,0.0,call,0.7643835616438356,2027-06-30,764.7000122070312,SPY,2026-09-24 13:35 UTC
743.0,0.0,0.0,4.0,7.0,call,0.7643835616438356,2027-06-30,764.7000122070312,SPY,2026-09-24 13:35 UTC
744.0,71.29,76.0,11.0,13.0,call,0.7643835616438356,2027-06-30,764.7000122070312,SPY,2026-09-24 13:35 UTC
745.0,0.0,0.0,1.0,17.0,call,0.7643835616438356,2027-06-30,764.7000122070312,SPY,2026-09-24 13:35 UTC
746.0,0.0,0.0,1.0,17.0,call,0.7643835616438356,2027-06-30,764.7000122070312,SPY,2026-09-24 13:35 UTC
747.0,0.0,0.0,5.0,10.0,call,0.7643835616438356,2027-06-30,764.7000122070312,SPY,2026-09-24 13:35 UTC
748.0,0.0,0.0,10.0,0.0,call,0.7643835616438356,2027-06-30,764.7000122070312,SPY,2026-09-24 13:35 UTC
749.0,0.0,0.0,12.0,23.0,call,0.7643835616438356,2027-06-30,764.7000122070312,SPY,2026-09-24 13:35 UTC
750.0,0.0,0.0,1.0,128.0,call,0.7643835616438356,2027-06-30,764.7000122070312,SPY,2026-09-24 13:35 UTC
751.0,0.0,0.0,2.0,26.0,call,0.7643835616438356,2027-06-30,764.7000122070312,SPY,2026-09-24 13:35 UTC
752.0,0.0,0.0,1.0,225.0,call,0.7643835616438356,2027-06-30,764.7000122070312,SPY,2026-09-24 13:35 UTC
753.0,0.0,0.0,4.0,5.0,call,0.7643835616438356,2027-06-30,764.7000122070312,SPY,2026-09-24 13:35 UTC
754.0,0.0,0.0,3.0,31.0,call,0.7643835616438356,2027-06-30,764.7000122070312,SPY,2026-09-24 13:35 UTC
755.0,0.0,0.0,1.0,174.0,call,0.7643835616438356,2027-06-30,764.7000122070312,SPY,2026-09-24 13:35 UTC
756.0,0.0,0.0,1.0,103.0,call,0.7643835616438356,2027-06-30,764.7000122070312,SPY,2026-09-24 13:35 UTC
757.0,0.0,0.0,2.0,59.0,call,0.7643835616438356,2027-06-30,764.7000122070312,SPY,2026-09-24 13:35 UTC
758.0,0.0,0.0,2.0,12.0,call,0.7643835616438356,2027-06-30,764.7000122070312,SPY,2026-09-24 13:35 UTC
759.0,0.0,0.0,2.0,8.0,call,0.7643835616438356,2027-06-30,764.7000122070312,SPY,2026-09-24 13:35 UTC
760.0,0.0,0.0,4.0,140.0,call,0.7643835616438356,2027-06-30,764.7000122070312,SPY,2026-09-24 13:35 UTC
761.0,0.0,0.0,3.0,27.0,call,0.7643835616438356,2027-06-30,764.7000122070312,SPY,2026-09-24 13:35 UTC
762.0,0.0,0.0,10.0,12.0,call,0.7643835616438356,2027-06-30,764.7000122070312,SPY,2026-09-24 13:35 UTC
763.0,0.0,0.0,17.0,21.0,call,0.7643835616438356,2027-06-30,764.7000122070312,SPY,2026-09-24 13:35 UTC
764.0,0.0,0.0,17.0,36.0,call,0.7643835616438356,2027-06-30,764.7000122070312,SPY,2026-09-24 13:35 UTC
765.0,0.0,0.0,1.0,40.0,call,0.7643835616438356,2027-06-30,764.7000122070312,SPY,2026-09-24 13:35 UTC
766.0,0.0,0.0,2.0,36.0,call,0.7643835616438356,2027-06-30,764.7000122070312,SPY,2026-09-24 13:35 UTC
767.0,0.0,0.0,2.0,57.0,call,0.7643835616438356,2027-06-30,764.7000122070312,SPY,2026-09-24 13:35 UTC
768.0,0.0,0.0,2.0,27.0,call,0.7643835616438356,2027-06-30,764.7000122070312,SPY,2026-09-24 13:35 UTC
769.0,0.0,0.0,1.0,92.0,call,0.7643835616438356,2027-06-30,764.7000122070312,SPY,2026-09-24 13:35 UTC
770.0,0.0,0.0,2.0,479.0,call,0.7643835616438356,2027-06-30,764.7000122070312,SPY,2026-09-24 13:35 UTC
775.0,0.0,0.0,1.0,511.0,call,0.7643835616438356,2027-06-30,764.7000122070312,SPY,2026-09-24 13:35 UTC
780.0,0.0,0.0,75.0,228.0,call,0.7643835616438356,2027-06-30,764.7000122070312,SPY,2026-09-24 13:35 UTC
785.0,0.0,0.0,306.0,542.0,call,0.7643835616438356,2027-06-30,764.7000122070312,SPY,2026-09-24 13:35 UTC
790.0,0.0,0.0,75.0,710.0,call,0.7643835616438356,2027-06-30,764.7000122070312,SPY,2026-09-24 13:35 UTC
795.0,0.0,0.0,1.0,207.0,call,0.7643835616438356,2027-06-30,764.7000122070312,SPY,2026-09-24 13:35 UTC
800.0,0.0,0.0,72.0,681.0,call,0.7643835616438356,2027-06-30,764.7000122070312,SPY,2026-09-24 13:35 UTC
805.0,0.0,0.0,70.0,477.0,call,0.7643835616438356,2027-06-30,764.7000122070312,SPY,2026-09-24 13:35 UTC
810.0,0.0,0.0,72.0,1465.0,call,0.7643835616438356,2027-06-30,764.7000122070312,SPY,2026-09-24 13:35 UTC
815.0,0.0,0.0,19.0,1719.0,call,0.7643835616438356,2027-06-30,764.7000122070312,SPY,2026-09-24 13:35 UTC
820.0,0.0,0.0,19.0,1637.0,call,0.7643835616438356,2027-06-30,764.7000122070312,SPY,2026-09-24 13:35 UTC
825.0,0.0,0.0,2.0,1950.0,call,0.7643835616438356,2027-06-30,764.7000122070312,SPY,2026-09-24 13:35 UTC
830.0,0.0,0.0,647.0,1269.0,call,0.7643835616438356,2027-06-30,764.7000122070312,SPY,2026-09-24 13:35 UTC
835.0,0.0,0.0,805.0,814.0,call,0.7643835616438356,2027-06-30,764.7000122070312,SPY,2026-09-24 13:35 UTC
840.0,0.0,0.0,204.0,326.0,call,0.7643835616438356,2027-06-30,764.7000122070312,SPY,2026-09-24 13:35 UTC
845.0,0.0,0.0,13.0,475.0,call,0.7643835616438356,2027-06-30,764.7000122070312,SPY,2026-09-24 13:35 UTC
850.0,0.0,0.0,2.0,182.0,call,0.7643835616438356,2027-06-30,764.7000122070312,SPY,2026-09-24 13:35 UTC
855.0,0.0,0.0,5.0,21.0,call,0.7643835616438356,2027-06-30,764.7000122070312,SPY,2026-09-24 13:35 UTC
860.0,0.0,0.0,2.0,470.0,call,0.7643835616438356,2027-06-30,764.7000122070312,SPY,2026-09-24 13:35 UTC
865.0,0.0,0.0,5.0,531.0,call,0.7643835616438356,2027-06-30,764.7000122070312,SPY,2026-09-24 13:35 UTC
870.0,0.0,0.0,4.0,7.0,call,0.7643835616438356,2027-06-30,764.7000122070312,SPY,2026-09-24 13:35 UTC
875.0,0.0,0.0,2.0,288.0,call,0.7643835616438356,2027-06-30,764.7000122070312,SPY,2026-09-24 13:35 UTC
880.0,0.0,0.0,1.0,598.0,call,0.7643835616438356,2027-06-30,764.7000122070312,SPY,2026-09-24 13:35 UTC
885.0,0.0,0.0,252.0,612.0,call,0.7643835616438356,2027-06-30,764.7000122070312,SPY,2026-09-24 13:35 UTC
890.0,0.0,0.0,1.0,343.0,call,0.7643835616438356,2027-06-30,764.7000122070312,SPY,2026-09-24 13:35 UTC
895.0,0.0,0.0,1.0,43.0,call,0.7643835616438356,2027-06-30,764.7000122070312,SPY,2026-09-24 13:35 UTC
900.0,0.0,0.0,49.0,755.0,call,0.7643835616438356,2027-06-30,764.7000122070312,SPY,2026-09-24 13:35 UTC
905.0,0.0,0.0,113.0,774.0,call,0.7643835616438356,2027-06-30,764.7000122070312,SPY,2026-09-24 13:35 UTC
910.0,0.0,0.0,6.0,385.0,call,0.7643835616438356,2027-06-30,764.7000122070312,SPY,2026-09-24 13:35 UTC
915.0,0.0,0.0,1.0,160.0,call,0.7643835616438356,2027-06-30,764.7000122070312,SPY,2026-09-24 13:35 UTC
920.0,0.0,0.0,6.0,1828.0,call,0.7643835616438356,2027-06-30,764.7000122070312,SPY,2026-09-24 13:35 UTC
925.0,0.0,0.0,1.0,678.0,call,0.7643835616438356,2027-06-30,764.7000122070312,SPY,2026-09-24 13:35 UTC
930.0,0.0,0.0,1.0,46.0,call,0.7643835616438356,2027-06-30,764.7000122070312,SPY,2026-09-24 13:35 UTC
935.0,0.0,0.0,18.0,52.0,call,0.7643835616438356,2027-06-30,764.7000122070312,SPY,2026-09-24 13:35 UTC
940.0,0.0,0.0,1.0,28.0,call,0.7643835616438356,2027-06-30,764.7000122070312,SPY,2026-09-24 13:35 UTC
945.0,0.0,0.0,1.0,799.0,call,0.7643835616438356,2027-06-30,764.7000122070312,SPY,2026-09-24 13:35 UTC
950.0,0.0,0.0,22.0,10050.0,call,0.7643835616438356,2027-06-30,764.7000122070312,SPY,2026-09-24 13:35 UTC
955.0,0.0,0.0,797.0,627.0,call,0.7643835616438356,2027-06-30,764.7000122070312,SPY,2026-09-24 13:35 UTC
960.0,0.0,0.0,2.0,1486.0,call,0.7643835616438356,2027-06-30,764.7000122070312,SPY,2026-09-24 13:35 UTC
965.0,0.0,0.0,20.0,158.0,call,0.7643835616438356,2027-06-30,764.7000122070312,SPY,2026-09-24 13:35 UTC
970.0,0.0,0.0,15.0,151.0,call,0.7643835616438356,2027-06-30,764.7000122070312,SPY,2026-09-24 13:35 UTC
975.0,0.0,0.0,8.0,229.0,call,0.7643835616438356,2027-06-30,764.7000122070312,SPY,2026-09-24 13:35 UTC
980.0,0.0,0.0,20.0,301.0,call,0.7643835616438356,2027-06-30,764.7000122070312,SPY,2026-09-24 13:35 UTC
985.0,0.0,0.0,1.0,17.0,call,0.7643835616438356,2027-06-30,764.7000122070312,SPY,2026-09-24 13:35 UTC
990.0,0.0,0.0,2.0,293.0,call,0.7643835616438356,2027-06-30,764.7000122070312,SPY,2026-09-24 13:35 UTC
995.0,0.0,0.0,1.0,342.0,call,0.7643835616438356,2027-06-30,764.7000122070312,SPY,2026-09-24 13:35 UTC
520.0,0.0,0.0,17.0,232.0,put,0.7643835616438356,2027-06-30,764.7000122070312,SPY,2026-09-24 13:35 UTC
525.0,0.0,0.0,1.0,541.0,put,0.7643835616438356,2027-06-30,764.7000122070312,SPY,2026-09-24 13:35 UTC
530.0,0.0,0.0,5.0,321.0,put,0.7643835616438356,2027-06-30,764.7000122070312,SPY,2026-09-24 13:35 UTC
535.0,0.0,0.0,5.0,42.0,put,0.7643835616438356,2027-06-30,764.7000122070312,SPY,2026-09-24 13:35 UTC
540.0,0.0,0.0,1.0,552.0,put,0.7643835616438356,2027-06-30,764.7000122070312,SPY,2026-09-24 13:35 UTC
545.0,0.0,0.0,201.0,229.0,put,0.7643835616438356,2027-06-30,764.7000122070312,SPY,2026-09-24 13:35 UTC
550.0,0.0,0.0,3.0,1456.0,put,0.7643835616438356,2027-06-30,764.7000122070312,SPY,2026-09-24 13:35 UTC
555.0,0.0,0.0,1.0,67.0,put,0.7643835616438356,2027-06-30,764.7000122070312,SPY,2026-09-24 13:35 UTC
560.0,0.0,0.0,1.0,213.0,put,0.7643835616438356,2027-06-30,764.7000122070312,SPY,2026-09-24 13:35 UTC
565.0,0.0,0.0,8.0,0.0,put,0.7643835616438356,2027-06-30,764.7000122070312,SPY,2026-09-24 13:35 UTC
570.0,0.0,0.0,2.0,269.0,put,0.7643835616438356,2027-06-30,764.7000122070312,SPY,2026-09-24 13:35 UTC
575.0,0.0,0.0,1.0,235.0,put,0.7643835616438356,2027-06-30,764.7000122070312,SPY,2026-09-24 13:35 UTC
580.0,0.0,0.0,3.0,73.0,put,0.7643835616438356,2027-06-30,764.7000122070312,SPY,2026-09-24 13:35 UTC
585.0,0.0,0.0,1.0,408.0,put,0.7643835616438356,2027-06-30,764.7000122070312,SPY,2026-09-24 13:35 UTC
590.0,0.0,0.0,1.0,24.0,put,0.7643835616438356,2027-06-30,764.7000122070312,SPY,2026-09-24 13:35 UTC
595.0,0.0,0.0,1.0,151.0,put,0.7643835616438356,2027-06-30,764.7000122070312,SPY,2026-09-24 13:35 UTC
600.0,0.0,0.0,12.0,344.0,put,0.7643835616438356,2027-06-30,764.7000122070312,SPY,2026-09-24 13:35 UTC
605.0,0.0,0.0,1.0,23.0,put,0.7643835616438356,2027-06-30,764.7000122070312,SPY,2026-09-24 13:35 UTC
610.0,0.0,0.0,7.0,32.0,put,0.7643835616438356,2027-06-30,764.7000122070312,SPY,2026-09-24 13:35 UTC
615.0,0.0,0.0,1.0,343.0,put,0.7643835616438356,2027-06-30,764.7000122070312,SPY,2026-09-24 13:35 UTC
620.0,0.0,0.0,7.0,88.0,put,0.7643835616438356,2027-06-30,764.7000122070312,SPY,2026-09-24 13:35 UTC
625.0,0.0,0.0,31.0,159.0,put,0.7643835616438356,2027-06-30,764.7000122070312,SPY,2026-09-24 13:35 UTC
630.0,0.0,0.0,7.0,244.0,put,0.7643835616438356,2027-06-30,764.7000122070312,SPY,2026-09-24 13:35 UTC
635.0,0.0,0.0,3.0,25.0,put,0.7643835616438356,2027-06-30,764.7000122070312,SPY,2026-09-24 13:35 UTC
640.0,0.0,0.0,2.0,242.0,put,0.7643835616438356,2027-06-30,764.7000122070312,SPY,2026-09-24 13:35 UTC
645.0,0.0,0.0,2.0,55.0,put,0.7643835616438356,2027-06-30,764.7000122070312,SPY,2026-09-24 13:35 UTC
650.0,0.0,0.0,1.0,232.0,put,0.7643835616438356,2027-06-30,764.7000122070312,SPY,2026-09-24 13:35 UTC
655.0,0.0,0.0,6.0,26.0,put,0.7643835616438356,2027-06-30,764.7000122070312,SPY,2026-09-24 13:35 UTC
660.0,0.0,0.0,15.0,67.0,put,0.7643835616438356,2027-06-30,764.7000122070312,SPY,2026-09-24 13:35 UTC
661.0,0.0,0.0,2.0,11.0,put,0.7643835616438356,2027-06-30,764.7000122070312,SPY,2026-09-24 13:35 UTC
662.0,0.0,0.0,,1.0,put,0.7643835616438356,2027-06-30,764.7000122070312,SPY,2026-09-24 13:35 UTC
664.0,14.24,14.31,4.0,6.0,put,0.7643835616438356,2027-06-30,764.7000122070312,SPY,2026-09-24 13:35 UTC
665.0,0.0,0.0,6.0,2988.0,put,0.7643835616438356,2027-06-30,764.7000122070312,SPY,2026-09-24 13:35 UTC
666.0,0.0,0.0,1.0,4.0,put,0.7643835616438356,2027-06-30,764.7000122070312,SPY,2026-09-24 13:35 UTC
667.0,0.0,0.0,1.0,8.0,put,0.7643835616438356,2027-06-30,764.7000122070312,SPY,2026-09-24 13:35 UTC
668.0,0.0,0.0,7.0,0.0,put,0.7643835616438356,2027-06-30,764.7000122070312,SPY,2026-09-24 13:35 UTC
669.0,17.86,17.94,,1.0,put,0.7643835616438356,2027-06-30,764.7000122070312,SPY,2026-09-24 13:35 UTC
670.0,0.0,0.0,1.0,118.0,put,0.7643835616438356,2027-06-30,764.7000122070312,SPY,2026-09-24 13:35 UTC
671.0,18.16,18.24,3.0,5.0,put,0.7643835616438356,2027-06-30,764.7000122070312,SPY,2026-09-24 13:35 UTC
672.0,0.0,0.0,52.0,7005.0,put,0.7643835616438356,2027-06-30,764.7000122070312,SPY,2026-09-24 13:35 UTC
673.0,15.39,15.47,4.0,31.0,put,0.7643835616438356,2027-06-30,764.7000122070312,SPY,2026-09-24 13:35 UTC
674.0,18.61,18.7,1.0,2.0,put,0.7643835616438356,2027-06-30,764.7000122070312,SPY,2026-09-24 13:35 UTC
675.0,0.0,0.0,1.0,18.0,put,0.7643835616438356,2027-06-30,764.7000122070312,SPY,2026-09-24 13:35 UTC
676.0,0.0,0.0,182.0,190.0,put,0.7643835616438356,2027-06-30,764.7000122070312,SPY,2026-09-24 13:35 UTC
677.0,0.0,0.0,1.0,8.0,put,0.7643835616438356,2027-06-30,764.7000122070312,SPY,2026-09-24 13:35 UTC
678.0,0.0,0.0,93.0,0.0,put,0.7643835616438356,2027-06-30,764.7000122070312,SPY,2026-09-24 13:35 UTC
679.0,0.0,0.0,6.0,11.0,put,0.7643835616438356,2027-06-30,764.7000122070312,SPY,2026-09-24 13:35 UTC
680.0,0.0,0.0,6.0,142.0,put,0.7643835616438356,2027-06-30,764.7000122070312,SPY,2026-09-24 13:35 UTC
681.0,19.72,19.81,1.0,4.0,put,0.7643835616438356,2027-06-30,764.7000122070312,SPY,2026-09-24 13:35 UTC
682.0,0.0,0.0,3.0,10.0,put,0.7643835616438356,2027-06-30,764.7000122070312,SPY,2026-09-24 13:35 UTC
683.0,0.0,0.0,7.0,235.0,put,0.7643835616438356,2027-06-30,764.7000122070312,SPY,2026-09-24 13:35 UTC
684.0,0.0,0.0,1.0,0.0,put,0.7643835616438356,2027-06-30,764.7000122070312,SPY,2026-09-24 13:35 UTC
685.0,0.0,0.0,3.0,36.0,put,0.7643835616438356,2027-06-30,764.7000122070312,SPY,2026-09-24 13:35 UTC
686.0,0.0,0.0,1.0,13.0,put,0.7643835616438356,2027-06-30,764.7000122070312,SPY,2026-09-24 13:35 UTC
687.0,0.0,0.0,2.0,0.0,put,0.7643835616438356,2027-06-30,764.7000122070312,SPY,2026-09-24 13:35 UTC
688.0,0.0,0.0,2.0,4.0,put,0.7643835616438356,2027-06-30,764.7000122070312,SPY,2026-09-24 13:35 UTC
689.0,0.0,0.0,4.0,5.0,put,0.7643835616438356,2027-06-30,764.7000122070312,SPY,2026-09-24 13:35 UTC
690.0,0.0,0.0,80.0,237.0,put,0.7643835616438356,2027-06-30,764.7000122070312,SPY,2026-09-24 13:35 UTC
691.0,18.02,18.1,1.0,22.0,put,0.7643835616438356,2027-06-30,764.7000122070312,SPY,2026-09-24 13:35 UTC
692.0,0.0,0.0,1.0,0.0,put,0.7643835616438356,2027-06-30,764.7000122070312,SPY,2026-09-24 13:35 UTC
693.0,0.0,0.0,1.0,83.0,put,0.7643835616438356,2027-06-30,764.7000122070312,SPY,2026-09-24 13:35 UTC
694.0,0.0,0.0,4.0,33.0,put,0.7643835616438356,2027-06-30,764.7000122070312,SPY,2026-09-24 13:35 UTC
695.0,0.0,0.0,1.0,33.0,put,0.7643835616438356,2027-06-30,764.7000122070312,SPY,2026-09-24 13:35 UTC
696.0,0.0,0.0,121.0,123.0,put,0.7643835616438356,2027-06-30,764.7000122070312,SPY,2026-09-24 13:35 UTC
697.0,0.0,0.0,1.0,0.0,put,0.7643835616438356,2027-06-30,764.7000122070312,SPY,2026-09-24 13:35 UTC
698.0,0.0,0.0,2.0,9.0,put,0.7643835616438356,2027-06-30,764.7000122070312,SPY,2026-09-24 13:35 UTC
699.0,0.0,0.0,67.0,143.0,put,0.7643835616438356,2027-06-30,764.7000122070312,SPY,2026-09-24 13:35 UTC
700.0,0.0,0.0,2.0,402.0,put,0.7643835616438356,2027-06-30,764.7000122070312,SPY,2026-09-24 13:35 UTC
701.0,0.0,0.0,1.0,16.0,put,0.7643835616438356,2027-06-30,764.7000122070312,SPY,2026-09-24 13:35 UTC
702.0,0.0,0.0,1.0,0.0,put,0.7643835616438356,2027-06-30,764.7000122070312,SPY,2026-09-24 13:35 UTC
703.0,0.0,0.0,1.0,0.0,put,0.7643835616438356,2027-06-30,764.7000122070312,SPY,2026-09-24 13:35 UTC
704.0,0.0,0.0,19.0,343.0,put,0.7643835616438356,2027-06-30,764.7000122070312,SPY,2026-09-24 13:35 UTC
705.0,0.0,0.0,1.0,41.0,put,0.7643835616438356,2027-06-30,764.7000122070312,SPY,2026-09-24 13:35 UTC
706.0,0.0,0.0,13.0,74.0,put,0.7643835616438356,2027-06-30,764.7000122070312,SPY,2026-09-24 13:35 UTC
707.0,0.0,0.0,1.0,14.0,put,0.7643835616438356,2027-06-30,764.7000122070312,SPY,2026-09-24 13:35 UTC
708.0,0.0,0.0,19.0,177.0,put,0.7643835616438356,2027-06-30,764.7000122070312,SPY,2026-09-24 13:35 UTC
709.0,0.0,0.0,1.0,7.0,put,0.7643835616438356,2027-06-30,764.7000122070312,SPY,2026-09-24 13:35 UTC
710.0,0.0,0.0,3.0,1332.0,put,0.7643835616438356,2027-06-30,764.7000122070312,SPY,2026-09-24 13:35 UTC
711.0,0.0,0.0,1.0,23.0,put,0.7643835616438356,2027-06-30,764.7000122070312,SPY,2026-09-24 13:35 UTC
712.0,0.0,0.0,136.0,441.0,put,0.7643835616438356,2027-06-30,764.7000122070312,SPY,2026-09-24 13:35 UTC
713.0,0.0,0.0,1.0,2.0,put,0.7643835616438356,2027-06-30,764.7000122070312,SPY,2026-09-24 13:35 UTC
714.0,0.0,0.0,1.0,3.0,put,0.7643835616438356,2027-06-30,764.7000122070312,SPY,2026-09-24 13:35 UTC
715.0,0.0,0.0,3.0,101.0,put,0.7643835616438356,2027-06-30,764.7000122070312,SPY,2026-09-24 13:35 UTC
716.0,0.0,0.0,1.0,12.0,put,0.7643835616438356,2027-06-30,764.7000122070312,SPY,2026-09-24 13:35 UTC
717.0,0.0,0.0,1.0,8.0,put,0.7643835616438356,2027-06-30,764.7000122070312,SPY,2026-09-24 13:35 UTC
718.0,0.0,0.0,2.0,6.0,put,0.7643835616438356,2027-06-30,764.7000122070312,SPY,2026-09-24 13:35 UTC
719.0,0.0,0.0,1.0,4.0,put,0.7643835616438356,2027-06-30,764.7000122070312,SPY,2026-09-24 13:35 UTC
720.0,0.0,0.0,8.0,130.0,put,0.7643835616438356,2027-06-30,764.7000122070312,SPY,2026-09-24 13:35 UTC
721.0,0.0,0.0,10.0,257.0,put,0.7643835616438356,2027-06-30,764.7000122070312,SPY,2026-09-24 13:35 UTC
722.0,0.0,0.0,,170.0,put,0.7643835616438356,2027-06-30,764.7000122070312,SPY,2026-09-24 13:35 UTC
724.0,0.0,0.0,,0.0,put,0.7643835616438356,2027-06-30,764.7000122070312,SPY,2026-09-24 13:35 UTC
725.0,0.0,0.0,2.0,22.0,put,0.7643835616438356,2027-06-30,764.7000122070312,SPY,2026-09-24 13:35 UTC
726.0,24.6,24.71,1.0,1.0,put,0.7643835616438356,2027-06-30,764.7000122070312,SPY,2026-09-24 13:35 UTC
727.0,0.0,0.0,10.0,0.0,put,0.7643835616438356,2027-06-30,764.7000122070312,SPY,2026-09-24 13:35 UTC
728.0,0.0,0.0,,3.0,put,0.7643835616438356,2027-06-30,764.7000122070312,SPY,2026-09-24 13:35 UTC
729.0,29.42,29.54,,1.0,put,0.7643835616438356,2027-06-30,764.7000122070312,SPY,2026-09-24 13:35 UTC
730.0,0.0,0.0,10.0,1568.0,put,0.7643835616438356,2027-06-30,764.7000122070312,SPY,2026-09-24 13:35 UTC
731.0,0.0,0.0,1.0,278.0,put,0.7643835616438356,2027-06-30,764.7000122070312,SPY,2026-09-24 13:35 UTC
732.0,0.0,0.0,1.0,0.0,put,0.7643835616438356,2027-06-30,764.7000122070312,SPY,2026-09-24 13:35 UTC
733.0,30.43,30.55,5.0,6.0,put,0.7643835616438356,2027-06-30,764.7000122070312,SPY,2026-09-24 13:35 UTC
734.0,0.0,0.0,170.0,0.0,put,0.7643835616438356,2027-06-30,764.7000122070312,SPY,2026-09-24 13:35 UTC
735.0,0.0,0.0,2.0,247.0,put,0.7643835616438356,2027-06-30,764.7000122070312,SPY,2026-09-24 13:35 UTC
736.0,0.0,0.0,1.0,156.0,put,0.7643835616438356,2027-06-30,764.7000122070312,SPY,2026-09-24 13:35 UTC
737.0,0.0,0.0,1.0,14.0,put,0.7643835616438356,2027-06-30,764.7000122070312,SPY,2026-09-24 13:35 UTC
738.0,0.0,0.0,1.0,0.0,put,0.7643835616438356,2027-06-30,764.7000122070312,SPY,2026-09-24 13:35 UTC
739.0,0.0,0.0,3.0,0.0,put,0.7643835616438356,2027-06-30,764.7000122070312,SPY,2026-09-24 13:35 UTC
740.0,0.0,0.0,11.0,267.0,put,0.7643835616438356,2027-06-30,764.7000122070312,SPY,2026-09-24 13:35 UTC
741.0,32.56,32.69,,0.0,put,0.7643835616438356,2027-06-30,764.7000122070312,SPY,2026-09-24 13:35 UTC
742.0,28.44,28.56,1.0,243.0,put,0.7643835616438356,2027-06-30,764.7000122070312,SPY,2026-09-24 13:35 UTC
743.0,28.7,28.82,1.0,1.0,put,0.7643835616438356,2027-06-30,764.7000122070312,SPY,2026-09-24 13:35 UTC
745.0,0.0,0.0,4.0,779.0,put,0.7643835616438356,2027-06-30,764.7000122070312,SPY,2026-09-24 13:35 UTC
746.0,0.0,0.0,4.0,23.0,put,0.7643835616438356,2027-06-30,764.7000122070312,SPY,2026-09-24 13:35 UTC
747.0,0.0,0.0,1.0,0.0,put,0.7643835616438356,2027-06-30,764.7000122070312,SPY,2026-09-24 13:35 UTC
748.0,0.0,0.0,556.0,0.0,put,0.7643835616438356,2027-06-30,764.7000122070312,SPY,2026-09-24 13:35 UTC
749.0,0.0,0.0,78.0,0.0,put,0.7643835616438356,2027-06-30,764.7000122070312,SPY,2026-09-24 13:35 UTC
750.0,0.0,0.0,16.0,423.0,put,0.7643835616438356,2027-06-30,764.7000122070312,SPY,2026-09-24 13:35 UTC
751.0,0.0,0.0,1.0,0.0,put,0.7643835616438356,2027-06-30,764.7000122070312,SPY,2026-09-24 13:35 UTC
752.0,0.0,0.0,1.0,7.0,put,0.7643835616438356,2027-06-30,764.7000122070312,SPY,2026-09-24 13:35 UTC
753.0,31.45,31.58,2.0,2.0,put,0.7643835616438356,2027-06-30,764.7000122070312,SPY,2026-09-24 13:35 UTC
754.0,31.74,31.88,1.0,6.0,put,0.7643835616438356,2027-06-30,764.7000122070312,SPY,2026-09-24 13:35 UTC
755.0,0.0,0.0,1.0,41.0,put,0.7643835616438356,2027-06-30,764.7000122070312,SPY,2026-09-24 13:35 UTC
756.0,0.0,0.0,30.0,17.0,put,0.7643835616438356,2027-06-30,764.7000122070312,SPY,2026-09-24 13:35 UTC
757.0,0.0,0.0,1.0,61.0,put,0.7643835616438356,2027-06-30,764.7000122070312,SPY,2026-09-24 13:35 UTC
758.0,0.0,0.0,128.0,146.0,put,0.7643835616438356,2027-06-30,764.7000122070312,SPY,2026-09-24 13:35 UTC
759.0,0.0,0.0,1.0,50.0,put,0.7643835616438356,2027-06-30,764.7000122070312,SPY,2026-09-24 13:35 UTC
760.0,0.0,0.0,15.0,55.0,put,0.7643835616438356,2027-06-30,764.7000122070312,SPY,2026-09-24 13:35 UTC
761.0,0.0,0.0,41.0,143.0,put,0.7643835616438356,2027-06-30,764.7000122070312,SPY,2026-09-24 13:35 UTC
762.0,0.0,0.0,105.0,335.0,put,0.7643835616438356,2027-06-30,764.7000122070312,SPY,2026-09-24 13:35 UTC
763.0,0.0,0.0,112.0,129.0,put,0.7643835616438356,2027-06-30,764.7000122070312,SPY,2026-09-24 13:35 UTC
764.0,0.0,0.0,13.0,113.0,put,0.7643835616438356,2027-06-30,764.7000122070312,SPY,2026-09-24 13:35 UTC
765.0,0.0,0.0,2.0,224.0,put,0.7643835616438356,2027-06-30,764.7000122070312,SPY,2026-09-24 13:35 UTC
766.0,0.0,0.0,20.0,37.0,put,0.7643835616438356,2027-06-30,764.7000122070312,SPY,2026-09-24 13:35 UTC
767.0,0.0,0.0,40.0,62.0,put,0.7643835616438356,2027-06-30,764.7000122070312,SPY,2026-09-24 13:35 UTC
768.0,0.0,0.0,4.0,374.0,put,0.7643835616438356,2027-06-30,764.7000122070312,SPY,2026-09-24 13:35 UTC
769.0,0.0,0.0,108.0,391.0,put,0.7643835616438356,2027-06-30,764.7000122070312,SPY,2026-09-24 13:35 UTC
770.0,0.0,0.0,5.0,872.0,put,0.7643835616438356,2027-06-30,764.7000122070312,SPY,2026-09-24 13:35 UTC
775.0,0.0,0.0,6.0,658.0,put,0.7643835616438356,2027-06-30,764.7000122070312,SPY,2026-09-24 13:35 UTC
780.0,0.0,0.0,1.0,324.0,put,0.7643835616438356,2027-06-30,764.7000122070312,SPY,2026-09-24 13:35 UTC
785.0,0.0,0.0,3.0,272.0,put,0.7643835616438356,2027-06-30,764.7000122070312,SPY,2026-09-24 13:35 UTC
790.0,0.0,0.0,3.0,740.0,put,0.7643835616438356,2027-06-30,764.7000122070312,SPY,2026-09-24 13:35 UTC
795.0,0.0,0.0,4.0,612.0,put,0.7643835616438356,2027-06-30,764.7000122070312,SPY,2026-09-24 13:35 UTC
800.0,0.0,0.0,7.0,667.0,put,0.7643835616438356,2027-06-30,764.7000122070312,SPY,2026-09-24 13:35 UTC
805.0,0.0,0.0,2.0,681.0,put,0.7643835616438356,2027-06-30,764.7000122070312,SPY,2026-09-24 13:35 UTC
810.0,0.0,0.0,1.0,14.0,put,0.7643835616438356,2027-06-30,764.7000122070312,SPY,2026-09-24 13:35 UTC
815.0,0.0,0.0,2.0,6.0,put,0.7643835616438356,2027-06-30,764.7000122070312,SPY,2026-09-24 13:35 UTC
820.0,0.0,0.0,97.0,138.0,put,0.7643835616438356,2027-06-30,764.7000122070312,SPY,2026-09-24 13:35 UTC
825.0,0.0,0.0,30.0,725.0,put,0.7643835616438356,2027-06-30,764.7000122070312,SPY,2026-09-24 13:35 UTC
830.0,0.0,0.0,10.0,610.0,put,0.7643835616438356,2027-06-30,764.7000122070312,SPY,2026-09-24 13:35 UTC
835.0,0.0,0.0,25.0,634.0,put,0.7643835616438356,2027-06-30,764.7000122070312,SPY,2026-09-24 13:35 UTC
840.0,0.0,0.0,6.0,12.0,put,0.7643835616438356,2027-06-30,764.7000122070312,SPY,2026-09-24 13:35 UTC
845.0,0.0,0.0,142.0,148.0,put,0.7643835616438356,2027-06-30,764.7000122070312,SPY,2026-09-24 13:35 UTC
850.0,0.0,0.0,40.0,32.0,put,0.7643835616438356,2027-06-30,764.7000122070312,SPY,2026-09-24 13:35 UTC
855.0,0.0,0.0,2.0,1.0,put,0.7643835616438356,2027-06-30,764.7000122070312,SPY,2026-09-24 13:35 UTC
860.0,0.0,0.0,2.0,1.0,put,0.7643835616438356,2027-06-30,764.7000122070312,SPY,2026-09-24 13:35 UTC
865.0,0.0,0.0,2.0,0.0,put,0.7643835616438356,2027-06-30,764.7000122070312,SPY,2026-09-24 13:35 UTC
870.0,0.0,0.0,1.0,0.0,put,0.7643835616438356,2027-06-30,764.7000122070312,SPY,2026-09-24 13:35 UTC
880.0,0.0,0.0,,0.0,put,0.7643835616438356,2027-06-30,764.7000122070312,SPY,2026-09-24 13:35 UTC
895.0,123.53,128.46,2.0,0.0,put,0.7643835616438356,2027-06-30,764.7000122070312,SPY,2026-09-24 13:35 UTC
900.0,0.0,0.0,4.0,0.0,put,0.7643835616438356,2027-06-30,764.7000122070312,SPY,2026-09-24 13:35 UTC
915.0,0.0,0.0,,0.0,put,0.7643835616438356,2027-06-30,764.7000122070312,SPY,2026-09-24 13:35 UTC
50.0,0.0,0.0,1.0,2.0,call,0.9808219178082191,2027-09-17,764.7000122070312,SPY,2026-09-24 13:35 UTC
55.0,706.5,711.32,1.0,0.0,call,0.9808219178082191,2027-09-17,764.7000122070312,SPY,2026-09-24 13:35 UTC
60.0,0.0,0.0,1.0,0.0,call,0.9808219178082191,2027-09-17,764.7000122070312,SPY,2026-09-24 13:35 UTC
70.0,0.0,0.0,1.0,0.0,call,0.9808219178082191,2027-09-17,764.7000122070312,SPY,2026-09-24 13:35 UTC
80.0,0.0,0.0,1.0,0.0,call,0.9808219178082191,2027-09-17,764.7000122070312,SPY,2026-09-24 13:35 UTC
85.0,0.0,0.0,1.0,0.0,call,0.9808219178082191,2027-09-17,764.7000122070312,SPY,2026-09-24 13:35 UTC
125.0,626.0,630.83,1.0,1.0,call,0.9808219178082191,2027-09-17,764.7000122070312,SPY,2026-09-24 13:35 UTC
135.0,619.0,623.23,2.0,4.0,call,0.9808219178082191,2027-09-17,764.7000122070312,SPY,2026-09-24 13:35 UTC
140.0,0.0,0.0,1.0,0.0,call,0.9808219178082191,2027-09-17,764.7000122070312,SPY,2026-09-24 13:35 UTC
165.0,0.0,0.0,2.0,0.0,call,0.9808219178082191,2027-09-17,764.7000122070312,SPY,2026-09-24 13:35 UTC
175.0,0.0,0.0,1.0,0.0,call,0.9808219178082191,2027-09-17,764.7000122070312,SPY,2026-09-24 13:35 UTC
180.0,0.0,0.0,1.0,0.0,call,0.9808219178082191,2027-09-17,764.7000122070312,SPY,2026-09-24 13:35 UTC
185.0,571.5,576.02,1.0,1.0,call,0.9808219178082191,2027-09-17,764.7000122070312,SPY,2026-09-24 13:35 UTC
190.0,567.0,571.32,,1.0,call,0.9808219178082191,2027-09-17,764.7000122070312,SPY,2026-09-24 13:35 UTC
200.0,0.0,0.0,2.0,1.0,call,0.9808219178082191,2027-09-17,764.7000122070312,SPY,2026-09-24 13:35 UTC
210.0,548.0,552.52,1.0,1.0,call,0.9808219178082191,2027-09-17,764.7000122070312,SPY,2026-09-24 13:35 UTC
215.0,0.0,0.0,,0.0,call,0.9808219178082191,2027-09-17,764.7000122070312,SPY,2026-09-24 13:35 UTC
235.0,537.0,541.5,,2.0,call,0.9808219178082191,2027-09-17,764.7000122070312,SPY,2026-09-24 13:35 UTC
240.0,532.23,537.0,1.0,0.0,call,0.9808219178082191,2027-09-17,764.7000122070312,SPY,2026-09-24 13:35 UTC
245.0,527.5,532.0,1.0,1.0,call,0.9808219178082191,2027-09-17,764.7000122070312,SPY,2026-09-24 13:35 UTC
260.0,0.0,0.0,1.0,1.0,call,0.9808219178082191,2027-09-17,764.7000122070312,SPY,2026-09-24 13:35 UTC
300.0,0.0,0.0,20.0,23.0,call,0.9808219178082191,2027-09-17,764.7000122070312,SPY,2026-09-24 13:35 UTC
315.0,0.0,0.0,2.0,2.0,call,0.9808219178082191,2027-09-17,764.7000122070312,SPY,2026-09-24 13:35 UTC
320.0,430.0,434.54,,1.0,call,0.9808219178082191,2027-09-17,764.7000122070312,SPY,2026-09-24 13:35 UTC
325.0,446.87,451.5,,0.0,call,0.9808219178082191,2027-09-17,764.7000122070312,SPY,2026-09-24 13:35 UTC
340.0,432.8,437.5,,0.0,call,0.9808219178082191,2027-09-17,764.7000122070312,SPY,2026-09-24 13:35 UTC
345.0,428.12,432.5,2.0,0.0,call,0.9808219178082191,2027-09-17,764.7000122070312,SPY,2026-09-24 13:35 UTC
350.0,423.5,428.0,2.0,0.0,call,0.9808219178082191,2027-09-17,764.7000122070312,SPY,2026-09-24 13:35 UTC
355.0,397.5,402.06,,0.0,call,0.9808219178082191,2027-09-17,764.7000122070312,SPY,2026-09-24 13:35 UTC
365.0,0.0,0.0,,330.0,call,0.9808219178082191,2027-09-17,764.7000122070312,SPY,2026-09-24 13:35 UTC
370.0,404.73,409.5,,0.0,call,0.9808219178082191,2027-09-17,764.7000122070312,SPY,2026-09-24 13:35 UTC
375.0,0.0,0.0,1.0,0.0,call,0.9808219178082191,2027-09-17,764.7000122070312,SPY,2026-09-24 13:35 UTC
380.0,0.0,0.0,10.0,1.0,call,0.9808219178082191,2027-09-17,764.7000122070312,SPY,2026-09-24 13:35 UTC
385.0,0.0,0.0,15.0,79.0,call,0.9808219178082191,2027-09-17,764.7000122070312,SPY,2026-09-24 13:35 UTC
390.0,391.0,395.5,1.0,0.0,call,0.9808219178082191,2027-09-17,764.7000122070312,SPY,2026-09-24 13:35 UTC
395.0,0.0,0.0,2.0,2.0,call,0.9808219178082191,2027-09-17,764.7000122070312,SPY,2026-09-24 13:35 UTC
400.0,0.0,0.0,1.0,14.0,call,0.9808219178082191,2027-09-17,764.7000122070312,SPY,2026-09-24 13:35 UTC
405.0,0.0,0.0,,0.0,call,0.9808219178082191,2027-09-17,764.7000122070312,SPY,2026-09-24 13:35 UTC
410.0,347.0,351.49,,1.0,call,0.9808219178082191,2027-09-17,764.7000122070312,SPY,2026-09-24 13:35 UTC
415.0,362.79,367.5,,1.0,call,0.9808219178082191,2027-09-17,764.7000122070312,SPY,2026-09-24 13:35 UTC
440.0,0.0,0.0,1.0,1.0,call,0.9808219178082191,2027-09-17,764.7000122070312,SPY,2026-09-24 13:35 UTC
445.0,339.66,344.5,1.0,2.0,call,0.9808219178082191,2027-09-17,764.7000122070312,SPY,2026-09-24 13:35 UTC
450.0,0.0,0.0,2.0,49.0,call,0.9808219178082191,2027-09-17,764.7000122070312,SPY,2026-09-24 13:35 UTC
455.0,0.0,0.0,,1.0,call,0.9808219178082191,2027-09-17,764.7000122070312,SPY,2026-09-24 13:35 UTC
460.0,0.0,0.0,21.0,0.0,call,0.9808219178082191,2027-09-17,764.7000122070312,SPY,2026-09-24 13:35 UTC
470.0,316.5,321.41,,4.0,call,0.9808219178082191,2027-09-17,764.7000122070312,SPY,2026-09-24 13:35 UTC
475.0,311.86,316.5,2.0,4.0,call,0.9808219178082191,2027-09-17,764.7000122070312,SPY,2026-09-24 13:35 UTC
480.0,0.0,0.0,2.0,0.0,call,0.9808219178082191,2027-09-17,764.7000122070312,SPY,2026-09-24 13:35 UTC
485.0,0.0,0.0,1.0,4.0,call,0.9808219178082191,2027-09-17,764.7000122070312,SPY,2026-09-24 13:35 UTC
490.0,274.0,278.84,2.0,2.0,call,0.9808219178082191,2027-09-17,764.7000122070312,SPY,2026-09-24 13:35 UTC
495.0,0.0,0.0,6.0,0.0,call,0.9808219178082191,2027-09-17,764.7000122070312,SPY,2026-09-24 13:35 UTC
500.0,0.0,0.0,5.0,58.0,call,0.9808219178082191,2027-09-17,764.7000122070312,SPY,2026-09-24 13:35 UTC
505.0,0.0,0.0,1.0,9.0,call,0.9808219178082191,2027-09-17,764.7000122070312,SPY,2026-09-24 13:35 UTC
510.0,0.0,0.0,1.0,10.0,call,0.9808219178082191,2027-09-17,764.7000122070312,SPY,2026-09-24 13:35 UTC
515.0,0.0,0.0,40.0,18.0,call,0.9808219178082191,2027-09-17,764.7000122070312,SPY,2026-09-24 13:35 UTC
520.0,0.0,0.0,1.0,5.0,call,0.9808219178082191,2027-09-17,764.7000122070312,SPY,2026-09-24 13:35 UTC
525.0,0.0,0.0,1.0,18.0,call,0.9808219178082191,2027-09-17,764.7000122070312,SPY,2026-09-24 13:35 UTC
530.0,257.51,262.5,1.0,6.0,call,0.9808219178082191,2027-09-17,764.7000122070312,SPY,2026-09-24 13:35 UTC
535.0,0.0,0.0,2.0,5.0,call,0.9808219178082191,2027-09-17,764.7000122070312,SPY,2026-09-24 13:35 UTC
540.0,0.0,0.0,1.0,15.0,call,0.9808219178082191,2027-09-17,764.7000122070312,SPY,2026-09-24 13:35 UTC
545.0,0.0,0.0,1.0,6.0,call,0.9808219178082191,2027-09-17,764.7000122070312,SPY,2026-09-24 13:35 UTC
550.0,0.0,0.0,4.0,55.0,call,0.9808219178082191,2027-09-17,764.7000122070312,SPY,2026-09-24 13:35 UTC
555.0,0.0,0.0,2.0,4.0,call,0.9808219178082191,2027-09-17,764.7000122070312,SPY,2026-09-24 13:35 UTC
560.0,0.0,0.0,2.0,16.0,call,0.9808219178082191,2027-09-17,764.7000122070312,SPY,2026-09-24 13:35 UTC
565.0,0.0,0.0,5.0,2.0,call,0.9808219178082191,2027-09-17,764.7000122070312,SPY,2026-09-24 13:35 UTC
570.0,0.0,0.0,5.0,9.0,call,0.9808219178082191,2027-09-17,764.7000122070312,SPY,2026-09-24 13:35 UTC
575.0,0.0,0.0,3.0,23.0,call,0.9808219178082191,2027-09-17,764.7000122070312,SPY,2026-09-24 13:35 UTC
580.0,0.0,0.0,1.0,8.0,call,0.9808219178082191,2027-09-17,764.7000122070312,SPY,2026-09-24 13:35 UTC
585.0,0.0,0.0,3.0,5.0,call,0.9808219178082191,2027-09-17,764.7000122070312,SPY,2026-09-24 13:35 UTC
590.0,0.0,0.0,5.0,16.0,call,0.9808219178082191,2027-09-17,764.7000122070312,SPY,2026-09-24 13:35 UTC
595.0,0.0,0.0,4.0,61.0,call,0.9808219178082191,2027-09-17,764.7000122070312,SPY,2026-09-24 13:35 UTC
600.0,0.0,0.0,2.0,192.0,call,0.9808219178082191,2027-09-17,764.7000122070312,SPY,2026-09-24 13:35 UTC
605.0,0.0,0.0,1.0,409.0,call,0.9808219178082191,2027-09-17,764.7000122070312,SPY,2026-09-24 13:35 UTC
610.0,0.0,0.0,1.0,138.0,call,0.9808219178082191,2027-09-17,764.7000122070312,SPY,2026-09-24 13:35 UTC
615.0,0.0,0.0,1.0,27.0,call,0.9808219178082191,2027-09-17,764.7000122070312,SPY,2026-09-24 13:35 UTC
620.0,0.0,0.0,8.0,76.0,call,0.9808219178082191,2027-09-17,764.7000122070312,SPY,2026-09-24 13:35 UTC
625.0,0.0,0.0,1.0,25.0,call,0.9808219178082191,2027-09-17,764.7000122070312,SPY,2026-09-24 13:35 UTC
630.0,0.0,0.0,6.0,56.0,call,0.9808219178082191,2027-09-17,764.7000122070312,SPY,2026-09-24 13:35 UTC
635.0,0.0,0.0,2.0,630.0,call,0.9808219178082191,2027-09-17,764.7000122070312,SPY,2026-09-24 13:35 UTC
640.0,0.0,0.0,2.0,191.0,call,0.9808219178082191,2027-09-17,764.7000122070312,SPY,2026-09-24 13:35 UTC
645.0,0.0,0.0,1.0,55.0,call,0.9808219178082191,2027-09-17,764.7000122070312,SPY,2026-09-24 13:35 UTC
650.0,0.0,0.0,2.0,269.0,call,0.9808219178082191,2027-09-17,764.7000122070312,SPY,2026-09-24 13:35 UTC
655.0,0.0,0.0,1.0,430.0,call,0.9808219178082191,2027-09-17,764.7000122070312,SPY,2026-09-24 13:35 UTC
660.0,0.0,0.0,1.0,49.0,call,0.9808219178082191,2027-09-17,764.7000122070312,SPY,2026-09-24 13:35 UTC
665.0,0.0,0.0,4.0,169.0,call,0.9808219178082191,2027-09-17,764.7000122070312,SPY,2026-09-24 13:35 UTC
670.0,0.0,0.0,2.0,212.0,call,0.9808219178082191,2027-09-17,764.7000122070312,SPY,2026-09-24 13:35 UTC
675.0,0.0,0.0,4.0,134.0,call,0.9808219178082191,2027-09-17,764.7000122070312,SPY,2026-09-24 13:35 UTC
680.0,0.0,0.0,14.0,1477.0,call,0.9808219178082191,2027-09-17,764.7000122070312,SPY,2026-09-24 13:35 UTC
685.0,0.0,0.0,2.0,181.0,call,0.9808219178082191,2027-09-17,764.7000122070312,SPY,2026-09-24 13:35 UTC
690.0,0.0,0.0,1.0,234.0,call,0.9808219178082191,2027-09-17,764.7000122070312,SPY,2026-09-24 13:35 UTC
695.0,0.0,0.0,5.0,108.0,call,0.9808219178082191,2027-09-17,764.7000122070312,SPY,2026-09-24 13:35 UTC
700.0,0.0,0.0,1.0,242.0,call,0.9808219178082191,2027-09-17,764.7000122070312,SPY,2026-09-24 13:35 UTC
705.0,0.0,0.0,1.0,138.0,call,0.9808219178082191,2027-09-17,764.7000122070312,SPY,2026-09-24 13:35 UTC
710.0,0.0,0.0,6.0,639.0,call,0.9808219178082191,2027-09-17,764.7000122070312,SPY,2026-09-24 13:35 UTC
715.0,0.0,0.0,3.0,82.0,call,0.9808219178082191,2027-09-17,764.7000122070312,SPY,2026-09-24 13:35 UTC
720.0,0.0,0.0,1.0,170.0,call,0.9808219178082191,2027-09-17,764.7000122070312,SPY,2026-09-24 13:35 UTC
725.0,0.0,0.0,2.0,64.0,call,0.9808219178082191,2027-09-17,764.7000122070312,SPY,2026-09-24 13:35 UTC
730.0,0.0,0.0,27.0,159.0,call,0.9808219178082191,2027-09-17,764.7000122070312,SPY,2026-09-24 13:35 UTC
735.0,0.0,0.0,3.0,206.0,call,0.9808219178082191,2027-09-17,764.7000122070312,SPY,2026-09-24 13:35 UTC
740.0,0.0,0.0,6.0,363.0,call,0.9808219178082191,2027-09-17,764.7000122070312,SPY,2026-09-24 13:35 UTC
745.0,0.0,0.0,5.0,253.0,call,0.9808219178082191,2027-09-17,764.7000122070312,SPY,2026-09-24 13:35 UTC
750.0,0.0,0.0,5.0,621.0,call,0.9808219178082191,2027-09-17,764.7000122070312,SPY,2026-09-24 13:35 UTC
755.0,0.0,0.0,4.0,536.0,call,0.9808219178082191,2027-09-17,764.7000122070312,SPY,2026-09-24 13:35 UTC
760.0,0.0,0.0,133.0,886.0,call,0.9808219178082191,2027-09-17,764.7000122070312,SPY,2026-09-24 13:35 UTC
765.0,0.0,0.0,14.0,1334.0,call,0.9808219178082191,2027-09-17,764.7000122070312,SPY,2026-09-24 13:35 UTC
770.0,0.0,0.0,62.0,1701.0,call,0.9808219178082191,2027-09-17,764.7000122070312,SPY,2026-09-24 13:35 UTC
775.0,0.0,0.0,17.0,1081.0,call,0.9808219178082191,2027-09-17,764.7000122070312,SPY,2026-09-24 13:35 UTC
780.0,0.0,0.0,2.0,396.0,call,0.9808219178082191,2027-09-17,764.7000122070312,SPY,2026-09-24 13:35 UTC
785.0,0.0,0.0,3.0,1375.0,call,0.9808219178082191,2027-09-17,764.7000122070312,SPY,2026-09-24 13:35 UTC
790.0,0.0,0.0,3.0,1887.0,call,0.9808219178082191,2027-09-17,764.7000122070312,SPY,2026-09-24 13:35 UTC
795.0,0.0,0.0,21.0,856.0,call,0.9808219178082191,2027-09-17,764.7000122070312,SPY,2026-09-24 13:35 UTC
800.0,0.0,0.0,84.0,1119.0,call,0.9808219178082191,2027-09-17,764.7000122070312,SPY,2026-09-24 13:35 UTC
805.0,0.0,0.0,2.0,1233.0,call,0.9808219178082191,2027-09-17,764.7000122070312,SPY,2026-09-24 13:35 UTC
810.0,0.0,0.0,1.0,1142.0,call,0.9808219178082191,2027-09-17,764.7000122070312,SPY,2026-09-24 13:35 UTC
815.0,0.0,0.0,374.0,1923.0,call,0.9808219178082191,2027-09-17,764.7000122070312,SPY,2026-09-24 13:35 UTC
820.0,0.0,0.0,13.0,4008.0,call,0.9808219178082191,2027-09-17,764.7000122070312,SPY,2026-09-24 13:35 UTC
825.0,0.0,0.0,34.0,412.0,call,0.9808219178082191,2027-09-17,764.7000122070312,SPY,2026-09-24 13:35 UTC
830.0,0.0,0.0,1.0,550.0,call,0.9808219178082191,2027-09-17,764.7000122070312,SPY,2026-09-24 13:35 UTC
835.0,0.0,0.0,40.0,600.0,call,0.9808219178082191,2027-09-17,764.7000122070312,SPY,2026-09-24 13:35 UTC
840.0,0.0,0.0,382.0,2048.0,call,0.9808219178082191,2027-09-17,764.7000122070312,SPY,2026-09-24 13:35 UTC
845.0,0.0,0.0,171.0,1540.0,call,0.9808219178082191,2027-09-17,764.7000122070312,SPY,2026-09-24 13:35 UTC
850.0,0.0,0.0,47.0,2244.0,call,0.9808219178082191,2027-09-17,764.7000122070312,SPY,2026-09-24 13:35 UTC
855.0,0.0,0.0,17.0,1598.0,call,0.9808219178082191,2027-09-17,764.7000122070312,SPY,2026-09-24 13:35 UTC
860.0,0.0,0.0,2.0,1732.0,call,0.9808219178082191,2027-09-17,764.7000122070312,SPY,2026-09-24 13:35 UTC
865.0,0.0,0.0,187.0,1741.0,call,0.9808219178082191,2027-09-17,764.7000122070312,SPY,2026-09-24 13:35 UTC
870.0,0.0,0.0,29.0,2670.0,call,0.9808219178082191,2027-09-17,764.7000122070312,SPY,2026-09-24 13:35 UTC
875.0,0.0,0.0,351.0,3328.0,call,0.9808219178082191,2027-09-17,764.7000122070312,SPY,2026-09-24 13:35 UTC
880.0,0.0,0.0,7.0,5415.0,call,0.9808219178082191,2027-09-17,764.7000122070312,SPY,2026-09-24 13:35 UTC
885.0,0.0,0.0,631.0,2223.0,call,0.9808219178082191,2027-09-17,764.7000122070312,SPY,2026-09-24 13:35 UTC
890.0,0.0,0.0,1.0,1271.0,call,0.9808219178082191,2027-09-17,764.7000122070312,SPY,2026-09-24 13:35 UTC
895.0,0.0,0.0,10.0,820.0,call,0.9808219178082191,2027-09-17,764.7000122070312,SPY,2026-09-24 13:35 UTC
900.0,0.0,0.0,44.0,3079.0,call,0.9808219178082191,2027-09-17,764.7000122070312,SPY,2026-09-24 13:35 UTC
905.0,0.0,0.0,36.0,340.0,call,0.9808219178082191,2027-09-17,764.7000122070312,SPY,2026-09-24 13:35 UTC
910.0,0.0,0.0,2.0,299.0,call,0.9808219178082191,2027-09-17,764.7000122070312,SPY,2026-09-24 13:35 UTC
915.0,0.0,0.0,4.0,1154.0,call,0.9808219178082191,2027-09-17,764.7000122070312,SPY,2026-09-24 13:35 UTC
920.0,0.0,0.0,1.0,720.0,call,0.9808219178082191,2027-09-17,764.7000122070312,SPY,2026-09-24 13:35 UTC
925.0,0.0,0.0,327.0,2181.0,call,0.9808219178082191,2027-09-17,764.7000122070312,SPY,2026-09-24 13:35 UTC
930.0,0.0,0.0,62.0,2905.0,call,0.9808219178082191,2027-09-17,764.7000122070312,SPY,2026-09-24 13:35 UTC
935.0,0.0,0.0,23.0,421.0,call,0.9808219178082191,2027-09-17,764.7000122070312,SPY,2026-09-24 13:35 UTC
940.0,0.0,0.0,2.0,2422.0,call,0.9808219178082191,2027-09-17,764.7000122070312,SPY,2026-09-24 13:35 UTC
945.0,0.0,0.0,3.0,1134.0,call,0.9808219178082191,2027-09-17,764.7000122070312,SPY,2026-09-24 13:35 UTC
950.0,0.0,0.0,4.0,2025.0,call,0.9808219178082191,2027-09-17,764.7000122070312,SPY,2026-09-24 13:35 UTC
955.0,0.0,0.0,4.0,1054.0,call,0.9808219178082191,2027-09-17,764.7000122070312,SPY,2026-09-24 13:35 UTC
960.0,0.0,0.0,3.0,1016.0,call,0.9808219178082191,2027-09-17,764.7000122070312,SPY,2026-09-24 13:35 UTC
965.0,0.0,0.0,4.0,2330.0,call,0.9808219178082191,2027-09-17,764.7000122070312,SPY,2026-09-24 13:35 UTC
970.0,0.0,0.0,2.0,2398.0,call,0.9808219178082191,2027-09-17,764.7000122070312,SPY,2026-09-24 13:35 UTC
975.0,0.0,0.0,2.0,2203.0,call,0.9808219178082191,2027-09-17,764.7000122070312,SPY,2026-09-24 13:35 UTC
980.0,0.0,0.0,913.0,3834.0,call,0.9808219178082191,2027-09-17,764.7000122070312,SPY,2026-09-24 13:35 UTC
985.0,0.0,0.0,6.0,5840.0,call,0.9808219178082191,2027-09-17,764.7000122070312,SPY,2026-09-24 13:35 UTC
990.0,0.0,0.0,9.0,4801.0,call,0.9808219178082191,2027-09-17,764.7000122070312,SPY,2026-09-24 13:35 UTC
995.0,0.0,0.0,284.0,3088.0,call,0.9808219178082191,2027-09-17,764.7000122070312,SPY,2026-09-24 13:35 UTC
1000.0,0.0,0.0,12.0,3705.0,call,0.9808219178082191,2027-09-17,764.7000122070312,SPY,2026-09-24 13:35 UTC
1005.0,0.0,0.0,223.0,3465.0,call,0.9808219178082191,2027-09-17,764.7000122070312,SPY,2026-09-24 13:35 UTC
1010.0,0.0,0.0,8.0,4824.0,call,0.9808219178082191,2027-09-17,764.7000122070312,SPY,2026-09-24 13:35 UTC
1015.0,0.0,0.0,1.0,2123.0,call,0.9808219178082191,2027-09-17,764.7000122070312,SPY,2026-09-24 13:35 UTC
1020.0,0.0,0.0,11.0,4418.0,call,0.9808219178082191,2027-09-17,764.7000122070312,SPY,2026-09-24 13:35 UTC
1025.0,0.0,0.0,5.0,1296.0,call,0.9808219178082191,2027-09-17,764.7000122070312,SPY,2026-09-24 13:35 UTC
1030.0,0.0,0.0,4.0,1324.0,call,0.9808219178082191,2027-09-17,764.7000122070312,SPY,2026-09-24 13:35 UTC
1035.0,0.0,0.0,1.0,293.0,call,0.9808219178082191,2027-09-17,764.7000122070312,SPY,2026-09-24 13:35 UTC
1040.0,0.0,0.0,759.0,1374.0,call,0.9808219178082191,2027-09-17,764.7000122070312,SPY,2026-09-24 13:35 UTC
1045.0,0.0,0.0,10.0,516.0,call,0.9808219178082191,2027-09-17,764.7000122070312,SPY,2026-09-24 13:35 UTC
1050.0,0.0,0.0,2.0,613.0,call,0.9808219178082191,2027-09-17,764.7000122070312,SPY,2026-09-24 13:35 UTC
1055.0,0.0,0.0,1.0,892.0,call,0.9808219178082191,2027-09-17,764.7000122070312,SPY,2026-09-24 13:35 UTC
1060.0,0.0,0.0,7.0,1363.0,call,0.9808219178082191,2027-09-17,764.7000122070312,SPY,2026-09-24 13:35 UTC
1065.0,0.0,0.0,1.0,211.0,call,0.9808219178082191,2027-09-17,764.7000122070312,SPY,2026-09-24 13:35 UTC
1070.0,0.0,0.0,2.0,905.0,call,0.9808219178082191,2027-09-17,764.7000122070312,SPY,2026-09-24 13:35 UTC
1075.0,0.0,0.0,40.0,164.0,call,0.9808219178082191,2027-09-17,764.7000122070312,SPY,2026-09-24 13:35 UTC
1080.0,0.0,0.0,14.0,204.0,call,0.9808219178082191,2027-09-17,764.7000122070312,SPY,2026-09-24 13:35 UTC
1085.0,0.0,0.0,1.0,44.0,call,0.9808219178082191,2027-09-17,764.7000122070312,SPY,2026-09-24 13:35 UTC
1090.0,0.0,0.0,47.0,2727.0,call,0.9808219178082191,2027-09-17,764.7000122070312,SPY,2026-09-24 13:35 UTC
1100.0,0.0,0.0,8.0,1014.0,call,0.9808219178082191,2027-09-17,764.7000122070312,SPY,2026-09-24 13:35 UTC
1110.0,0.0,0.0,6.0,5037.0,call,0.9808219178082191,2027-09-17,764.7000122070312,SPY,2026-09-24 13:35 UTC
1120.0,0.0,0.0,1.0,389.0,call,0.9808219178082191,2027-09-17,764.7000122070312,SPY,2026-09-24 13:35 UTC
1130.0,0.0,0.0,1.0,0.0,call,0.9808219178082191,2027-09-17,764.7000122070312,SPY,2026-09-24 13:35 UTC
1140.0,0.0,0.0,3.0,163.0,call,0.9808219178082191,2027-09-17,764.7000122070312,SPY,2026-09-24 13:35 UTC
1150.0,0.0,0.0,1.0,724.0,call,0.9808219178082191,2027-09-17,764.7000122070312,SPY,2026-09-24 13:35 UTC
1160.0,0.0,0.0,2.0,204.0,call,0.9808219178082191,2027-09-17,764.7000122070312,SPY,2026-09-24 13:35 UTC
1170.0,0.0,0.0,2.0,6.0,call,0.9808219178082191,2027-09-17,764.7000122070312,SPY,2026-09-24 13:35 UTC
1180.0,0.0,0.0,2.0,206.0,call,0.9808219178082191,2027-09-17,764.7000122070312,SPY,2026-09-24 13:35 UTC
1190.0,0.0,0.0,100.0,101.0,call,0.9808219178082191,2027-09-17,764.7000122070312,SPY,2026-09-24 13:35 UTC
1200.0,0.0,0.0,1.0,44.0,call,0.9808219178082191,2027-09-17,764.7000122070312,SPY,2026-09-24 13:35 UTC
1210.0,0.0,0.0,1.0,81.0,call,0.9808219178082191,2027-09-17,764.7000122070312,SPY,2026-09-24 13:35 UTC
1220.0,0.0,0.0,3.0,0.0,call,0.9808219178082191,2027-09-17,764.7000122070312,SPY,2026-09-24 13:35 UTC
1230.0,0.0,0.0,4.0,96.0,call,0.9808219178082191,2027-09-17,764.7000122070312,SPY,2026-09-24 13:35 UTC
1240.0,0.0,0.0,20.0,23.0,call,0.9808219178082191,2027-09-17,764.7000122070312,SPY,2026-09-24 13:35 UTC
1250.0,0.0,0.0,1.0,0.0,call,0.9808219178082191,2027-09-17,764.7000122070312,SPY,2026-09-24 13:35 UTC
1260.0,0.0,0.0,,200.0,call,0.9808219178082191,2027-09-17,764.7000122070312,SPY,2026-09-24 13:35 UTC
1270.0,0.11,0.13,5.0,26.0,call,0.9808219178082191,2027-09-17,764.7000122070312,SPY,2026-09-24 13:35 UTC
1280.0,0.0,0.0,1.0,122.0,call,0.9808219178082191,2027-09-17,764.7000122070312,SPY,2026-09-24 13:35 UTC
1290.0,0.27,0.29,,0.0,call,0.9808219178082191,2027-09-17,764.7000122070312,SPY,2026-09-24 13:35 UTC
1300.0,0.0,0.0,3.0,335.0,call,0.9808219178082191,2027-09-17,764.7000122070312,SPY,2026-09-24 13:35 UTC
1310.0,0.0,0.0,2.0,43.0,call,0.9808219178082191,2027-09-17,764.7000122070312,SPY,2026-09-24 13:35 UTC
1320.0,0.0,0.0,100.0,121.0,call,0.9808219178082191,2027-09-17,764.7000122070312,SPY,2026-09-24 13:35 UTC
1330.0,0.0,0.0,5.0,21.0,call,0.9808219178082191,2027-09-17,764.7000122070312,SPY,2026-09-24 13:35 UTC
1340.0,0.0,0.0,,0.0,call,0.9808219178082191,2027-09-17,764.7000122070312,SPY,2026-09-24 13:35 UTC
1350.0,0.0,0.0,1.0,4.0,call,0.9808219178082191,2027-09-17,764.7000122070312,SPY,2026-09-24 13:35 UTC
1360.0,0.06,0.08,2.0,6.0,call,0.9808219178082191,2027-09-17,764.7000122070312,SPY,2026-09-24 13:35 UTC
1370.0,0.0,0.0,1.0,0.0,call,0.9808219178082191,2027-09-17,764.7000122070312,SPY,2026-09-24 13:35 UTC
1390.0,0.0,0.0,11.0,7.0,call,0.9808219178082191,2027-09-17,764.7000122070312,SPY,2026-09-24 13:35 UTC
1400.0,0.0,0.0,1.0,7.0,call,0.9808219178082191,2027-09-17,764.7000122070312,SPY,2026-09-24 13:35 UTC
1410.0,0.0,0.0,2.0,3.0,call,0.9808219178082191,2027-09-17,764.7000122070312,SPY,2026-09-24 13:35 UTC
1420.0,0.0,0.0,1.0,5.0,call,0.9808219178082191,2027-09-17,764.7000122070312,SPY,2026-09-24 13:35 UTC
1430.0,0.0,0.0,5.0,23.0,call,0.9808219178082191,2027-09-17,764.7000122070312,SPY,2026-09-24 13:35 UTC
1440.0,0.0,0.0,2.0,6.0,call,0.9808219178082191,2027-09-17,764.7000122070312,SPY,2026-09-24 13:35 UTC
1450.0,0.0,0.0,14.0,94.0,call,0.9808219178082191,2027-09-17,764.7000122070312,SPY,2026-09-24 13:35 UTC
1460.0,0.0,0.0,1.0,27.0,call,0.9808219178082191,2027-09-17,764.7000122070312,SPY,2026-09-24 13:35 UTC
1470.0,0.0,0.0,100.0,176.0,call,0.9808219178082191,2027-09-17,764.7000122070312,SPY,2026-09-24 13:35 UTC
1480.0,0.0,0.0,1.0,652.0,call,0.9808219178082191,2027-09-17,764.7000122070312,SPY,2026-09-24 13:35 UTC
50.0,0.0,0.0,2.0,134.0,put,0.9808219178082191,2027-09-17,764.7000122070312,SPY,2026-09-24 13:35 UTC
55.0,0.0,0.0,5.0,0.0,put,0.9808219178082191,2027-09-17,764.7000122070312,SPY,2026-09-24 13:35 UTC
60.0,0.0,0.0,4.0,2.0,put,0.9808219178082191,2027-09-17,764.7000122070312,SPY,2026-09-24 13:35 UTC
65.0,0.04,0.06,,1.0,put,0.9808219178082191,2027-09-17,764.7000122070312,SPY,2026-09-24 13:35 UTC
70.0,0.0,0.0,1.0,0.0,put,0.9808219178082191,2027-09-17,764.7000122070312,SPY,2026-09-24 13:35 UTC
80.0,0.0,0.0,2.0,4.0,put,0.9808219178082191,2027-09-17,764.7000122070312,SPY,2026-09-24 13:35 UTC
90.0,0.0,0.0,16.0,26.0,put,0.9808219178082191,2027-09-17,764.7000122070312,SPY,2026-09-24 13:35 UTC
100.0,0.0,0.0,1.0,0.0,put,0.9808219178082191,2027-09-17,764.7000122070312,SPY,2026-09-24 13:35 UTC
105.0,0.0,0.0,1.0,30.0,put,0.9808219178082191,2027-09-17,764.7000122070312,SPY,2026-09-24 13:35 UTC
110.0,0.0,0.0,10.0,27.0,put,0.9808219178082191,2027-09-17,764.7000122070312,SPY,2026-09-24 13:35 UTC
115.0,0.0,0.0,,0.0,put,0.9808219178082191,2027-09-17,764.7000122070312,SPY,2026-09-24 13:35 UTC
120.0,0.0,0.0,10.0,40.0,put,0.9808219178082191,2027-09-17,764.7000122070312,SPY,2026-09-24 13:35 UTC
125.0,0.0,0.0,1.0,31.0,put,0.9808219178082191,2027-09-17,764.7000122070312,SPY,2026-09-24 13:35 UTC
130.0,0.0,0.0,10.0,0.0,put,0.9808219178082191,2027-09-17,764.7000122070312,SPY,2026-09-24 13:35 UTC
135.0,0.0,0.0,5.0,110.0,put,0.9808219178082191,2027-09-17,764.7000122070312,SPY,2026-09-24 13:35 UTC
140.0,0.0,0.0,1.0,104.0,put,0.9808219178082191,2027-09-17,764.7000122070312,SPY,2026-09-24 13:35 UTC
145.0,0.0,0.0,10.0,80.0,put,0.9808219178082191,2027-09-17,764.7000122070312,SPY,2026-09-24 13:35 UTC
150.0,0.0,0.0,10.0,42.0,put,0.9808219178082191,2027-09-17,764.7000122070312,SPY,2026-09-24 13:35 UTC
160.0,0.0,0.0,3.0,26.0,put,0.9808219178082191,2027-09-17,764.7000122070312,SPY,2026-09-24 13:35 UTC
165.0,0.43,0.45,2.0,4.0,put,0.9808219178082191,2027-09-17,764.7000122070312,SPY,2026-09-24 13:35 UTC
170.0,0.0,0.0,6.0,0.0,put,0.9808219178082191,2027-09-17,764.7000122070312,SPY,2026-09-24 13:35 UTC
175.0,0.0,0.0,1.0,1.0,put,0.9808219178082191,2027-09-17,764.7000122070312,SPY,2026-09-24 13:35 UTC
180.0,0.0,0.0,6.0,21.0,put,0.9808219178082191,2027-09-17,764.7000122070312,SPY,2026-09-24 13:35 UTC
190.0,0.0,0.0,6.0,80.0,put,0.9808219178082191,2027-09-17,764.7000122070312,SPY,2026-09-24 13:35 UTC
195.0,0.0,0.0,2.0,3.0,put,0.9808219178082191,2027-09-17,764.7000122070312,SPY,2026-09-24 13:35 UTC
200.0,0.0,0.0,12.0,1464.0,put,0.9808219178082191,2027-09-17,764.7000122070312,SPY,2026-09-24 13:35 UTC
205.0,0.0,0.0,200.0,101.0,put,0.9808219178082191,2027-09-17,764.7000122070312,SPY,2026-09-24 13:35 UTC
210.0,0.0,0.0,20.0,150.0,put,0.9808219178082191,2027-09-17,764.7000122070312,SPY,2026-09-24 13:35 UTC
215.0,0.0,0.0,10.0,0.0,put,0.9808219178082191,2027-09-17,764.7000122070312,SPY,2026-09-24 13:35 UTC
220.0,0.0,0.0,200.0,392.0,put,0.9808219178082191,2027-09-17,764.7000122070312,SPY,2026-09-24 13:35 UTC
225.0,0.62,0.63,21.0,31.0,put,0.9808219178082191,2027-09-17,764.7000122070312,SPY,2026-09-24 13:35 UTC
230.0,0.0,0.0,2.0,10.0,put,0.9808219178082191,2027-09-17,764.7000122070312,SPY,2026-09-24 13:35 UTC
235.0,0.0,0.0,,,put,0.9808219178082191,2027-09-17,764.7000122070312,SPY,2026-09-24 13:35 UTC
240.0,0.88,0.89,133.0,70.0,put,0.9808219178082191,2027-09-17,764.7000122070312,SPY,2026-09-24 13:35 UTC
245.0,0.0,0.0,1.0,0.0,put,0.9808219178082191,2027-09-17,764.7000122070312,SPY,2026-09-24 13:35 UTC
250.0,0.0,0.0,170.0,1758.0,put,0.9808219178082191,2027-09-17,764.7000122070312,SPY,2026-09-24 13:35 UTC
255.0,0.0,0.0,420.0,421.0,put,0.9808219178082191,2027-09-17,764.7000122070312,SPY,2026-09-24 13:35 UTC
260.0,0.0,0.0,1.0,135.0,put,0.9808219178082191,2027-09-17,764.7000122070312,SPY,2026-09-24 13:35 UTC
265.0,0.0,0.0,1.0,13.0,put,0.9808219178082191,2027-09-17,764.7000122070312,SPY,2026-09-24 13:35 UTC
270.0,0.0,0.0,50.0,316.0,put,0.9808219178082191,2027-09-17,764.7000122070312,SPY,2026-09-24 13:35 UTC
275.0,0.0,0.0,170.0,506.0,put,0.9808219178082191,2027-09-17,764.7000122070312,SPY,2026-09-24 13:35 UTC
280.0,0.0,0.0,41.0,46.0,put,0.9808219178082191,2027-09-17,764.7000122070312,SPY,2026-09-24 13:35 UTC
285.0,0.0,0.0,4.0,3.0,put,0.9808219178082191,2027-09-17,764.7000122070312,SPY,2026-09-24 13:35 UTC
290.0,0.0,0.0,3.0,7.0,put,0.9808219178082191,2027-09-17,764.7000122070312,SPY,2026-09-24 13:35 UTC
295.0,0.0,0.0,1.0,3.0,put,0.9808219178082191,2027-09-17,764.7000122070312,SPY,2026-09-24 13:35 UTC
300.0,0.0,0.0,2.0,773.0,put,0.9808219178082191,2027-09-17,764.7000122070312,SPY,2026-09-24 13:35 UTC
305.0,0.0,0.0,2.0,159.0,put,0.9808219178082191,2027-09-17,764.7000122070312,SPY,2026-09-24 13:35 UTC
310.0,0.0,0.0,1.0,77.0,put,0.9808219178082191,2027-09-17,764.7000122070312,SPY,2026-09-24 13:35 UTC
320.0,0.0,0.0,1.0,75.0,put,0.9808219178082191,2027-09-17,764.7000122070312,SPY,2026-09-24 13:35 UTC
325.0,0.0,0.0,80.0,112.0,put,0.9808219178082191,2027-09-17,764.7000122070312,SPY,2026-09-24 13:35 UTC
330.0,0.0,0.0,4.0,28.0,put,0.9808219178082191,2027-09-17,764.7000122070312,SPY,2026-09-24 13:35 UTC
335.0,0.0,0.0,10.0,22.0,put,0.9808219178082191,2027-09-17,764.7000122070312,SPY,2026-09-24 13:35 UTC
340.0,0.0,0.0,2.0,22.0,put,0.9808219178082191,2027-09-17,764.7000122070312,SPY,2026-09-24 13:35 UTC
345.0,0.0,0.0,1.0,10.0,put,0.9808219178082191,2027-09-17,764.7000122070312,SPY,2026-09-24 13:35 UTC
350.0,0.0,0.0,1.0,369.0,put,0.9808219178082191,2027-09-17,764.7000122070312,SPY,2026-09-24 13:35 UTC
355.0,0.0,0.0,10.0,324.0,put,0.9808219178082191,2027-09-17,764.7000122070312,SPY,2026-09-24 13:35 UTC
360.0,0.0,0.0,1.0,80.0,put,0.9808219178082191,2027-09-17,764.7000122070312,SPY,2026-09-24 13:35 UTC
365.0,0.0,0.0,10.0,37.0,put,0.9808219178082191,2027-09-17,764.7000122070312,SPY,2026-09-24 13:35 UTC
370.0,0.0,0.0,11.0,29.0,put,0.9808219178082191,2027-09-17,764.7000122070312,SPY,2026-09-24 13:35 UTC
375.0,0.0,0.0,3.0,77.0,put,0.9808219178082191,2027-09-17,764.7000122070312,SPY,2026-09-24 13:35 UTC
380.0,0.0,0.0,4.0,117.0,put,0.9808219178082191,2027-09-17,764.7000122070312,SPY,2026-09-24 13:35 UTC
385.0,0.0,0.0,14.0,208.0,put,0.9808219178082191,2027-09-17,764.7000122070312,SPY,2026-09-24 13:35 UTC
390.0,0.0,0.0,3.0,64.0,put,0.9808219178082191,2027-09-17,764.7000122070312,SPY,2026-09-24 13:35 UTC
395.0,0.0,0.0,1.0,61.0,put,0.9808219178082191,2027-09-17,764.7000122070312,SPY,2026-09-24 13:35 UTC
400.0,0.0,0.0,6.0,749.0,put,0.9808219178082191,2027-09-17,764.7000122070312,SPY,2026-09-24 13:35 UTC
405.0,0.0,0.0,3.0,31.0,put,0.9808219178082191,2027-09-17,764.7000122070312,SPY,2026-09-24 13:35 UTC
410.0,0.0,0.0,1.0,100.0,put,0.9808219178082191,2027-09-17,764.7000122070312,SPY,2026-09-24 13:35 UTC
415.0,0.0,0.0,1.0,66.0,put,0.9808219178082191,2027-09-17,764.7000122070312,SPY,2026-09-24 13:35 UTC
420.0,0.0,0.0,1.0,202.0,put,0.9808219178082191,2027-09-17,764.7000122070312,SPY,2026-09-24 13:35 UTC
425.0,0.0,0.0,2.0,174.0,put,0.9808219178082191,2027-09-17,764.7000122070312,SPY,2026-09-24 13:35 UTC
430.0,0.0,0.0,7.0,217.0,put,0.9808219178082191,2027-09-17,764.7000122070312,SPY,2026-09-24 13:35 UTC
435.0,0.0,0.0,4.0,78.0,put,0.9808219178082191,2027-09-17,764.7000122070312,SPY,2026-09-24 13:35 UTC
440.0,0.0,0.0,13.0,222.0,put,0.9808219178082191,2027-09-17,764.7000122070312,SPY,2026-09-24 13:35 UTC
445.0,0.0,0.0,1.0,47.0,put,0.9808219178082191,2027-09-17,764.7000122070312,SPY,2026-09-24 13:35 UTC
450.0,0.0,0.0,13.0,283.0,put,0.9808219178082191,2027-09-17,764.7000122070312,SPY,2026-09-24 13:35 UTC
455.0,0.0,0.0,32.0,81.0,put,0.9808219178082191,2027-09-17,764.7000122070312,SPY,2026-09-24 13:35 UTC
460.0,0.0,0.0,1.0,606.0,put,0.9808219178082191,2027-09-17,764.7000122070312,SPY,2026-09-24 13:35 UTC
465.0,0.0,0.0,5.0,57.0,put,0.9808219178082191,2027-09-17,764.7000122070312,SPY,2026-09-24 13:35 UTC
470.0,0.0,0.0,2.0,448.0,put,0.9808219178082191,2027-09-17,764.7000122070312,SPY,2026-09-24 13:35 UTC
475.0,0.0,0.0,1.0,57.0,put,0.9808219178082191,2027-09-17,764.7000122070312,SPY,2026-09-24 13:35 UTC
480.0,0.0,0.0,35.0,949.0,put,0.9808219178082191,2027-09-17,764.7000122070312,SPY,2026-09-24 13:35 UTC
485.0,0.0,0.0,35.0,122.0,put,0.9808219178082191,2027-09-17,764.7000122070312,SPY,2026-09-24 13:35 UTC
490.0,0.0,0.0,2.0,123.0,put,0.9808219178082191,2027-09-17,764.7000122070312,SPY,2026-09-24 13:35 UTC
495.0,0.0,0.0,3.0,207.0,put,0.9808219178082191,2027-09-17,764.7000122070312,SPY,2026-09-24 13:35 UTC
500.0,0.0,0.0,23.0,556.0,put,0.9808219178082191,2027-09-17,764.7000122070312,SPY,2026-09-24 13:35 UTC
505.0,0.0,0.0,22.0,344.0,put,0.9808219178082191,2027-09-17,764.7000122070312,SPY,2026-09-24 13:35 UTC
510.0,0.0,0.0,7.0,136.0,put,0.9808219178082191,2027-09-17,764.7000122070312,SPY,2026-09-24 13:35 UTC
515.0,0.0,0.0,1.0,138.0,put,0.9808219178082191,2027-09-17,764.7000122070312,SPY,2026-09-24 13:35 UTC
520.0,0.0,0.0,3.0,888.0,put,0.9808219178082191,2027-09-17,764.7000122070312,SPY,2026-09-24 13:35 UTC
525.0,0.0,0.0,1.0,591.0,put,0.9808219178082191,2027-09-17,764.7000122070312,SPY,2026-09-24 13:35 UTC
530.0,0.0,0.0,2.0,1221.0,put,0.9808219178082191,2027-09-17,764.7000122070312,SPY,2026-09-24 13:35 UTC
535.0,0.0,0.0,3.0,3648.0,put,0.9808219178082191,2027-09-17,764.7000122070312,SPY,2026-09-24 13:35 UTC
540.0,0.0,0.0,1.0,1195.0,put,0.9808219178082191,2027-09-17,764.7000122070312,SPY,2026-09-24 13:35 UTC
545.0,0.0,0.0,1.0,598.0,put,0.9808219178082191,2027-09-17,764.7000122070312,SPY,2026-09-24 13:35 UTC
550.0,0.0,0.0,5.0,1670.0,put,0.9808219178082191,2027-09-17,764.7000122070312,SPY,2026-09-24 13:35 UTC
555.0,0.0,0.0,1.0,3525.0,put,0.9808219178082191,2027-09-17,764.7000122070312,SPY,2026-09-24 13:35 UTC
560.0,0.0,0.0,1.0,414.0,put,0.9808219178082191,2027-09-17,764.7000122070312,SPY,2026-09-24 13:35 UTC
565.0,0.0,0.0,5.0,766.0,put,0.9808219178082191,2027-09-17,764.7000122070312,SPY,2026-09-24 13:35 UTC
570.0,0.0,0.0,1.0,783.0,put,0.9808219178082191,2027-09-17,764.7000122070312,SPY,2026-09-24 13:35 UTC
575.0,0.0,0.0,55.0,1196.0,put,0.9808219178082191,2027-09-17,764.7000122070312,SPY,2026-09-24 13:35 UTC
580.0,0.0,0.0,10.0,1083.0,put,0.9808219178082191,2027-09-17,764.7000122070312,SPY,2026-09-24 13:35 UTC
585.0,0.0,0.0,4.0,616.0,put,0.9808219178082191,2027-09-17,764.7000122070312,SPY,2026-09-24 13:35 UTC
590.0,0.0,0.0,2.0,963.0,put,0.9808219178082191,2027-09-17,764.7000122070312,SPY,2026-09-24 13:35 UTC
595.0,0.0,0.0,3.0,802.0,put,0.9808219178082191,2027-09-17,764.7000122070312,SPY,2026-09-24 13:35 UTC
600.0,0.0,0.0,31.0,4409.0,put,0.9808219178082191,2027-09-17,764.7000122070312,SPY,2026-09-24 13:35 UTC
605.0,0.0,0.0,324.0,1236.0,put,0.9808219178082191,2027-09-17,764.7000122070312,SPY,2026-09-24 13:35 UTC
610.0,0.0,0.0,13.0,802.0,put,0.9808219178082191,2027-09-17,764.7000122070312,SPY,2026-09-24 13:35 UTC
615.0,0.0,0.0,36.0,784.0,put,0.9808219178082191,2027-09-17,764.7000122070312,SPY,2026-09-24 13:35 UTC
620.0,0.0,0.0,11.0,1354.0,put,0.9808219178082191,2027-09-17,764.7000122070312,SPY,2026-09-24 13:35 UTC
625.0,0.0,0.0,28.0,976.0,put,0.9808219178082191,2027-09-17,764.7000122070312,SPY,2026-09-24 13:35 UTC
630.0,0.0,0.0,2.0,554.0,put,0.9808219178082191,2027-09-17,764.7000122070312,SPY,2026-09-24 13:35 UTC
635.0,0.0,0.0,8.0,263.0,put,0.9808219178082191,2027-09-17,764.7000122070312,SPY,2026-09-24 13:35 UTC
640.0,0.0,0.0,1.0,324.0,put,0.9808219178082191,2027-09-17,764.7000122070312,SPY,2026-09-24 13:35 UTC
645.0,0.0,0.0,1500.0,2044.0,put,0.9808219178082191,2027-09-17,764.7000122070312,SPY,2026-09-24 13:35 UTC
650.0,0.0,0.0,9.0,3766.0,put,0.9808219178082191,2027-09-17,764.7000122070312,SPY,2026-09-24 13:35 UTC
655.0,0.0,0.0,5.0,378.0,put,0.9808219178082191,2027-09-17,764.7000122070312,SPY,2026-09-24 13:35 UTC
660.0,0.0,0.0,8.0,5233.0,put,0.9808219178082191,2027-09-17,764.7000122070312,SPY,2026-09-24 13:35 UTC
665.0,0.0,0.0,2.0,583.0,put,0.9808219178082191,2027-09-17,764.7000122070312,SPY,2026-09-24 13:35 UTC
670.0,0.0,0.0,3.0,702.0,put,0.9808219178082191,2027-09-17,764.7000122070312,SPY,2026-09-24 13:35 UTC
675.0,0.0,0.0,15.0,3471.0,put,0.9808219178082191,2027-09-17,764.7000122070312,SPY,2026-09-24 13:35 UTC
680.0,0.0,0.0,1.0,405.0,put,0.9808219178082191,2027-09-17,764.7000122070312,SPY,2026-09-24 13:35 UTC
685.0,0.0,0.0,4.0,1886.0,put,0.9808219178082191,2027-09-17,764.7000122070312,SPY,2026-09-24 13:35 UTC
690.0,0.0,0.0,3.0,1623.0,put,0.9808219178082191,2027-09-17,764.7000122070312,SPY,2026-09-24 13:35 UTC
695.0,0.0,0.0,4.0,739.0,put,0.9808219178082191,2027-09-17,764.7000122070312,SPY,2026-09-24 13:35 UTC
700.0,0.0,0.0,1040.0,9085.0,put,0.9808219178082191,2027-09-17,764.7000122070312,SPY,2026-09-24 13:35 UTC
705.0,0.0,0.0,4.0,5154.0,put,0.9808219178082191,2027-09-17,764.7000122070312,SPY,2026-09-24 13:35 UTC
710.0,0.0,0.0,3.0,1545.0,put,0.9808219178082191,2027-09-17,764.7000122070312,SPY,2026-09-24 13:35 UTC
715.0,0.0,0.0,1.0,1537.0,put,0.9808219178082191,2027-09-17,764.7000122070312,SPY,2026-09-24 13:35 UTC
720.0,0.0,0.0,1.0,2862.0,put,0.9808219178082191,2027-09-17,764.7000122070312,SPY,2026-09-24 13:35 UTC
725.0,0.0,0.0,1.0,8082.0,put,0.9808219178082191,2027-09-17,764.7000122070312,SPY,2026-09-24 13:35 UTC
730.0,0.0,0.0,37.0,2162.0,put,0.9808219178082191,2027-09-17,764.7000122070312,SPY,2026-09-24 13:35 UTC
735.0,0.0,0.0,10.0,1729.0,put,0.9808219178082191,2027-09-17,764.7000122070312,SPY,2026-09-24 13:35 UTC
740.0,0.0,0.0,27.0,707.0,put,0.9808219178082191,2027-09-17,764.7000122070312,SPY,2026-09-24 13:35 UTC
745.0,0.0,0.0,1.0,365.0,put,0.9808219178082191,2027-09-17,764.7000122070312,SPY,2026-09-24 13:35 UTC
750.0,0.0,0.0,18.0,1208.0,put,0.9808219178082191,2027-09-17,764.7000122070312,SPY,2026-09-24 13:35 UTC
755.0,0.0,0.0,11.0,989.0,put,0.9808219178082191,2027-09-17,764.7000122070312,SPY,2026-09-24 13:35 UTC
760.0,0.0,0.0,9.0,1104.0,put,0.9808219178082191,2027-09-17,764.7000122070312,SPY,2026-09-24 13:35 UTC
765.0,0.0,0.0,81.0,1728.0,put,0.9808219178082191,2027-09-17,764.7000122070312,SPY,2026-09-24 13:35 UTC
770.0,0.0,0.0,116.0,6172.0,put,0.9808219178082191,2027-09-17,764.7000122070312,SPY,2026-09-24 13:35 UTC
775.0,0.0,0.0,200.0,2520.0,put,0.9808219178082191,2027-09-17,764.7000122070312,SPY,2026-09-24 13:35 UTC
780.0,0.0,0.0,1.0,979.0,put,0.9808219178082191,2027-09-17,764.7000122070312,SPY,2026-09-24 13:35 UTC
785.0,0.0,0.0,8.0,1019.0,put,0.9808219178082191,2027-09-17,764.7000122070312,SPY,2026-09-24 13:35 UTC
790.0,0.0,0.0,285.0,739.0,put,0.9808219178082191,2027-09-17,764.7000122070312,SPY,2026-09-24 13:35 UTC
795.0,0.0,0.0,10.0,869.0,put,0.9808219178082191,2027-09-17,764.7000122070312,SPY,2026-09-24 13:35 UTC
800.0,0.0,0.0,1.0,3068.0,put,0.9808219178082191,2027-09-17,764.7000122070312,SPY,2026-09-24 13:35 UTC
805.0,0.0,0.0,6.0,4887.0,put,0.9808219178082191,2027-09-17,764.7000122070312,SPY,2026-09-24 13:35 UTC
810.0,0.0,0.0,26.0,211.0,put,0.9808219178082191,2027-09-17,764.7000122070312,SPY,2026-09-24 13:35 UTC
815.0,0.0,0.0,453.0,3414.0,put,0.9808219178082191,2027-09-17,764.7000122070312,SPY,2026-09-24 13:35 UTC
820.0,0.0,0.0,165.0,5679.0,put,0.9808219178082191,2027-09-17,764.7000122070312,SPY,2026-09-24 13:35 UTC
825.0,0.0,0.0,1.0,2555.0,put,0.9808219178082191,2027-09-17,764.7000122070312,SPY,2026-09-24 13:35 UTC
830.0,0.0,0.0,17.0,2169.0,put,0.9808219178082191,2027-09-17,764.7000122070312,SPY,2026-09-24 13:35 UTC
835.0,0.0,0.0,8.0,439.0,put,0.9808219178082191,2027-09-17,764.7000122070312,SPY,2026-09-24 13:35 UTC
840.0,0.0,0.0,16.0,1950.0,put,0.9808219178082191,2027-09-17,764.7000122070312,SPY,2026-09-24 13:35 UTC
845.0,0.0,0.0,14.0,6878.0,put,0.9808219178082191,2027-09-17,764.7000122070312,SPY,2026-09-24 13:35 UTC
850.0,0.0,0.0,40.0,11984.0,put,0.9808219178082191,2027-09-17,764.7000122070312,SPY,2026-09-24 13:35 UTC
855.0,0.0,0.0,56.0,1560.0,put,0.9808219178082191,2027-09-17,764.7000122070312,SPY,2026-09-24 13:35 UTC
860.0,0.0,0.0,2.0,308.0,put,0.9808219178082191,2027-09-17,764.7000122070312,SPY,2026-09-24 13:35 UTC
865.0,0.0,0.0,1.0,6.0,put,0.9808219178082191,2027-09-17,764.7000122070312,SPY,2026-09-24 13:35 UTC
870.0,0.0,0.0,3.0,1.0,put,0.9808219178082191,2027-09-17,764.7000122070312,SPY,2026-09-24 13:35 UTC
875.0,0.0,0.0,6.0,0.0,put,0.9808219178082191,2027-09-17,764.7000122070312,SPY,2026-09-24 13:35 UTC
880.0,0.0,0.0,2.0,0.0,put,0.9808219178082191,2027-09-17,764.7000122070312,SPY,2026-09-24 13:35 UTC
885.0,0.0,0.0,2.0,0.0,put,0.9808219178082191,2027-09-17,764.7000122070312,SPY,2026-09-24 13:35 UTC
890.0,0.0,0.0,1.0,0.0,put,0.9808219178082191,2027-09-17,764.7000122070312,SPY,2026-09-24 13:35 UTC
900.0,0.0,0.0,1.0,14.0,put,0.9808219178082191,2027-09-17,764.7000122070312,SPY,2026-09-24 13:35 UTC
910.0,0.0,0.0,10.0,0.0,put,0.9808219178082191,2027-09-17,764.7000122070312,SPY,2026-09-24 13:35 UTC
955.0,0.0,0.0,,0.0,put,0.9808219178082191,2027-09-17,764.7000122070312,SPY,2026-09-24 13:35 UTC
960.0,194.0,198.76,1.0,0.0,put,0.9808219178082191,2027-09-17,764.7000122070312,SPY,2026-09-24 13:35 UTC
1075.0,0.0,0.0,,0.0,put,0.9808219178082191,2027-09-17,764.7000122070312,SPY,2026-09-24 13:35 UTC
50.0,0.0,0.0,20.0,10.0,call,1.326027397260274,2028-01-21,764.7000122070312,SPY,2026-09-24 13:35 UTC
60.0,619.25,624.0,1.0,1.0,call,1.326027397260274,2028-01-21,764.7000122070312,SPY,2026-09-24 13:35 UTC
100.0,0.0,0.0,1.0,0.0,call,1.326027397260274,2028-01-21,764.7000122070312,SPY,2026-09-24 13:35 UTC
105.0,585.73,590.5,4.0,0.0,call,1.326027397260274,2028-01-21,764.7000122070312,SPY,2026-09-24 13:35 UTC
110.0,580.81,585.5,4.0,0.0,call,1.326027397260274,2028-01-21,764.7000122070312,SPY,2026-09-24 13:35 UTC
115.0,576.09,579.0,4.0,0.0,call,1.326027397260274,2028-01-21,764.7000122070312,SPY,2026-09-24 13:35 UTC
120.0,570.53,575.0,2.0,1.0,call,1.326027397260274,2028-01-21,764.7000122070312,SPY,2026-09-24 13:35 UTC
130.0,561.2,564.0,60.0,0.0,call,1.326027397260274,2028-01-21,764.7000122070312,SPY,2026-09-24 13:35 UTC
135.0,556.1,560.5,,0.0,call,1.326027397260274,2028-01-21,764.7000122070312,SPY,2026-09-24 13:35 UTC
140.0,551.18,556.0,30.0,0.0,call,1.326027397260274,2028-01-21,764.7000122070312,SPY,2026-09-24 13:35 UTC
150.0,0.0,0.0,4.0,4.0,call,1.326027397260274,2028-01-21,764.7000122070312,SPY,2026-09-24 13:35 UTC
180.0,559.13,563.0,10.0,0.0,call,1.326027397260274,2028-01-21,764.7000122070312,SPY,2026-09-24 13:35 UTC
185.0,0.0,0.0,2.0,0.0,call,1.326027397260274,2028-01-21,764.7000122070312,SPY,2026-09-24 13:35 UTC
195.0,493.72,498.72,1.0,0.0,call,1.326027397260274,2028-01-21,764.7000122070312,SPY,2026-09-24 13:35 UTC
200.0,0.0,0.0,4.0,283.0,call,1.326027397260274,2028-01-21,764.7000122070312,SPY,2026-09-24 13:35 UTC
220.0,476.0,480.5,1.0,3.0,call,1.326027397260274,2028-01-21,764.7000122070312,SPY,2026-09-24 13:35 UTC
225.0,519.5,523.91,,0.0,call,1.326027397260274,2028-01-21,764.7000122070312,SPY,2026-09-24 13:35 UTC
240.0,430.0,434.87,4.0,9.0,call,1.326027397260274,2028-01-21,764.7000122070312,SPY,2026-09-24 13:35 UTC
245.0,453.63,457.5,,1.0,call,1.326027397260274,2028-01-21,764.7000122070312,SPY,2026-09-24 13:35 UTC
250.0,0.0,0.0,1.0,0.0,call,1.326027397260274,2028-01-21,764.7000122070312,SPY,2026-09-24 13:35 UTC
255.0,428.19,433.0,,1.0,call,1.326027397260274,2028-01-21,764.7000122070312,SPY,2026-09-24 13:35 UTC
260.0,439.5,444.0,1.0,3.0,call,1.326027397260274,2028-01-21,764.7000122070312,SPY,2026-09-24 13:35 UTC
270.0,0.0,0.0,1.0,0.0,call,1.326027397260274,2028-01-21,764.7000122070312,SPY,2026-09-24 13:35 UTC
280.0,421.93,426.0,,1.0,call,1.326027397260274,2028-01-21,764.7000122070312,SPY,2026-09-24 13:35 UTC
285.0,465.0,469.31,,0.0,call,1.326027397260274,2028-01-21,764.7000122070312,SPY,2026-09-24 13:35 UTC
295.0,408.39,411.0,,5.0,call,1.326027397260274,2028-01-21,764.7000122070312,SPY,2026-09-24 13:35 UTC
300.0,464.13,469.0,1.0,37.0,call,1.326027397260274,2028-01-21,764.7000122070312,SPY,2026-09-24 13:35 UTC
305.0,447.0,450.99,,0.0,call,1.326027397260274,2028-01-21,764.7000122070312,SPY,2026-09-24 13:35 UTC
310.0,468.5,473.0,1.0,0.0,call,1.326027397260274,2028-01-21,764.7000122070312,SPY,2026-09-24 13:35 UTC
315.0,408.1,412.5,1.0,0.0,call,1.326027397260274,2028-01-21,764.7000122070312,SPY,2026-09-24 13:35 UTC
320.0,374.63,379.5,11.0,0.0,call,1.326027397260274,2028-01-21,764.7000122070312,SPY,2026-09-24 13:35 UTC
330.0,0.0,0.0,18.0,27.0,call,1.326027397260274,2028-01-21,764.7000122070312,SPY,2026-09-24 13:35 UTC
335.0,418.0,421.5,2.0,6.0,call,1.326027397260274,2028-01-21,764.7000122070312,SPY,2026-09-24 13:35 UTC
340.0,414.0,418.94,6.0,16.0,call,1.326027397260274,2028-01-21,764.7000122070312,SPY,2026-09-24 13:35 UTC
350.0,0.0,0.0,1.0,35.0,call,1.326027397260274,2028-01-21,764.7000122070312,SPY,2026-09-24 13:35 UTC
355.0,0.0,0.0,2.0,0.0,call,1.326027397260274,2028-01-21,764.7000122070312,SPY,2026-09-24 13:35 UTC
360.0,349.5,354.43,,9.0,call,1.326027397260274,2028-01-21,764.7000122070312,SPY,2026-09-24 13:35 UTC
365.0,0.0,0.0,10.0,0.0,call,1.326027397260274,2028-01-21,764.7000122070312,SPY,2026-09-24 13:35 UTC
370.0,387.0,391.94,1.0,2.0,call,1.326027397260274,2028-01-21,764.7000122070312,SPY,2026-09-24 13:35 UTC
375.0,0.0,0.0,5.0,0.0,call,1.326027397260274,2028-01-21,764.7000122070312,SPY,2026-09-24 13:35 UTC
380.0,0.0,0.0,1.0,3.0,call,1.326027397260274,2028-01-21,764.7000122070312,SPY,2026-09-24 13:35 UTC
385.0,328.21,332.0,1.0,1.0,call,1.326027397260274,2028-01-21,764.7000122070312,SPY,2026-09-24 13:35 UTC
390.0,0.0,0.0,1.0,0.0,call,1.326027397260274,2028-01-21,764.7000122070312,SPY,2026-09-24 13:35 UTC
395.0,0.0,0.0,1.0,0.0,call,1.326027397260274,2028-01-21,764.7000122070312,SPY,2026-09-24 13:35 UTC
400.0,0.0,0.0,1.0,120.0,call,1.326027397260274,2028-01-21,764.7000122070312,SPY,2026-09-24 13:35 UTC
405.0,0.0,0.0,1.0,2.0,call,1.326027397260274,2028-01-21,764.7000122070312,SPY,2026-09-24 13:35 UTC
410.0,0.0,0.0,1.0,0.0,call,1.326027397260274,2028-01-21,764.7000122070312,SPY,2026-09-24 13:35 UTC
415.0,0.0,0.0,1.0,0.0,call,1.326027397260274,2028-01-21,764.7000122070312,SPY,2026-09-24 13:35 UTC
420.0,362.79,367.5,1.0,21.0,call,1.326027397260274,2028-01-21,764.7000122070312,SPY,2026-09-24 13:35 UTC
425.0,338.0,342.78,1.0,26.0,call,1.326027397260274,2028-01-21,764.7000122070312,SPY,2026-09-24 13:35 UTC
430.0,353.77,358.5,16.0,71.0,call,1.326027397260274,2028-01-21,764.7000122070312,SPY,2026-09-24 13:35 UTC
435.0,0.0,0.0,1.0,0.0,call,1.326027397260274,2028-01-21,764.7000122070312,SPY,2026-09-24 13:35 UTC
440.0,344.77,349.5,16.0,50.0,call,1.326027397260274,2028-01-21,764.7000122070312,SPY,2026-09-24 13:35 UTC
445.0,275.44,280.0,1.0,1.0,call,1.326027397260274,2028-01-21,764.7000122070312,SPY,2026-09-24 13:35 UTC
450.0,0.0,0.0,1.0,41.0,call,1.326027397260274,2028-01-21,764.7000122070312,SPY,2026-09-24 13:35 UTC
455.0,325.5,330.45,1.0,3.0,call,1.326027397260274,2028-01-21,764.7000122070312,SPY,2026-09-24 13:35 UTC
460.0,0.0,0.0,1.0,131.0,call,1.326027397260274,2028-01-21,764.7000122070312,SPY,2026-09-24 13:35 UTC
465.0,0.0,0.0,8.0,0.0,call,1.326027397260274,2028-01-21,764.7000122070312,SPY,2026-09-24 13:35 UTC
470.0,322.42,327.0,7.0,7.0,call,1.326027397260274,2028-01-21,764.7000122070312,SPY,2026-09-24 13:35 UTC
475.0,308.0,312.86,1.0,40.0,call,1.326027397260274,2028-01-21,764.7000122070312,SPY,2026-09-24 13:35 UTC
480.0,0.0,0.0,1.0,17.0,call,1.326027397260274,2028-01-21,764.7000122070312,SPY,2026-09-24 13:35 UTC
485.0,304.63,309.0,2.0,42.0,call,1.326027397260274,2028-01-21,764.7000122070312,SPY,2026-09-24 13:35 UTC
490.0,304.53,309.0,2.0,13.0,call,1.326027397260274,2028-01-21,764.7000122070312,SPY,2026-09-24 13:35 UTC
495.0,295.8,300.5,1.0,11.0,call,1.326027397260274,2028-01-21,764.7000122070312,SPY,2026-09-24 13:35 UTC
500.0,0.0,0.0,3.0,124.0,call,1.326027397260274,2028-01-21,764.7000122070312,SPY,2026-09-24 13:35 UTC
505.0,291.21,296.0,1.0,9.0,call,1.326027397260274,2028-01-21,764.7000122070312,SPY,2026-09-24 13:35 UTC
510.0,286.78,291.5,2.0,112.0,call,1.326027397260274,2028-01-21,764.7000122070312,SPY,2026-09-24 13:35 UTC
515.0,260.27,265.0,2.0,4.0,call,1.326027397260274,2028-01-21,764.7000122070312,SPY,2026-09-24 13:35 UTC
520.0,0.0,0.0,1.0,161.0,call,1.326027397260274,2028-01-21,764.7000122070312,SPY,2026-09-24 13:35 UTC
525.0,0.0,0.0,1.0,41.0,call,1.326027397260274,2028-01-21,764.7000122070312,SPY,2026-09-24 13:35 UTC
530.0,0.0,0.0,3.0,0.0,call,1.326027397260274,2028-01-21,764.7000122070312,SPY,2026-09-24 13:35 UTC
535.0,0.0,0.0,10.0,325.0,call,1.326027397260274,2028-01-21,764.7000122070312,SPY,2026-09-24 13:35 UTC
540.0,0.0,0.0,2.0,82.0,call,1.326027397260274,2028-01-21,764.7000122070312,SPY,2026-09-24 13:35 UTC
545.0,0.0,0.0,2.0,27.0,call,1.326027397260274,2028-01-21,764.7000122070312,SPY,2026-09-24 13:35 UTC
550.0,0.0,0.0,1.0,757.0,call,1.326027397260274,2028-01-21,764.7000122070312,SPY,2026-09-24 13:35 UTC
555.0,0.0,0.0,33.0,0.0,call,1.326027397260274,2028-01-21,764.7000122070312,SPY,2026-09-24 13:35 UTC
560.0,0.0,0.0,1.0,62.0,call,1.326027397260274,2028-01-21,764.7000122070312,SPY,2026-09-24 13:35 UTC
565.0,0.0,0.0,1.0,43.0,call,1.326027397260274,2028-01-21,764.7000122070312,SPY,2026-09-24 13:35 UTC
570.0,0.0,0.0,3.0,99.0,call,1.326027397260274,2028-01-21,764.7000122070312,SPY,2026-09-24 13:35 UTC
575.0,0.0,0.0,1.0,44.0,call,1.326027397260274,2028-01-21,764.7000122070312,SPY,2026-09-24 13:35 UTC
580.0,0.0,0.0,2.0,108.0,call,1.326027397260274,2028-01-21,764.7000122070312,SPY,2026-09-24 13:35 UTC
585.0,0.0,0.0,1.0,39.0,call,1.326027397260274,2028-01-21,764.7000122070312,SPY,2026-09-24 13:35 UTC
590.0,0.0,0.0,1.0,268.0,call,1.326027397260274,2028-01-21,764.7000122070312,SPY,2026-09-24 13:35 UTC
595.0,0.0,0.0,1.0,331.0,call,1.326027397260274,2028-01-21,764.7000122070312,SPY,2026-09-24 13:35 UTC
600.0,0.0,0.0,2.0,1582.0,call,1.326027397260274,2028-01-21,764.7000122070312,SPY,2026-09-24 13:35 UTC
605.0,0.0,0.0,1.0,87.0,call,1.326027397260274,2028-01-21,764.7000122070312,SPY,2026-09-24 13:35 UTC
610.0,0.0,0.0,6.0,381.0,call,1.326027397260274,2028-01-21,764.7000122070312,SPY,2026-09-24 13:35 UTC
615.0,0.0,0.0,5.0,78.0,call,1.326027397260274,2028-01-21,764.7000122070312,SPY,2026-09-24 13:35 UTC
620.0,0.0,0.0,5.0,248.0,call,1.326027397260274,2028-01-21,764.7000122070312,SPY,2026-09-24 13:35 UTC
625.0,0.0,0.0,1.0,72.0,call,1.326027397260274,2028-01-21,764.7000122070312,SPY,2026-09-24 13:35 UTC
630.0,0.0,0.0,1.0,224.0,call,1.326027397260274,2028-01-21,764.7000122070312,SPY,2026-09-24 13:35 UTC
635.0,0.0,0.0,7.0,156.0,call,1.326027397260274,2028-01-21,764.7000122070312,SPY,2026-09-24 13:35 UTC
640.0,0.0,0.0,1.0,660.0,call,1.326027397260274,2028-01-21,764.7000122070312,SPY,2026-09-24 13:35 UTC
645.0,172.19,177.0,5.0,137.0,call,1.326027397260274,2028-01-21,764.7000122070312,SPY,2026-09-24 13:35 UTC
650.0,0.0,0.0,2.0,605.0,call,1.326027397260274,2028-01-21,764.7000122070312,SPY,2026-09-24 13:35 UTC
655.0,0.0,0.0,3.0,365.0,call,1.326027397260274,2028-01-21,764.7000122070312,SPY,2026-09-24 13:35 UTC
660.0,0.0,0.0,18.0,656.0,call,1.326027397260274,2028-01-21,764.7000122070312,SPY,2026-09-24 13:35 UTC
665.0,0.0,0.0,1.0,281.0,call,1.326027397260274,2028-01-21,764.7000122070312,SPY,2026-09-24 13:35 UTC
670.0,0.0,0.0,1.0,457.0,call,1.326027397260274,2028-01-21,764.7000122070312,SPY,2026-09-24 13:35 UTC
675.0,0.0,0.0,10.0,897.0,call,1.326027397260274,2028-01-21,764.7000122070312,SPY,2026-09-24 13:35 UTC
680.0,0.0,0.0,3.0,1334.0,call,1.326027397260274,2028-01-21,764.7000122070312,SPY,2026-09-24 13:35 UTC
685.0,0.0,0.0,5.0,1016.0,call,1.326027397260274,2028-01-21,764.7000122070312,SPY,2026-09-24 13:35 UTC
690.0,0.0,0.0,2.0,1072.0,call,1.326027397260274,2028-01-21,764.7000122070312,SPY,2026-09-24 13:35 UTC
695.0,0.0,0.0,2.0,980.0,call,1.326027397260274,2028-01-21,764.7000122070312,SPY,2026-09-24 13:35 UTC
700.0,0.0,0.0,11.0,2641.0,call,1.326027397260274,2028-01-21,764.7000122070312,SPY,2026-09-24 13:35 UTC
705.0,0.0,0.0,2.0,539.0,call,1.326027397260274,2028-01-21,764.7000122070312,SPY,2026-09-24 13:35 UTC
710.0,0.0,0.0,7.0,438.0,call,1.326027397260274,2028-01-21,764.7000122070312,SPY,2026-09-24 13:35 UTC
715.0,0.0,0.0,1.0,269.0,call,1.326027397260274,2028-01-21,764.7000122070312,SPY,2026-09-24 13:35 UTC
720.0,0.0,0.0,2.0,601.0,call,1.326027397260274,2028-01-21,764.7000122070312,SPY,2026-09-24 13:35 UTC
725.0,0.0,0.0,1.0,479.0,call,1.326027397260274,2028-01-21,764.7000122070312,SPY,2026-09-24 13:35 UTC
730.0,0.0,0.0,1.0,1511.0,call,1.326027397260274,2028-01-21,764.7000122070312,SPY,2026-09-24 13:35 UTC
735.0,0.0,0.0,1.0,537.0,call,1.326027397260274,2028-01-21,764.7000122070312,SPY,2026-09-24 13:35 UTC
740.0,0.0,0.0,1.0,357.0,call,1.326027397260274,2028-01-21,764.7000122070312,SPY,2026-09-24 13:35 UTC
745.0,0.0,0.0,1.0,974.0,call,1.326027397260274,2028-01-21,764.7000122070312,SPY,2026-09-24 13:35 UTC
750.0,0.0,0.0,1.0,4863.0,call,1.326027397260274,2028-01-21,764.7000122070312,SPY,2026-09-24 13:35 UTC
755.0,0.0,0.0,1.0,1629.0,call,1.326027397260274,2028-01-21,764.7000122070312,SPY,2026-09-24 13:35 UTC
760.0,0.0,0.0,183.0,2483.0,call,1.326027397260274,2028-01-21,764.7000122070312,SPY,2026-09-24 13:35 UTC
765.0,0.0,0.0,1.0,2943.0,call,1.326027397260274,2028-01-21,764.7000122070312,SPY,2026-09-24 13:35 UTC
770.0,0.0,0.0,6.0,661.0,call,1.326027397260274,2028-01-21,764.7000122070312,SPY,2026-09-24 13:35 UTC
775.0,0.0,0.0,1.0,674.0,call,1.326027397260274,2028-01-21,764.7000122070312,SPY,2026-09-24 13:35 UTC
780.0,0.0,0.0,3.0,1027.0,call,1.326027397260274,2028-01-21,764.7000122070312,SPY,2026-09-24 13:35 UTC
785.0,0.0,0.0,7.0,1337.0,call,1.326027397260274,2028-01-21,764.7000122070312,SPY,2026-09-24 13:35 UTC
790.0,0.0,0.0,1.0,1142.0,call,1.326027397260274,2028-01-21,764.7000122070312,SPY,2026-09-24 13:35 UTC
795.0,0.0,0.0,40.0,850.0,call,1.326027397260274,2028-01-21,764.7000122070312,SPY,2026-09-24 13:35 UTC
800.0,0.0,0.0,15.0,1768.0,call,1.326027397260274,2028-01-21,764.7000122070312,SPY,2026-09-24 13:35 UTC
805.0,0.0,0.0,7.0,666.0,call,1.326027397260274,2028-01-21,764.7000122070312,SPY,2026-09-24 13:35 UTC
810.0,0.0,0.0,7.0,1196.0,call,1.326027397260274,2028-01-21,764.7000122070312,SPY,2026-09-24 13:35 UTC
815.0,0.0,0.0,133.0,1670.0,call,1.326027397260274,2028-01-21,764.7000122070312,SPY,2026-09-24 13:35 UTC
820.0,0.0,0.0,19.0,1820.0,call,1.326027397260274,2028-01-21,764.7000122070312,SPY,2026-09-24 13:35 UTC
825.0,0.0,0.0,189.0,1892.0,call,1.326027397260274,2028-01-21,764.7000122070312,SPY,2026-09-24 13:35 UTC
830.0,0.0,0.0,253.0,1878.0,call,1.326027397260274,2028-01-21,764.7000122070312,SPY,2026-09-24 13:35 UTC
835.0,0.0,0.0,6.0,1144.0,call,1.326027397260274,2028-01-21,764.7000122070312,SPY,2026-09-24 13:35 UTC
840.0,0.0,0.0,2.0,1791.0,call,1.326027397260274,2028-01-21,764.7000122070312,SPY,2026-09-24 13:35 UTC
845.0,0.0,0.0,4.0,1141.0,call,1.326027397260274,2028-01-21,764.7000122070312,SPY,2026-09-24 13:35 UTC
850.0,0.0,0.0,15.0,1291.0,call,1.326027397260274,2028-01-21,764.7000122070312,SPY,2026-09-24 13:35 UTC
855.0,0.0,0.0,4.0,530.0,call,1.326027397260274,2028-01-21,764.7000122070312,SPY,2026-09-24 13:35 UTC
860.0,0.0,0.0,6.0,568.0,call,1.326027397260274,2028-01-21,764.7000122070312,SPY,2026-09-24 13:35 UTC
865.0,0.0,0.0,3.0,371.0,call,1.326027397260274,2028-01-21,764.7000122070312,SPY,2026-09-24 13:35 UTC
870.0,0.0,0.0,2.0,450.0,call,1.326027397260274,2028-01-21,764.7000122070312,SPY,2026-09-24 13:35 UTC
875.0,0.0,0.0,559.0,1409.0,call,1.326027397260274,2028-01-21,764.7000122070312,SPY,2026-09-24 13:35 UTC
880.0,0.0,0.0,141.0,685.0,call,1.326027397260274,2028-01-21,764.7000122070312,SPY,2026-09-24 13:35 UTC
885.0,0.0,0.0,86.0,1037.0,call,1.326027397260274,2028-01-21,764.7000122070312,SPY,2026-09-24 13:35 UTC
890.0,0.0,0.0,47.0,1093.0,call,1.326027397260274,2028-01-21,764.7000122070312,SPY,2026-09-24 13:35 UTC
895.0,0.0,0.0,1.0,1192.0,call,1.326027397260274,2028-01-21,764.7000122070312,SPY,2026-09-24 13:35 UTC
900.0,0.0,0.0,7.0,2298.0,call,1.326027397260274,2028-01-21,764.7000122070312,SPY,2026-09-24 13:35 UTC
905.0,0.0,0.0,51.0,735.0,call,1.326027397260274,2028-01-21,764.7000122070312,SPY,2026-09-24 13:35 UTC
910.0,0.0,0.0,1.0,1227.0,call,1.326027397260274,2028-01-21,764.7000122070312,SPY,2026-09-24 13:35 UTC
915.0,0.0,0.0,8.0,562.0,call,1.326027397260274,2028-01-21,764.7000122070312,SPY,2026-09-24 13:35 UTC
920.0,0.0,0.0,23.0,497.0,call,1.326027397260274,2028-01-21,764.7000122070312,SPY,2026-09-24 13:35 UTC
925.0,0.0,0.0,1.0,192.0,call,1.326027397260274,2028-01-21,764.7000122070312,SPY,2026-09-24 13:35 UTC
930.0,0.0,0.0,1.0,828.0,call,1.326027397260274,2028-01-21,764.7000122070312,SPY,2026-09-24 13:35 UTC
935.0,0.0,0.0,3.0,273.0,call,1.326027397260274,2028-01-21,764.7000122070312,SPY,2026-09-24 13:35 UTC
940.0,0.0,0.0,2.0,203.0,call,1.326027397260274,2028-01-21,764.7000122070312,SPY,2026-09-24 13:35 UTC
945.0,0.0,0.0,3.0,153.0,call,1.326027397260274,2028-01-21,764.7000122070312,SPY,2026-09-24 13:35 UTC
950.0,0.0,0.0,1.0,802.0,call,1.326027397260274,2028-01-21,764.7000122070312,SPY,2026-09-24 13:35 UTC
955.0,0.0,0.0,1.0,275.0,call,1.326027397260274,2028-01-21,764.7000122070312,SPY,2026-09-24 13:35 UTC
960.0,0.0,0.0,13.0,805.0,call,1.326027397260274,2028-01-21,764.7000122070312,SPY,2026-09-24 13:35 UTC
965.0,0.0,0.0,2.0,1312.0,call,1.326027397260274,2028-01-21,764.7000122070312,SPY,2026-09-24 13:35 UTC
970.0,0.0,0.0,1.0,1407.0,call,1.326027397260274,2028-01-21,764.7000122070312,SPY,2026-09-24 13:35 UTC
975.0,0.0,0.0,1.0,98.0,call,1.326027397260274,2028-01-21,764.7000122070312,SPY,2026-09-24 13:35 UTC
980.0,0.0,0.0,1.0,365.0,call,1.326027397260274,2028-01-21,764.7000122070312,SPY,2026-09-24 13:35 UTC
985.0,0.0,0.0,1.0,53.0,call,1.326027397260274,2028-01-21,764.7000122070312,SPY,2026-09-24 13:35 UTC
990.0,0.0,0.0,4.0,813.0,call,1.326027397260274,2028-01-21,764.7000122070312,SPY,2026-09-24 13:35 UTC
995.0,0.0,0.0,3.0,775.0,call,1.326027397260274,2028-01-21,764.7000122070312,SPY,2026-09-24 13:35 UTC
1000.0,0.0,0.0,520.0,16518.0,call,1.326027397260274,2028-01-21,764.7000122070312,SPY,2026-09-24 13:35 UTC
1005.0,0.0,0.0,5.0,1266.0,call,1.326027397260274,2028-01-21,764.7000122070312,SPY,2026-09-24 13:35 UTC
1010.0,0.0,0.0,365.0,6509.0,call,1.326027397260274,2028-01-21,764.7000122070312,SPY,2026-09-24 13:35 UTC
1015.0,0.0,0.0,8.0,6662.0,call,1.326027397260274,2028-01-21,764.7000122070312,SPY,2026-09-24 13:35 UTC
1020.0,0.0,0.0,1.0,5055.0,call,1.326027397260274,2028-01-21,764.7000122070312,SPY,2026-09-24 13:35 UTC
1025.0,0.0,0.0,36.0,5139.0,call,1.326027397260274,2028-01-21,764.7000122070312,SPY,2026-09-24 13:35 UTC
1030.0,0.0,0.0,1.0,6221.0,call,1.326027397260274,2028-01-21,764.7000122070312,SPY,2026-09-24 13:35 UTC
1035.0,0.0,0.0,597.0,2282.0,call,1.326027397260274,2028-01-21,764.7000122070312,SPY,2026-09-24 13:35 UTC
1040.0,0.0,0.0,1.0,2305.0,call,1.326027397260274,2028-01-21,764.7000122070312,SPY,2026-09-24 13:35 UTC
1045.0,0.0,0.0,2.0,4330.0,call,1.326027397260274,2028-01-21,764.7000122070312,SPY,2026-09-24 13:35 UTC
1050.0,0.0,0.0,8.0,6536.0,call,1.326027397260274,2028-01-21,764.7000122070312,SPY,2026-09-24 13:35 UTC
1055.0,0.0,0.0,13.0,7268.0,call,1.326027397260274,2028-01-21,764.7000122070312,SPY,2026-09-24 13:35 UTC
1060.0,0.0,0.0,2.0,6373.0,call,1.326027397260274,2028-01-21,764.7000122070312,SPY,2026-09-24 13:35 UTC
1065.0,0.0,0.0,1.0,4640.0,call,1.326027397260274,2028-01-21,764.7000122070312,SPY,2026-09-24 13:35 UTC
1070.0,0.0,0.0,15.0,1877.0,call,1.326027397260274,2028-01-21,764.7000122070312,SPY,2026-09-24 13:35 UTC
1075.0,0.0,0.0,924.0,2223.0,call,1.326027397260274,2028-01-21,764.7000122070312,SPY,2026-09-24 13:35 UTC
1080.0,0.0,0.0,950.0,1257.0,call,1.326027397260274,2028-01-21,764.7000122070312,SPY,2026-09-24 13:35 UTC
1085.0,0.0,0.0,19.0,0.0,call,1.326027397260274,2028-01-21,764.7000122070312,SPY,2026-09-24 13:35 UTC
1090.0,0.0,0.0,1456.0,1408.0,call,1.326027397260274,2028-01-21,764.7000122070312,SPY,2026-09-24 13:35 UTC
1095.0,0.0,0.0,3.0,4.0,call,1.326027397260274,2028-01-21,764.7000122070312,SPY,2026-09-24 13:35 UTC
1100.0,0.0,0.0,3.0,814.0,call,1.326027397260274,2028-01-21,764.7000122070312,SPY,2026-09-24 13:35 UTC
1105.0,0.0,0.0,342.0,346.0,call,1.326027397260274,2028-01-21,764.7000122070312,SPY,2026-09-24 13:35 UTC
1110.0,0.0,0.0,1.0,87.0,call,1.326027397260274,2028-01-21,764.7000122070312,SPY,2026-09-24 13:35 UTC
1115.0,0.0,0.0,1.0,8.0,call,1.326027397260274,2028-01-21,764.7000122070312,SPY,2026-09-24 13:35 UTC
1120.0,0.0,0.0,3.0,203.0,call,1.326027397260274,2028-01-21,764.7000122070312,SPY,2026-09-24 13:35 UTC
1125.0,0.0,0.0,4.0,34.0,call,1.326027397260274,2028-01-21,764.7000122070312,SPY,2026-09-24 13:35 UTC
1130.0,0.0,0.0,1.0,0.0,call,1.326027397260274,2028-01-21,764.7000122070312,SPY,2026-09-24 13:35 UTC
1135.0,0.0,0.0,80.0,126.0,call,1.326027397260274,2028-01-21,764.7000122070312,SPY,2026-09-24 13:35 UTC
1140.0,0.0,0.0,7.0,441.0,call,1.326027397260274,2028-01-21,764.7000122070312,SPY,2026-09-24 13:35 UTC
1150.0,0.0,0.0,1.0,837.0,call,1.326027397260274,2028-01-21,764.7000122070312,SPY,2026-09-24 13:35 UTC
1160.0,0.0,0.0,19.0,57.0,call,1.326027397260274,2028-01-21,764.7000122070312,SPY,2026-09-24 13:35 UTC
1170.0,0.0,0.0,1.0,82.0,call,1.326027397260274,2028-01-21,764.7000122070312,SPY,2026-09-24 13:35 UTC
1180.0,0.0,0.0,280.0,1093.0,call,1.326027397260274,2028-01-21,764.7000122070312,SPY,2026-09-24 13:35 UTC
1190.0,0.59,0.62,2.0,46.0,call,1.326027397260274,2028-01-21,764.7000122070312,SPY,2026-09-24 13:35 UTC
1200.0,0.0,0.0,6.0,1811.0,call,1.326027397260274,2028-01-21,764.7000122070312,SPY,2026-09-24 13:35 UTC
1210.0,0.0,0.0,1.0,48.0,call,1.326027397260274,2028-01-21,764.7000122070312,SPY,2026-09-24 13:35 UTC
1220.0,0.58,0.62,5.0,41.0,call,1.326027397260274,2028-01-21,764.7000122070312,SPY,2026-09-24 13:35 UTC
1230.0,0.43,0.47,9.0,51.0,call,1.326027397260274,2028-01-21,764.7000122070312,SPY,2026-09-24 13:35 UTC
1240.0,0.42,0.46,1.0,155.0,call,1.326027397260274,2028-01-21,764.7000122070312,SPY,2026-09-24 13:35 UTC
1250.0,0.0,0.0,1.0,322.0,call,1.326027397260274,2028-01-21,764.7000122070312,SPY,2026-09-24 13:35 UTC
1260.0,0.0,0.0,1.0,140.0,call,1.326027397260274,2028-01-21,764.7000122070312,SPY,2026-09-24 13:35 UTC
1270.0,0.0,0.0,30.0,142.0,call,1.326027397260274,2028-01-21,764.7000122070312,SPY,2026-09-24 13:35 UTC
1280.0,0.0,0.0,3.0,191.0,call,1.326027397260274,2028-01-21,764.7000122070312,SPY,2026-09-24 13:35 UTC
1290.0,0.0,0.0,1.0,0.0,call,1.326027397260274,2028-01-21,764.7000122070312,SPY,2026-09-24 13:35 UTC
1300.0,0.0,0.0,30.0,876.0,call,1.326027397260274,2028-01-21,764.7000122070312,SPY,2026-09-24 13:35 UTC
1310.0,0.0,0.0,1.0,204.0,call,1.326027397260274,2028-01-21,764.7000122070312,SPY,2026-09-24 13:35 UTC
1320.0,0.0,0.0,1.0,234.0,call,1.326027397260274,2028-01-21,764.7000122070312,SPY,2026-09-24 13:35 UTC
1330.0,0.0,0.0,1.0,1478.0,call,1.326027397260274,2028-01-21,764.7000122070312,SPY,2026-09-24 13:35 UTC
1340.0,0.0,0.0,10.0,4869.0,call,1.326027397260274,2028-01-21,764.7000122070312,SPY,2026-09-24 13:35 UTC
1350.0,0.0,0.0,2.0,8.0,call,1.326027397260274,2028-01-21,764.7000122070312,SPY,2026-09-24 13:35 UTC
1360.0,0.19,0.23,1.0,1.0,call,1.326027397260274,2028-01-21,764.7000122070312,SPY,2026-09-24 13:35 UTC
1380.0,0.0,0.0,1.0,9.0,call,1.326027397260274,2028-01-21,764.7000122070312,SPY,2026-09-24 13:35 UTC
1390.0,0.0,0.0,1.0,6.0,call,1.326027397260274,2028-01-21,764.7000122070312,SPY,2026-09-24 13:35 UTC
1400.0,0.0,0.0,1.0,0.0,call,1.326027397260274,2028-01-21,764.7000122070312,SPY,2026-09-24 13:35 UTC
1410.0,0.0,0.0,10.0,110.0,call,1.326027397260274,2028-01-21,764.7000122070312,SPY,2026-09-24 13:35 UTC
1420.0,0.0,0.0,1.0,0.0,call,1.326027397260274,2028-01-21,764.7000122070312,SPY,2026-09-24 13:35 UTC
1430.0,0.0,0.0,50.0,59.0,call,1.326027397260274,2028-01-21,764.7000122070312,SPY,2026-09-24 13:35 UTC
1440.0,0.0,0.0,2.0,24.0,call,1.326027397260274,2028-01-21,764.7000122070312,SPY,2026-09-24 13:35 UTC
1450.0,0.0,0.0,100.0,119.0,call,1.326027397260274,2028-01-21,764.7000122070312,SPY,2026-09-24 13:35 UTC
1460.0,0.0,0.0,4.0,14.0,call,1.326027397260274,2028-01-21,764.7000122070312,SPY,2026-09-24 13:35 UTC
1470.0,0.0,0.0,1.0,92.0,call,1.326027397260274,2028-01-21,764.7000122070312,SPY,2026-09-24 13:35 UTC
1480.0,0.0,0.0,35.0,4212.0,call,1.326027397260274,2028-01-21,764.7000122070312,SPY,2026-09-24 13:35 UTC
50.0,0.0,0.0,451.0,3375.0,put,1.326027397260274,2028-01-21,764.7000122070312,SPY,2026-09-24 13:35 UTC
55.0,0.03,0.07,1.0,6.0,put,1.326027397260274,2028-01-21,764.7000122070312,SPY,2026-09-24 13:35 UTC
60.0,0.05,0.08,4.0,15.0,put,1.326027397260274,2028-01-21,764.7000122070312,SPY,2026-09-24 13:35 UTC
65.0,0.0,0.0,1.0,0.0,put,1.326027397260274,2028-01-21,764.7000122070312,SPY,2026-09-24 13:35 UTC
70.0,0.0,0.0,16.0,0.0,put,1.326027397260274,2028-01-21,764.7000122070312,SPY,2026-09-24 13:35 UTC
75.0,0.0,0.0,1.0,11.0,put,1.326027397260274,2028-01-21,764.7000122070312,SPY,2026-09-24 13:35 UTC
80.0,0.17,0.22,1.0,10.0,put,1.326027397260274,2028-01-21,764.7000122070312,SPY,2026-09-24 13:35 UTC
85.0,0.0,0.0,5.0,12.0,put,1.326027397260274,2028-01-21,764.7000122070312,SPY,2026-09-24 13:35 UTC
90.0,0.0,0.0,1.0,0.0,put,1.326027397260274,2028-01-21,764.7000122070312,SPY,2026-09-24 13:35 UTC
95.0,0.0,0.0,2.0,0.0,put,1.326027397260274,2028-01-21,764.7000122070312,SPY,2026-09-24 13:35 UTC
100.0,0.0,0.0,372.0,27034.0,put,1.326027397260274,2028-01-21,764.7000122070312,SPY,2026-09-24 13:35 UTC
105.0,0.23,0.29,5.0,5.0,put,1.326027397260274,2028-01-21,764.7000122070312,SPY,2026-09-24 13:35 UTC
110.0,0.0,0.0,1.0,0.0,put,1.326027397260274,2028-01-21,764.7000122070312,SPY,2026-09-24 13:35 UTC
115.0,0.52,0.58,,2.0,put,1.326027397260274,2028-01-21,764.7000122070312,SPY,2026-09-24 13:35 UTC
120.0,0.0,0.0,1.0,0.0,put,1.326027397260274,2028-01-21,764.7000122070312,SPY,2026-09-24 13:35 UTC
125.0,0.37,0.43,3.0,4.0,put,1.326027397260274,2028-01-21,764.7000122070312,SPY,2026-09-24 13:35 UTC
130.0,0.0,0.0,1.0,97.0,put,1.326027397260274,2028-01-21,764.7000122070312,SPY,2026-09-24 13:35 UTC
135.0,0.0,0.0,1.0,361.0,put,1.326027397260274,2028-01-21,764.7000122070312,SPY,2026-09-24 13:35 UTC
140.0,0.0,0.0,50.0,251.0,put,1.326027397260274,2028-01-21,764.7000122070312,SPY,2026-09-24 13:35 UTC
145.0,0.0,0.0,51.0,306.0,put,1.326027397260274,2028-01-21,764.7000122070312,SPY,2026-09-24 13:35 UTC
150.0,0.0,0.0,1.0,249.0,put,1.326027397260274,2028-01-21,764.7000122070312,SPY,2026-09-24 13:35 UTC
155.0,0.0,0.0,50.0,119.0,put,1.326027397260274,2028-01-21,764.7000122070312,SPY,2026-09-24 13:35 UTC
160.0,0.0,0.0,50.0,893.0,put,1.326027397260274,2028-01-21,764.7000122070312,SPY,2026-09-24 13:35 UTC
165.0,0.0,0.0,50.0,157.0,put,1.326027397260274,2028-01-21,764.7000122070312,SPY,2026-09-24 13:35 UTC
170.0,0.0,0.0,50.0,109.0,put,1.326027397260274,2028-01-21,764.7000122070312,SPY,2026-09-24 13:35 UTC
175.0,0.0,0.0,53.0,134.0,put,1.326027397260274,2028-01-21,764.7000122070312,SPY,2026-09-24 13:35 UTC
180.0,0.0,0.0,50.0,662.0,put,1.326027397260274,2028-01-21,764.7000122070312,SPY,2026-09-24 13:35 UTC
185.0,0.0,0.0,10.0,0.0,put,1.326027397260274,2028-01-21,764.7000122070312,SPY,2026-09-24 13:35 UTC
190.0,0.0,0.0,6.0,29.0,put,1.326027397260274,2028-01-21,764.7000122070312,SPY,2026-09-24 13:35 UTC
195.0,0.65,0.68,1.0,48.0,put,1.326027397260274,2028-01-21,764.7000122070312,SPY,2026-09-24 13:35 UTC
200.0,0.0,0.0,2.0,1236.0,put,1.326027397260274,2028-01-21,764.7000122070312,SPY,2026-09-24 13:35 UTC
205.0,0.0,0.0,3.0,0.0,put,1.326027397260274,2028-01-21,764.7000122070312,SPY,2026-09-24 13:35 UTC
210.0,1.26,1.3,3.0,11.0,put,1.326027397260274,2028-01-21,764.7000122070312,SPY,2026-09-24 13:35 UTC
215.0,0.82,0.85,1.0,41.0,put,1.326027397260274,2028-01-21,764.7000122070312,SPY,2026-09-24 13:35 UTC
220.0,0.87,0.9,48.0,218.0,put,1.326027397260274,2028-01-21,764.7000122070312,SPY,2026-09-24 13:35 UTC
225.0,0.0,0.0,2.0,97.0,put,1.326027397260274,2028-01-21,764.7000122070312,SPY,2026-09-24 13:35 UTC
230.0,1.15,1.18,3.0,294.0,put,1.326027397260274,2028-01-21,764.7000122070312,SPY,2026-09-24 13:35 UTC
235.0,0.0,0.0,5.0,0.0,put,1.326027397260274,2028-01-21,764.7000122070312,SPY,2026-09-24 13:35 UTC
240.0,0.0,0.0,1.0,186.0,put,1.326027397260274,2028-01-21,764.7000122070312,SPY,2026-09-24 13:35 UTC
245.0,0.0,0.0,6.0,197.0,put,1.326027397260274,2028-01-21,764.7000122070312,SPY,2026-09-24 13:35 UTC
250.0,0.0,0.0,1.0,1597.0,put,1.326027397260274,2028-01-21,764.7000122070312,SPY,2026-09-24 13:35 UTC
255.0,1.45,1.48,3.0,37.0,put,1.326027397260274,2028-01-21,764.7000122070312,SPY,2026-09-24 13:35 UTC
260.0,0.0,0.0,1.0,50.0,put,1.326027397260274,2028-01-21,764.7000122070312,SPY,2026-09-24 13:35 UTC
265.0,0.0,0.0,103.0,277.0,put,1.326027397260274,2028-01-21,764.7000122070312,SPY,2026-09-24 13:35 UTC
270.0,0.0,0.0,1.0,0.0,put,1.326027397260274,2028-01-21,764.7000122070312,SPY,2026-09-24 13:35 UTC
275.0,0.0,0.0,2.0,547.0,put,1.326027397260274,2028-01-21,764.7000122070312,SPY,2026-09-24 13:35 UTC
280.0,0.0,0.0,1.0,32.0,put,1.326027397260274,2028-01-21,764.7000122070312,SPY,2026-09-24 13:35 UTC
285.0,0.0,0.0,2.0,675.0,put,1.326027397260274,2028-01-21,764.7000122070312,SPY,2026-09-24 13:35 UTC
290.0,0.0,0.0,6.0,580.0,put,1.326027397260274,2028-01-21,764.7000122070312,SPY,2026-09-24 13:35 UTC
295.0,0.0,0.0,3.0,24.0,put,1.326027397260274,2028-01-21,764.7000122070312,SPY,2026-09-24 13:35 UTC
300.0,0.0,0.0,1.0,117.0,put,1.326027397260274,2028-01-21,764.7000122070312,SPY,2026-09-24 13:35 UTC
305.0,0.0,0.0,3.0,115.0,put,1.326027397260274,2028-01-21,764.7000122070312,SPY,2026-09-24 13:35 UTC
310.0,0.0,0.0,105.0,689.0,put,1.326027397260274,2028-01-21,764.7000122070312,SPY,2026-09-24 13:35 UTC
315.0,2.0,2.03,2.0,12.0,put,1.326027397260274,2028-01-21,764.7000122070312,SPY,2026-09-24 13:35 UTC
320.0,0.0,0.0,10.0,302.0,put,1.326027397260274,2028-01-21,764.7000122070312,SPY,2026-09-24 13:35 UTC
325.0,0.0,0.0,2.0,88.0,put,1.326027397260274,2028-01-21,764.7000122070312,SPY,2026-09-24 13:35 UTC
330.0,0.0,0.0,3.0,120.0,put,1.326027397260274,2028-01-21,764.7000122070312,SPY,2026-09-24 13:35 UTC
335.0,0.0,0.0,6.0,91.0,put,1.326027397260274,2028-01-21,764.7000122070312,SPY,2026-09-24 13:35 UTC
340.0,0.0,0.0,4.0,749.0,put,1.326027397260274,2028-01-21,764.7000122070312,SPY,2026-09-24 13:35 UTC
345.0,0.0,0.0,1.0,0.0,put,1.326027397260274,2028-01-21,764.7000122070312,SPY,2026-09-24 13:35 UTC
350.0,0.0,0.0,3.0,389.0,put,1.326027397260274,2028-01-21,764.7000122070312,SPY,2026-09-24 13:35 UTC
355.0,0.0,0.0,1.0,2.0,put,1.326027397260274,2028-01-21,764.7000122070312,SPY,2026-09-24 13:35 UTC
360.0,0.0,0.0,1.0,53.0,put,1.326027397260274,2028-01-21,764.7000122070312,SPY,2026-09-24 13:35 UTC
365.0,4.07,4.12,1.0,21.0,put,1.326027397260274,2028-01-21,764.7000122070312,SPY,2026-09-24 13:35 UTC
370.0,2.99,3.02,1.0,164.0,put,1.326027397260274,2028-01-21,764.7000122070312,SPY,2026-09-24 13:35 UTC
375.0,0.0,0.0,1.0,6271.0,put,1.326027397260274,2028-01-21,764.7000122070312,SPY,2026-09-24 13:35 UTC
380.0,0.0,0.0,1.0,0.0,put,1.326027397260274,2028-01-21,764.7000122070312,SPY,2026-09-24 13:35 UTC
385.0,0.0,0.0,1.0,7.0,put,1.326027397260274,2028-01-21,764.7000122070312,SPY,2026-09-24 13:35 UTC
390.0,0.0,0.0,2.0,33.0,put,1.326027397260274,2028-01-21,764.7000122070312,SPY,2026-09-24 13:35 UTC
395.0,0.0,0.0,1.0,12.0,put,1.326027397260274,2028-01-21,764.7000122070312,SPY,2026-09-24 13:35 UTC
400.0,0.0,0.0,15.0,1373.0,put,1.326027397260274,2028-01-21,764.7000122070312,SPY,2026-09-24 13:35 UTC
405.0,0.0,0.0,1.0,190.0,put,1.326027397260274,2028-01-21,764.7000122070312,SPY,2026-09-24 13:35 UTC
410.0,0.0,0.0,2.0,214.0,put,1.326027397260274,2028-01-21,764.7000122070312,SPY,2026-09-24 13:35 UTC
415.0,6.5,6.58,2.0,473.0,put,1.326027397260274,2028-01-21,764.7000122070312,SPY,2026-09-24 13:35 UTC
420.0,0.0,0.0,5.0,1073.0,put,1.326027397260274,2028-01-21,764.7000122070312,SPY,2026-09-24 13:35 UTC
425.0,0.0,0.0,4.0,1492.0,put,1.326027397260274,2028-01-21,764.7000122070312,SPY,2026-09-24 13:35 UTC
430.0,0.0,0.0,12.0,160.0,put,1.326027397260274,2028-01-21,764.7000122070312,SPY,2026-09-24 13:35 UTC
435.0,0.0,0.0,20.0,372.0,put,1.326027397260274,2028-01-21,764.7000122070312,SPY,2026-09-24 13:35 UTC
440.0,0.0,0.0,2.0,294.0,put,1.326027397260274,2028-01-21,764.7000122070312,SPY,2026-09-24 13:35 UTC
445.0,0.0,0.0,1.0,26.0,put,1.326027397260274,2028-01-21,764.7000122070312,SPY,2026-09-24 13:35 UTC
450.0,0.0,0.0,57.0,3626.0,put,1.326027397260274,2028-01-21,764.7000122070312,SPY,2026-09-24 13:35 UTC
455.0,0.0,0.0,1.0,4055.0,put,1.326027397260274,2028-01-21,764.7000122070312,SPY,2026-09-24 13:35 UTC
460.0,0.0,0.0,2.0,126.0,put,1.326027397260274,2028-01-21,764.7000122070312,SPY,2026-09-24 13:35 UTC
465.0,0.0,0.0,2.0,127.0,put,1.326027397260274,2028-01-21,764.7000122070312,SPY,2026-09-24 13:35 UTC
470.0,0.0,0.0,4.0,507.0,put,1.326027397260274,2028-01-21,764.7000122070312,SPY,2026-09-24 13:35 UTC
475.0,0.0,0.0,4.0,2129.0,put,1.326027397260274,2028-01-21,764.7000122070312,SPY,2026-09-24 13:35 UTC
480.0,0.0,0.0,1.0,1066.0,put,1.326027397260274,2028-01-21,764.7000122070312,SPY,2026-09-24 13:35 UTC
485.0,0.0,0.0,1.0,25.0,put,1.326027397260274,2028-01-21,764.7000122070312,SPY,2026-09-24 13:35 UTC
490.0,0.0,0.0,1.0,529.0,put,1.326027397260274,2028-01-21,764.7000122070312,SPY,2026-09-24 13:35 UTC
495.0,0.0,0.0,695.0,1101.0,put,1.326027397260274,2028-01-21,764.7000122070312,SPY,2026-09-24 13:35 UTC
500.0,0.0,0.0,15.0,6016.0,put,1.326027397260274,2028-01-21,764.7000122070312,SPY,2026-09-24 13:35 UTC
505.0,0.0,0.0,5.0,865.0,put,1.326027397260274,2028-01-21,764.7000122070312,SPY,2026-09-24 13:35 UTC
510.0,0.0,0.0,5.0,261.0,put,1.326027397260274,2028-01-21,764.7000122070312,SPY,2026-09-24 13:35 UTC
515.0,0.0,0.0,1.0,817.0,put,1.326027397260274,2028-01-21,764.7000122070312,SPY,2026-09-24 13:35 UTC
520.0,0.0,0.0,2.0,223.0,put,1.326027397260274,2028-01-21,764.7000122070312,SPY,2026-09-24 13:35 UTC
525.0,0.0,0.0,1.0,474.0,put,1.326027397260274,2028-01-21,764.7000122070312,SPY,2026-09-24 13:35 UTC
530.0,0.0,0.0,1.0,1507.0,put,1.326027397260274,2028-01-21,764.7000122070312,SPY,2026-09-24 13:35 UTC
535.0,0.0,0.0,83.0,845.0,put,1.326027397260274,2028-01-21,764.7000122070312,SPY,2026-09-24 13:35 UTC
540.0,0.0,0.0,741.0,987.0,put,1.326027397260274,2028-01-21,764.7000122070312,SPY,2026-09-24 13:35 UTC
545.0,0.0,0.0,8.0,364.0,put,1.326027397260274,2028-01-21,764.7000122070312,SPY,2026-09-24 13:35 UTC
550.0,0.0,0.0,8.0,1321.0,put,1.326027397260274,2028-01-21,764.7000122070312,SPY,2026-09-24 13:35 UTC
555.0,0.0,0.0,2.0,275.0,put,1.326027397260274,2028-01-21,764.7000122070312,SPY,2026-09-24 13:35 UTC
560.0,0.0,0.0,16.0,3521.0,put,1.326027397260274,2028-01-21,764.7000122070312,SPY,2026-09-24 13:35 UTC
565.0,0.0,0.0,3.0,645.0,put,1.326027397260274,2028-01-21,764.7000122070312,SPY,2026-09-24 13:35 UTC
570.0,0.0,0.0,7.0,1493.0,put,1.326027397260274,2028-01-21,764.7000122070312,SPY,2026-09-24 13:35 UTC
575.0,0.0,0.0,4.0,434.0,put,1.326027397260274,2028-01-21,764.7000122070312,SPY,2026-09-24 13:35 UTC
580.0,0.0,0.0,5.0,740.0,put,1.326027397260274,2028-01-21,764.7000122070312,SPY,2026-09-24 13:35 UTC
585.0,0.0,0.0,1.0,195.0,put,1.326027397260274,2028-01-21,764.7000122070312,SPY,2026-09-24 13:35 UTC
590.0,0.0,0.0,4.0,617.0,put,1.326027397260274,2028-01-21,764.7000122070312,SPY,2026-09-24 13:35 UTC
595.0,0.0,0.0,1.0,491.0,put,1.326027397260274,2028-01-21,764.7000122070312,SPY,2026-09-24 13:35 UTC
600.0,0.0,0.0,251.0,1853.0,put,1.326027397260274,2028-01-21,764.7000122070312,SPY,2026-09-24 13:35 UTC
605.0,0.0,0.0,4.0,3772.0,put,1.326027397260274,2028-01-21,764.7000122070312,SPY,2026-09-24 13:35 UTC
610.0,0.0,0.0,5.0,1589.0,put,1.326027397260274,2028-01-21,764.7000122070312,SPY,2026-09-24 13:35 UTC
615.0,0.0,0.0,13.0,1232.0,put,1.326027397260274,2028-01-21,764.7000122070312,SPY,2026-09-24 13:35 UTC
620.0,0.0,0.0,10.0,3444.0,put,1.326027397260274,2028-01-21,764.7000122070312,SPY,2026-09-24 13:35 UTC
625.0,0.0,0.0,5.0,875.0,put,1.326027397260274,2028-01-21,764.7000122070312,SPY,2026-09-24 13:35 UTC
630.0,0.0,0.0,8.0,1932.0,put,1.326027397260274,2028-01-21,764.7000122070312,SPY,2026-09-24 13:35 UTC
635.0,0.0,0.0,4.0,2701.0,put,1.326027397260274,2028-01-21,764.7000122070312,SPY,2026-09-24 13:35 UTC
640.0,0.0,0.0,1.0,7724.0,put,1.326027397260274,2028-01-21,764.7000122070312,SPY,2026-09-24 13:35 UTC
645.0,0.0,0.0,4.0,1335.0,put,1.326027397260274,2028-01-21,764.7000122070312,SPY,2026-09-24 13:35 UTC
650.0,0.0,0.0,1.0,6923.0,put,1.326027397260274,2028-01-21,764.7000122070312,SPY,2026-09-24 13:35 UTC
655.0,0.0,0.0,20.0,1513.0,put,1.326027397260274,2028-01-21,764.7000122070312,SPY,2026-09-24 13:35 UTC
660.0,0.0,0.0,3.0,2126.0,put,1.326027397260274,2028-01-21,764.7000122070312,SPY,2026-09-24 13:35 UTC
665.0,0.0,0.0,2.0,1738.0,put,1.326027397260274,2028-01-21,764.7000122070312,SPY,2026-09-24 13:35 UTC
670.0,0.0,0.0,1.0,1840.0,put,1.326027397260274,2028-01-21,764.7000122070312,SPY,2026-09-24 13:35 UTC
675.0,0.0,0.0,1.0,1828.0,put,1.326027397260274,2028-01-21,764.7000122070312,SPY,2026-09-24 13:35 UTC
680.0,0.0,0.0,2.0,2368.0,put,1.326027397260274,2028-01-21,764.7000122070312,SPY,2026-09-24 13:35 UTC
685.0,0.0,0.0,6.0,1520.0,put,1.326027397260274,2028-01-21,764.7000122070312,SPY,2026-09-24 13:35 UTC
690.0,0.0,0.0,2.0,2151.0,put,1.326027397260274,2028-01-21,764.7000122070312,SPY,2026-09-24 13:35 UTC
695.0,0.0,0.0,1.0,639.0,put,1.326027397260274,2028-01-21,764.7000122070312,SPY,2026-09-24 13:35 UTC
700.0,0.0,0.0,10.0,9353.0,put,1.326027397260274,2028-01-21,764.7000122070312,SPY,2026-09-24 13:35 UTC
705.0,0.0,0.0,8.0,912.0,put,1.326027397260274,2028-01-21,764.7000122070312,SPY,2026-09-24 13:35 UTC
710.0,0.0,0.0,1.0,391.0,put,1.326027397260274,2028-01-21,764.7000122070312,SPY,2026-09-24 13:35 UTC
715.0,0.0,0.0,3.0,800.0,put,1.326027397260274,2028-01-21,764.7000122070312,SPY,2026-09-24 13:35 UTC
720.0,0.0,0.0,1.0,809.0,put,1.326027397260274,2028-01-21,764.7000122070312,SPY,2026-09-24 13:35 UTC
725.0,0.0,0.0,3.0,381.0,put,1.326027397260274,2028-01-21,764.7000122070312,SPY,2026-09-24 13:35 UTC
730.0,0.0,0.0,17.0,519.0,put,1.326027397260274,2028-01-21,764.7000122070312,SPY,2026-09-24 13:35 UTC
735.0,0.0,0.0,1.0,183.0,put,1.326027397260274,2028-01-21,764.7000122070312,SPY,2026-09-24 13:35 UTC
740.0,0.0,0.0,5.0,1409.0,put,1.326027397260274,2028-01-21,764.7000122070312,SPY,2026-09-24 13:35 UTC
745.0,0.0,0.0,1.0,123.0,put,1.326027397260274,2028-01-21,764.7000122070312,SPY,2026-09-24 13:35 UTC
750.0,0.0,0.0,29.0,2147.0,put,1.326027397260274,2028-01-21,764.7000122070312,SPY,2026-09-24 13:35 UTC
755.0,0.0,0.0,10.0,4267.0,put,1.326027397260274,2028-01-21,764.7000122070312,SPY,2026-09-24 13:35 UTC
760.0,0.0,0.0,158.0,2682.0,put,1.326027397260274,2028-01-21,764.7000122070312,SPY,2026-09-24 13:35 UTC
765.0,0.0,0.0,2.0,3729.0,put,1.326027397260274,2028-01-21,764.7000122070312,SPY,2026-09-24 13:35 UTC
770.0,0.0,0.0,2.0,1195.0,put,1.326027397260274,2028-01-21,764.7000122070312,SPY,2026-09-24 13:35 UTC
775.0,0.0,0.0,1.0,1003.0,put,1.326027397260274,2028-01-21,764.7000122070312,SPY,2026-09-24 13:35 UTC
780.0,0.0,0.0,3.0,3676.0,put,1.326027397260274,2028-01-21,764.7000122070312,SPY,2026-09-24 13:35 UTC
785.0,0.0,0.0,2.0,3497.0,put,1.326027397260274,2028-01-21,764.7000122070312,SPY,2026-09-24 13:35 UTC
790.0,0.0,0.0,1.0,1361.0,put,1.326027397260274,2028-01-21,764.7000122070312,SPY,2026-09-24 13:35 UTC
795.0,0.0,0.0,152.0,573.0,put,1.326027397260274,2028-01-21,764.7000122070312,SPY,2026-09-24 13:35 UTC
800.0,0.0,0.0,14.0,639.0,put,1.326027397260274,2028-01-21,764.7000122070312,SPY,2026-09-24 13:35 UTC
805.0,0.0,0.0,2.0,301.0,put,1.326027397260274,2028-01-21,764.7000122070312,SPY,2026-09-24 13:35 UTC
810.0,0.0,0.0,1.0,159.0,put,1.326027397260274,2028-01-21,764.7000122070312,SPY,2026-09-24 13:35 UTC
815.0,0.0,0.0,1.0,2754.0,put,1.326027397260274,2028-01-21,764.7000122070312,SPY,2026-09-24 13:35 UTC
820.0,0.0,0.0,4.0,69.0,put,1.326027397260274,2028-01-21,764.7000122070312,SPY,2026-09-24 13:35 UTC
825.0,0.0,0.0,2.0,437.0,put,1.326027397260274,2028-01-21,764.7000122070312,SPY,2026-09-24 13:35 UTC
830.0,0.0,0.0,160.0,4132.0,put,1.326027397260274,2028-01-21,764.7000122070312,SPY,2026-09-24 13:35 UTC
835.0,0.0,0.0,1.0,812.0,put,1.326027397260274,2028-01-21,764.7000122070312,SPY,2026-09-24 13:35 UTC
840.0,0.0,0.0,2.0,745.0,put,1.326027397260274,2028-01-21,764.7000122070312,SPY,2026-09-24 13:35 UTC
845.0,0.0,0.0,3.0,239.0,put,1.326027397260274,2028-01-21,764.7000122070312,SPY,2026-09-24 13:35 UTC
850.0,0.0,0.0,10.0,119.0,put,1.326027397260274,2028-01-21,764.7000122070312,SPY,2026-09-24 13:35 UTC
855.0,0.0,0.0,2.0,3105.0,put,1.326027397260274,2028-01-21,764.7000122070312,SPY,2026-09-24 13:35 UTC
860.0,0.0,0.0,1.0,1400.0,put,1.326027397260274,2028-01-21,764.7000122070312,SPY,2026-09-24 13:35 UTC
865.0,0.0,0.0,2.0,13.0,put,1.326027397260274,2028-01-21,764.7000122070312,SPY,2026-09-24 13:35 UTC
870.0,0.0,0.0,3.0,6.0,put,1.326027397260274,2028-01-21,764.7000122070312,SPY,2026-09-24 13:35 UTC
875.0,0.0,0.0,1.0,3.0,put,1.326027397260274,2028-01-21,764.7000122070312,SPY,2026-09-24 13:35 UTC
880.0,0.0,0.0,2.0,0.0,put,1.326027397260274,2028-01-21,764.7000122070312,SPY,2026-09-24 13:35 UTC
890.0,0.0,0.0,8.0,0.0,put,1.326027397260274,2028-01-21,764.7000122070312,SPY,2026-09-24 13:35 UTC
900.0,0.0,0.0,10.0,10.0,put,1.326027397260274,2028-01-21,764.7000122070312,SPY,2026-09-24 13:35 UTC
905.0,0.0,0.0,1.0,0.0,put,1.326027397260274,2028-01-21,764.7000122070312,SPY,2026-09-24 13:35 UTC
910.0,0.0,0.0,10.0,0.0,put,1.326027397260274,2028-01-21,764.7000122070312,SPY,2026-09-24 13:35 UTC
915.0,160.5,165.5,50.0,0.0,put,1.326027397260274,2028-01-21,764.7000122070312,SPY,2026-09-24 13:35 UTC
950.0,178.5,183.38,,0.0,put,1.326027397260274,2028-01-21,764.7000122070312,SPY,2026-09-24 13:35 UTC
990.0,224.0,228.76,200.0,0.0,put,1.326027397260274,2028-01-21,764.7000122070312,SPY,2026-09-24 13:35 UTC
1000.0,234.0,238.76,2.0,1.0,put,1.326027397260274,2028-01-21,764.7000122070312,SPY,2026-09-24 13:35 UTC
1005.0,310.25,315.46,1.0,0.0,put,1.326027397260274,2028-01-21,764.7000122070312,SPY,2026-09-24 13:35 UTC
1100.0,405.21,410.41,,0.0,put,1.326027397260274,2028-01-21,764.7000122070312,SPY,2026-09-24 13:35 UTC
1340.0,657.57,662.78,2.0,0.0,put,1.326027397260274,2028-01-21,764.7000122070312,SPY,2026-09-24 13:35 UTC
50.0,0.0,0.0,2.0,0.0,call,2.2273972602739724,2028-12-15,764.7000122070312,SPY,2026-09-24 13:35 UTC
60.0,677.3,682.0,3.0,0.0,call,2.2273972602739724,2028-12-15,764.7000122070312,SPY,2026-09-24 13:35 UTC
70.0,0.0,0.0,,0.0,call,2.2273972602739724,2028-12-15,764.7000122070312,SPY,2026-09-24 13:35 UTC
90.0,647.5,650.0,1.0,0.0,call,2.2273972602739724,2028-12-15,764.7000122070312,SPY,2026-09-24 13:35 UTC
100.0,0.0,0.0,2.0,0.0,call,2.2273972602739724,2028-12-15,764.7000122070312,SPY,2026-09-24 13:35 UTC
110.0,657.57,662.5,,1.0,call,2.2273972602739724,2028-12-15,764.7000122070312,SPY,2026-09-24 13:35 UTC
120.0,647.54,652.47,1.0,0.0,call,2.2273972602739724,2028-12-15,764.7000122070312,SPY,2026-09-24 13:35 UTC
130.0,0.0,0.0,10.0,11.0,call,2.2273972602739724,2028-12-15,764.7000122070312,SPY,2026-09-24 13:35 UTC
140.0,0.0,0.0,10.0,16.0,call,2.2273972602739724,2028-12-15,764.7000122070312,SPY,2026-09-24 13:35 UTC
150.0,0.0,0.0,2.0,30.0,call,2.2273972602739724,2028-12-15,764.7000122070312,SPY,2026-09-24 13:35 UTC
160.0,0.0,0.0,1.0,1.0,call,2.2273972602739724,2028-12-15,764.7000122070312,SPY,2026-09-24 13:35 UTC
170.0,0.0,0.0,2.0,0.0,call,2.2273972602739724,2028-12-15,764.7000122070312,SPY,2026-09-24 13:35 UTC
180.0,0.0,0.0,1.0,4.0,call,2.2273972602739724,2028-12-15,764.7000122070312,SPY,2026-09-24 13:35 UTC
190.0,0.0,0.0,1.0,2.0,call,2.2273972602739724,2028-12-15,764.7000122070312,SPY,2026-09-24 13:35 UTC
200.0,0.0,0.0,1.0,97.0,call,2.2273972602739724,2028-12-15,764.7000122070312,SPY,2026-09-24 13:35 UTC
210.0,0.0,0.0,1.0,7.0,call,2.2273972602739724,2028-12-15,764.7000122070312,SPY,2026-09-24 13:35 UTC
220.0,0.0,0.0,1.0,20.0,call,2.2273972602739724,2028-12-15,764.7000122070312,SPY,2026-09-24 13:35 UTC
230.0,0.0,0.0,1.0,0.0,call,2.2273972602739724,2028-12-15,764.7000122070312,SPY,2026-09-24 13:35 UTC
240.0,0.0,0.0,1.0,7.0,call,2.2273972602739724,2028-12-15,764.7000122070312,SPY,2026-09-24 13:35 UTC
250.0,0.0,0.0,2.0,26.0,call,2.2273972602739724,2028-12-15,764.7000122070312,SPY,2026-09-24 13:35 UTC
260.0,510.0,514.23,2.0,14.0,call,2.2273972602739724,2028-12-15,764.7000122070312,SPY,2026-09-24 13:35 UTC
270.0,0.0,0.0,1.0,0.0,call,2.2273972602739724,2028-12-15,764.7000122070312,SPY,2026-09-24 13:35 UTC
280.0,0.0,0.0,1.0,4.0,call,2.2273972602739724,2028-12-15,764.7000122070312,SPY,2026-09-24 13:35 UTC
290.0,0.0,0.0,1.0,6.0,call,2.2273972602739724,2028-12-15,764.7000122070312,SPY,2026-09-24 13:35 UTC
300.0,0.0,0.0,1.0,69.0,call,2.2273972602739724,2028-12-15,764.7000122070312,SPY,2026-09-24 13:35 UTC
310.0,0.0,0.0,2.0,19.0,call,2.2273972602739724,2028-12-15,764.7000122070312,SPY,2026-09-24 13:35 UTC
320.0,0.0,0.0,1.0,121.0,call,2.2273972602739724,2028-12-15,764.7000122070312,SPY,2026-09-24 13:35 UTC
325.0,0.0,0.0,1.0,11.0,call,2.2273972602739724,2028-12-15,764.7000122070312,SPY,2026-09-24 13:35 UTC
330.0,0.0,0.0,1.0,26.0,call,2.2273972602739724,2028-12-15,764.7000122070312,SPY,2026-09-24 13:35 UTC
335.0,445.0,449.26,1.0,9.0,call,2.2273972602739724,2028-12-15,764.7000122070312,SPY,2026-09-24 13:35 UTC
340.0,395.28,400.0,3.0,22.0,call,2.2273972602739724,2028-12-15,764.7000122070312,SPY,2026-09-24 13:35 UTC
345.0,0.0,0.0,1.0,4.0,call,2.2273972602739724,2028-12-15,764.7000122070312,SPY,2026-09-24 13:35 UTC
350.0,0.0,0.0,1.0,83.0,call,2.2273972602739724,2028-12-15,764.7000122070312,SPY,2026-09-24 13:35 UTC
355.0,0.0,0.0,7.0,14.0,call,2.2273972602739724,2028-12-15,764.7000122070312,SPY,2026-09-24 13:35 UTC
360.0,0.0,0.0,5.0,11.0,call,2.2273972602739724,2028-12-15,764.7000122070312,SPY,2026-09-24 13:35 UTC
365.0,404.5,409.0,1.0,1.0,call,2.2273972602739724,2028-12-15,764.7000122070312,SPY,2026-09-24 13:35 UTC
370.0,0.0,0.0,1.0,7.0,call,2.2273972602739724,2028-12-15,764.7000122070312,SPY,2026-09-24 13:35 UTC
375.0,0.0,0.0,1.0,16.0,call,2.2273972602739724,2028-12-15,764.7000122070312,SPY,2026-09-24 13:35 UTC
380.0,0.0,0.0,1.0,19.0,call,2.2273972602739724,2028-12-15,764.7000122070312,SPY,2026-09-24 13:35 UTC
385.0,400.5,404.5,1.0,6.0,call,2.2273972602739724,2028-12-15,764.7000122070312,SPY,2026-09-24 13:35 UTC
390.0,0.0,0.0,2.0,0.0,call,2.2273972602739724,2028-12-15,764.7000122070312,SPY,2026-09-24 13:35 UTC
395.0,379.5,383.84,,2.0,call,2.2273972602739724,2028-12-15,764.7000122070312,SPY,2026-09-24 13:35 UTC
400.0,0.0,0.0,3.0,97.0,call,2.2273972602739724,2028-12-15,764.7000122070312,SPY,2026-09-24 13:35 UTC
405.0,0.0,0.0,1.0,7.0,call,2.2273972602739724,2028-12-15,764.7000122070312,SPY,2026-09-24 13:35 UTC
410.0,0.0,0.0,1.0,102.0,call,2.2273972602739724,2028-12-15,764.7000122070312,SPY,2026-09-24 13:35 UTC
415.0,0.0,0.0,12.0,32.0,call,2.2273972602739724,2028-12-15,764.7000122070312,SPY,2026-09-24 13:35 UTC
420.0,0.0,0.0,1.0,31.0,call,2.2273972602739724,2028-12-15,764.7000122070312,SPY,2026-09-24 13:35 UTC
425.0,0.0,0.0,1.0,11.0,call,2.2273972602739724,2028-12-15,764.7000122070312,SPY,2026-09-24 13:35 UTC
430.0,0.0,0.0,2.0,3.0,call,2.2273972602739724,2028-12-15,764.7000122070312,SPY,2026-09-24 13:35 UTC
435.0,0.0,0.0,18.0,20.0,call,2.2273972602739724,2028-12-15,764.7000122070312,SPY,2026-09-24 13:35 UTC
440.0,0.0,0.0,4.0,10.0,call,2.2273972602739724,2028-12-15,764.7000122070312,SPY,2026-09-24 13:35 UTC
445.0,0.0,0.0,1.0,3.0,call,2.2273972602739724,2028-12-15,764.7000122070312,SPY,2026-09-24 13:35 UTC
450.0,0.0,0.0,2.0,82.0,call,2.2273972602739724,2028-12-15,764.7000122070312,SPY,2026-09-24 13:35 UTC
455.0,330.0,334.16,1.0,16.0,call,2.2273972602739724,2028-12-15,764.7000122070312,SPY,2026-09-24 13:35 UTC
460.0,0.0,0.0,5.0,83.0,call,2.2273972602739724,2028-12-15,764.7000122070312,SPY,2026-09-24 13:35 UTC
465.0,0.0,0.0,1.0,0.0,call,2.2273972602739724,2028-12-15,764.7000122070312,SPY,2026-09-24 13:35 UTC
470.0,0.0,0.0,1.0,3.0,call,2.2273972602739724,2028-12-15,764.7000122070312,SPY,2026-09-24 13:35 UTC
475.0,0.0,0.0,1.0,40.0,call,2.2273972602739724,2028-12-15,764.7000122070312,SPY,2026-09-24 13:35 UTC
480.0,328.5,333.13,1.0,5.0,call,2.2273972602739724,2028-12-15,764.7000122070312,SPY,2026-09-24 13:35 UTC
485.0,305.5,309.9,1.0,18.0,call,2.2273972602739724,2028-12-15,764.7000122070312,SPY,2026-09-24 13:35 UTC
490.0,0.0,0.0,2.0,0.0,call,2.2273972602739724,2028-12-15,764.7000122070312,SPY,2026-09-24 13:35 UTC
495.0,0.0,0.0,1.0,7.0,call,2.2273972602739724,2028-12-15,764.7000122070312,SPY,2026-09-24 13:35 UTC
500.0,0.0,0.0,3.0,163.0,call,2.2273972602739724,2028-12-15,764.7000122070312,SPY,2026-09-24 13:35 UTC
505.0,0.0,0.0,1.0,6.0,call,2.2273972602739724,2028-12-15,764.7000122070312,SPY,2026-09-24 13:35 UTC
510.0,0.0,0.0,1.0,30.0,call,2.2273972602739724,2028-12-15,764.7000122070312,SPY,2026-09-24 13:35 UTC
515.0,0.0,0.0,1.0,11.0,call,2.2273972602739724,2028-12-15,764.7000122070312,SPY,2026-09-24 13:35 UTC
520.0,0.0,0.0,1.0,64.0,call,2.2273972602739724,2028-12-15,764.7000122070312,SPY,2026-09-24 13:35 UTC
525.0,0.0,0.0,1.0,60.0,call,2.2273972602739724,2028-12-15,764.7000122070312,SPY,2026-09-24 13:35 UTC
530.0,0.0,0.0,2.0,19.0,call,2.2273972602739724,2028-12-15,764.7000122070312,SPY,2026-09-24 13:35 UTC
535.0,0.0,0.0,1.0,30.0,call,2.2273972602739724,2028-12-15,764.7000122070312,SPY,2026-09-24 13:35 UTC
540.0,279.63,284.5,1.0,7.0,call,2.2273972602739724,2028-12-15,764.7000122070312,SPY,2026-09-24 13:35 UTC
545.0,0.0,0.0,1.0,0.0,call,2.2273972602739724,2028-12-15,764.7000122070312,SPY,2026-09-24 13:35 UTC
550.0,0.0,0.0,2.0,111.0,call,2.2273972602739724,2028-12-15,764.7000122070312,SPY,2026-09-24 13:35 UTC
555.0,0.0,0.0,18.0,143.0,call,2.2273972602739724,2028-12-15,764.7000122070312,SPY,2026-09-24 13:35 UTC
560.0,0.0,0.0,2.0,50.0,call,2.2273972602739724,2028-12-15,764.7000122070312,SPY,2026-09-24 13:35 UTC
565.0,0.0,0.0,2.0,11.0,call,2.2273972602739724,2028-12-15,764.7000122070312,SPY,2026-09-24 13:35 UTC
570.0,0.0,0.0,1.0,34.0,call,2.2273972602739724,2028-12-15,764.7000122070312,SPY,2026-09-24 13:35 UTC
575.0,0.0,0.0,4.0,33.0,call,2.2273972602739724,2028-12-15,764.7000122070312,SPY,2026-09-24 13:35 UTC
580.0,0.0,0.0,1.0,57.0,call,2.2273972602739724,2028-12-15,764.7000122070312,SPY,2026-09-24 13:35 UTC
585.0,0.0,0.0,2.0,20.0,call,2.2273972602739724,2028-12-15,764.7000122070312,SPY,2026-09-24 13:35 UTC
590.0,0.0,0.0,1.0,54.0,call,2.2273972602739724,2028-12-15,764.7000122070312,SPY,2026-09-24 13:35 UTC
595.0,0.0,0.0,12.0,16.0,call,2.2273972602739724,2028-12-15,764.7000122070312,SPY,2026-09-24 13:35 UTC
600.0,0.0,0.0,7.0,285.0,call,2.2273972602739724,2028-12-15,764.7000122070312,SPY,2026-09-24 13:35 UTC
605.0,0.0,0.0,1.0,49.0,call,2.2273972602739724,2028-12-15,764.7000122070312,SPY,2026-09-24 13:35 UTC
610.0,0.0,0.0,1.0,29.0,call,2.2273972602739724,2028-12-15,764.7000122070312,SPY,2026-09-24 13:35 UTC
615.0,0.0,0.0,53.0,23.0,call,2.2273972602739724,2028-12-15,764.7000122070312,SPY,2026-09-24 13:35 UTC
620.0,0.0,0.0,14.0,88.0,call,2.2273972602739724,2028-12-15,764.7000122070312,SPY,2026-09-24 13:35 UTC
625.0,0.0,0.0,1.0,235.0,call,2.2273972602739724,2028-12-15,764.7000122070312,SPY,2026-09-24 13:35 UTC
630.0,0.0,0.0,16.0,946.0,call,2.2273972602739724,2028-12-15,764.7000122070312,SPY,2026-09-24 13:35 UTC
635.0,0.0,0.0,1.0,345.0,call,2.2273972602739724,2028-12-15,764.7000122070312,SPY,2026-09-24 13:35 UTC
640.0,0.0,0.0,1.0,714.0,call,2.2273972602739724,2028-12-15,764.7000122070312,SPY,2026-09-24 13:35 UTC
645.0,0.0,0.0,1.0,1036.0,call,2.2273972602739724,2028-12-15,764.7000122070312,SPY,2026-09-24 13:35 UTC
650.0,0.0,0.0,10.0,1044.0,call,2.2273972602739724,2028-12-15,764.7000122070312,SPY,2026-09-24 13:35 UTC
655.0,0.0,0.0,3.0,578.0,call,2.2273972602739724,2028-12-15,764.7000122070312,SPY,2026-09-24 13:35 UTC
660.0,0.0,0.0,7.0,837.0,call,2.2273972602739724,2028-12-15,764.7000122070312,SPY,2026-09-24 13:35 UTC
665.0,0.0,0.0,24.0,381.0,call,2.2273972602739724,2028-12-15,764.7000122070312,SPY,2026-09-24 13:35 UTC
670.0,0.0,0.0,5.0,546.0,call,2.2273972602739724,2028-12-15,764.7000122070312,SPY,2026-09-24 13:35 UTC
675.0,0.0,0.0,1.0,640.0,call,2.2273972602739724,2028-12-15,764.7000122070312,SPY,2026-09-24 13:35 UTC
680.0,0.0,0.0,1.0,657.0,call,2.2273972602739724,2028-12-15,764.7000122070312,SPY,2026-09-24 13:35 UTC
685.0,0.0,0.0,1.0,1455.0,call,2.2273972602739724,2028-12-15,764.7000122070312,SPY,2026-09-24 13:35 UTC
690.0,0.0,0.0,10.0,2087.0,call,2.2273972602739724,2028-12-15,764.7000122070312,SPY,2026-09-24 13:35 UTC
695.0,0.0,0.0,3.0,2467.0,call,2.2273972602739724,2028-12-15,764.7000122070312,SPY,2026-09-24 13:35 UTC
700.0,0.0,0.0,4.0,832.0,call,2.2273972602739724,2028-12-15,764.7000122070312,SPY,2026-09-24 13:35 UTC
705.0,0.0,0.0,1.0,427.0,call,2.2273972602739724,2028-12-15,764.7000122070312,SPY,2026-09-24 13:35 UTC
710.0,0.0,0.0,3.0,2018.0,call,2.2273972602739724,2028-12-15,764.7000122070312,SPY,2026-09-24 13:35 UTC
715.0,0.0,0.0,1.0,638.0,call,2.2273972602739724,2028-12-15,764.7000122070312,SPY,2026-09-24 13:35 UTC
720.0,0.0,0.0,2.0,1208.0,call,2.2273972602739724,2028-12-15,764.7000122070312,SPY,2026-09-24 13:35 UTC
725.0,0.0,0.0,1.0,252.0,call,2.2273972602739724,2028-12-15,764.7000122070312,SPY,2026-09-24 13:35 UTC
730.0,0.0,0.0,1.0,1298.0,call,2.2273972602739724,2028-12-15,764.7000122070312,SPY,2026-09-24 13:35 UTC
735.0,0.0,0.0,2.0,1251.0,call,2.2273972602739724,2028-12-15,764.7000122070312,SPY,2026-09-24 13:35 UTC
740.0,0.0,0.0,1.0,1458.0,call,2.2273972602739724,2028-12-15,764.7000122070312,SPY,2026-09-24 13:35 UTC
745.0,0.0,0.0,2.0,1464.0,call,2.2273972602739724,2028-12-15,764.7000122070312,SPY,2026-09-24 13:35 UTC
750.0,0.0,0.0,2.0,1376.0,call,2.2273972602739724,2028-12-15,764.7000122070312,SPY,2026-09-24 13:35 UTC
755.0,0.0,0.0,4.0,623.0,call,2.2273972602739724,2028-12-15,764.7000122070312,SPY,2026-09-24 13:35 UTC
760.0,0.0,0.0,13.0,2236.0,call,2.2273972602739724,2028-12-15,764.7000122070312,SPY,2026-09-24 13:35 UTC
765.0,0.0,0.0,14.0,628.0,call,2.2273972602739724,2028-12-15,764.7000122070312,SPY,2026-09-24 13:35 UTC
770.0,0.0,0.0,44.0,1171.0,call,2.2273972602739724,2028-12-15,764.7000122070312,SPY,2026-09-24 13:35 UTC
775.0,0.0,0.0,10.0,1810.0,call,2.2273972602739724,2028-12-15,764.7000122070312,SPY,2026-09-24 13:35 UTC
780.0,0.0,0.0,5.0,406.0,call,2.2273972602739724,2028-12-15,764.7000122070312,SPY,2026-09-24 13:35 UTC
785.0,0.0,0.0,1.0,317.0,call,2.2273972602739724,2028-12-15,764.7000122070312,SPY,2026-09-24 13:35 UTC
790.0,0.0,0.0,7.0,151.0,call,2.2273972602739724,2028-12-15,764.7000122070312,SPY,2026-09-24 13:35 UTC
795.0,0.0,0.0,3.0,96.0,call,2.2273972602739724,2028-12-15,764.7000122070312,SPY,2026-09-24 13:35 UTC
800.0,0.0,0.0,51.0,4493.0,call,2.2273972602739724,2028-12-15,764.7000122070312,SPY,2026-09-24 13:35 UTC
805.0,0.0,0.0,4.0,267.0,call,2.2273972602739724,2028-12-15,764.7000122070312,SPY,2026-09-24 13:35 UTC
810.0,0.0,0.0,5.0,1146.0,call,2.2273972602739724,2028-12-15,764.7000122070312,SPY,2026-09-24 13:35 UTC
815.0,0.0,0.0,3.0,277.0,call,2.2273972602739724,2028-12-15,764.7000122070312,SPY,2026-09-24 13:35 UTC
820.0,0.0,0.0,2.0,792.0,call,2.2273972602739724,2028-12-15,764.7000122070312,SPY,2026-09-24 13:35 UTC
825.0,0.0,0.0,21.0,346.0,call,2.2273972602739724,2028-12-15,764.7000122070312,SPY,2026-09-24 13:35 UTC
830.0,0.0,0.0,1.0,1199.0,call,2.2273972602739724,2028-12-15,764.7000122070312,SPY,2026-09-24 13:35 UTC
835.0,0.0,0.0,4.0,215.0,call,2.2273972602739724,2028-12-15,764.7000122070312,SPY,2026-09-24 13:35 UTC
840.0,0.0,0.0,3.0,501.0,call,2.2273972602739724,2028-12-15,764.7000122070312,SPY,2026-09-24 13:35 UTC
845.0,0.0,0.0,1.0,598.0,call,2.2273972602739724,2028-12-15,764.7000122070312,SPY,2026-09-24 13:35 UTC
850.0,0.0,0.0,6.0,970.0,call,2.2273972602739724,2028-12-15,764.7000122070312,SPY,2026-09-24 13:35 UTC
855.0,0.0,0.0,3.0,136.0,call,2.2273972602739724,2028-12-15,764.7000122070312,SPY,2026-09-24 13:35 UTC
860.0,0.0,0.0,1.0,236.0,call,2.2273972602739724,2028-12-15,764.7000122070312,SPY,2026-09-24 13:35 UTC
865.0,0.0,0.0,1.0,298.0,call,2.2273972602739724,2028-12-15,764.7000122070312,SPY,2026-09-24 13:35 UTC
870.0,0.0,0.0,1.0,219.0,call,2.2273972602739724,2028-12-15,764.7000122070312,SPY,2026-09-24 13:35 UTC
875.0,0.0,0.0,3.0,247.0,call,2.2273972602739724,2028-12-15,764.7000122070312,SPY,2026-09-24 13:35 UTC
880.0,0.0,0.0,5.0,195.0,call,2.2273972602739724,2028-12-15,764.7000122070312,SPY,2026-09-24 13:35 UTC
885.0,0.0,0.0,5.0,55.0,call,2.2273972602739724,2028-12-15,764.7000122070312,SPY,2026-09-24 13:35 UTC
890.0,0.0,0.0,5.0,428.0,call,2.2273972602739724,2028-12-15,764.7000122070312,SPY,2026-09-24 13:35 UTC
895.0,0.0,0.0,7.0,2132.0,call,2.2273972602739724,2028-12-15,764.7000122070312,SPY,2026-09-24 13:35 UTC
900.0,0.0,0.0,20.0,2406.0,call,2.2273972602739724,2028-12-15,764.7000122070312,SPY,2026-09-24 13:35 UTC
905.0,0.0,0.0,26.0,381.0,call,2.2273972602739724,2028-12-15,764.7000122070312,SPY,2026-09-24 13:35 UTC
910.0,0.0,0.0,186.0,306.0,call,2.2273972602739724,2028-12-15,764.7000122070312,SPY,2026-09-24 13:35 UTC
915.0,0.0,0.0,85.0,261.0,call,2.2273972602739724,2028-12-15,764.7000122070312,SPY,2026-09-24 13:35 UTC
920.0,0.0,0.0,2.0,348.0,call,2.2273972602739724,2028-12-15,764.7000122070312,SPY,2026-09-24 13:35 UTC
925.0,0.0,0.0,3.0,449.0,call,2.2273972602739724,2028-12-15,764.7000122070312,SPY,2026-09-24 13:35 UTC
930.0,0.0,0.0,10.0,449.0,call,2.2273972602739724,2028-12-15,764.7000122070312,SPY,2026-09-24 13:35 UTC
935.0,0.0,0.0,1.0,96.0,call,2.2273972602739724,2028-12-15,764.7000122070312,SPY,2026-09-24 13:35 UTC
940.0,0.0,0.0,1.0,256.0,call,2.2273972602739724,2028-12-15,764.7000122070312,SPY,2026-09-24 13:35 UTC
945.0,0.0,0.0,2.0,322.0,call,2.2273972602739724,2028-12-15,764.7000122070312,SPY,2026-09-24 13:35 UTC
950.0,0.0,0.0,2.0,561.0,call,2.2273972602739724,2028-12-15,764.7000122070312,SPY,2026-09-24 13:35 UTC
955.0,0.0,0.0,114.0,385.0,call,2.2273972602739724,2028-12-15,764.7000122070312,SPY,2026-09-24 13:35 UTC
960.0,0.0,0.0,1.0,465.0,call,2.2273972602739724,2028-12-15,764.7000122070312,SPY,2026-09-24 13:35 UTC
965.0,0.0,0.0,2.0,272.0,call,2.2273972602739724,2028-12-15,764.7000122070312,SPY,2026-09-24 13:35 UTC
970.0,0.0,0.0,76.0,274.0,call,2.2273972602739724,2028-12-15,764.7000122070312,SPY,2026-09-24 13:35 UTC
975.0,0.0,0.0,1.0,748.0,call,2.2273972602739724,2028-12-15,764.7000122070312,SPY,2026-09-24 13:35 UTC
980.0,0.0,0.0,221.0,585.0,call,2.2273972602739724,2028-12-15,764.7000122070312,SPY,2026-09-24 13:35 UTC
985.0,0.0,0.0,4.0,172.0,call,2.2273972602739724,2028-12-15,764.7000122070312,SPY,2026-09-24 13:35 UTC
990.0,0.0,0.0,6.0,377.0,call,2.2273972602739724,2028-12-15,764.7000122070312,SPY,2026-09-24 13:35 UTC
995.0,0.0,0.0,10.0,70.0,call,2.2273972602739724,2028-12-15,764.7000122070312,SPY,2026-09-24 13:35 UTC
1000.0,0.0,0.0,91.0,9050.0,call,2.2273972602739724,2028-12-15,764.7000122070312,SPY,2026-09-24 13:35 UTC
1005.0,0.0,0.0,2.0,47.0,call,2.2273972602739724,2028-12-15,764.7000122070312,SPY,2026-09-24 13:35 UTC
1010.0,0.0,0.0,1.0,147.0,call,2.2273972602739724,2028-12-15,764.7000122070312,SPY,2026-09-24 13:35 UTC
1015.0,0.0,0.0,5.0,112.0,call,2.2273972602739724,2028-12-15,764.7000122070312,SPY,2026-09-24 13:35 UTC
1020.0,0.0,0.0,1.0,129.0,call,2.2273972602739724,2028-12-15,764.7000122070312,SPY,2026-09-24 13:35 UTC
1025.0,0.0,0.0,2.0,48.0,call,2.2273972602739724,2028-12-15,764.7000122070312,SPY,2026-09-24 13:35 UTC
1030.0,0.0,0.0,1.0,429.0,call,2.2273972602739724,2028-12-15,764.7000122070312,SPY,2026-09-24 13:35 UTC
1035.0,0.0,0.0,4.0,146.0,call,2.2273972602739724,2028-12-15,764.7000122070312,SPY,2026-09-24 13:35 UTC
1040.0,0.0,0.0,50.0,203.0,call,2.2273972602739724,2028-12-15,764.7000122070312,SPY,2026-09-24 13:35 UTC
1045.0,0.0,0.0,15.0,31.0,call,2.2273972602739724,2028-12-15,764.7000122070312,SPY,2026-09-24 13:35 UTC
1050.0,0.0,0.0,51.0,1660.0,call,2.2273972602739724,2028-12-15,764.7000122070312,SPY,2026-09-24 13:35 UTC
1055.0,0.0,0.0,10.0,120.0,call,2.2273972602739724,2028-12-15,764.7000122070312,SPY,2026-09-24 13:35 UTC
1060.0,0.0,0.0,16.0,80.0,call,2.2273972602739724,2028-12-15,764.7000122070312,SPY,2026-09-24 13:35 UTC
1065.0,0.0,0.0,6.0,50.0,call,2.2273972602739724,2028-12-15,764.7000122070312,SPY,2026-09-24 13:35 UTC
1070.0,0.0,0.0,42.0,783.0,call,2.2273972602739724,2028-12-15,764.7000122070312,SPY,2026-09-24 13:35 UTC
1075.0,0.0,0.0,1.0,44.0,call,2.2273972602739724,2028-12-15,764.7000122070312,SPY,2026-09-24 13:35 UTC
1080.0,0.0,0.0,1.0,83.0,call,2.2273972602739724,2028-12-15,764.7000122070312,SPY,2026-09-24 13:35 UTC
1085.0,0.0,0.0,6.0,23.0,call,2.2273972602739724,2028-12-15,764.7000122070312,SPY,2026-09-24 13:35 UTC
1090.0,0.0,0.0,1.0,126.0,call,2.2273972602739724,2028-12-15,764.7000122070312,SPY,2026-09-24 13:35 UTC
1095.0,0.0,0.0,1.0,361.0,call,2.2273972602739724,2028-12-15,764.7000122070312,SPY,2026-09-24 13:35 UTC
1100.0,0.0,0.0,166.0,3134.0,call,2.2273972602739724,2028-12-15,764.7000122070312,SPY,2026-09-24 13:35 UTC
1105.0,0.0,0.0,1.0,15.0,call,2.2273972602739724,2028-12-15,764.7000122070312,SPY,2026-09-24 13:35 UTC
1110.0,0.0,0.0,6.0,402.0,call,2.2273972602739724,2028-12-15,764.7000122070312,SPY,2026-09-24 13:35 UTC
1115.0,0.0,0.0,1.0,282.0,call,2.2273972602739724,2028-12-15,764.7000122070312,SPY,2026-09-24 13:35 UTC
1120.0,0.0,0.0,2.0,246.0,call,2.2273972602739724,2028-12-15,764.7000122070312,SPY,2026-09-24 13:35 UTC
1125.0,0.0,0.0,26.0,98.0,call,2.2273972602739724,2028-12-15,764.7000122070312,SPY,2026-09-24 13:35 UTC
1130.0,0.0,0.0,1.0,560.0,call,2.2273972602739724,2028-12-15,764.7000122070312,SPY,2026-09-24 13:35 UTC
1135.0,0.0,0.0,27.0,236.0,call,2.2273972602739724,2028-12-15,764.7000122070312,SPY,2026-09-24 13:35 UTC
1140.0,0.0,0.0,5.0,173.0,call,2.2273972602739724,2028-12-15,764.7000122070312,SPY,2026-09-24 13:35 UTC
1145.0,0.0,0.0,,35.0,call,2.2273972602739724,2028-12-15,764.7000122070312,SPY,2026-09-24 13:35 UTC
1150.0,0.0,0.0,1.0,970.0,call,2.2273972602739724,2028-12-15,764.7000122070312,SPY,2026-09-24 13:35 UTC
1155.0,0.0,0.0,,6.0,call,2.2273972602739724,2028-12-15,764.7000122070312,SPY,2026-09-24 13:35 UTC
1160.0,0.0,0.0,11.0,408.0,call,2.2273972602739724,2028-12-15,764.7000122070312,SPY,2026-09-24 13:35 UTC
1170.0,0.0,0.0,3.0,258.0,call,2.2273972602739724,2028-12-15,764.7000122070312,SPY,2026-09-24 13:35 UTC
1180.0,0.0,0.0,1.0,15.0,call,2.2273972602739724,2028-12-15,764.7000122070312,SPY,2026-09-24 13:35 UTC
1190.0,0.0,0.0,553.0,884.0,call,2.2273972602739724,2028-12-15,764.7000122070312,SPY,2026-09-24 13:35 UTC
1200.0,0.0,0.0,38.0,5787.0,call,2.2273972602739724,2028-12-15,764.7000122070312,SPY,2026-09-24 13:35 UTC
1210.0,0.0,0.0,7.0,849.0,call,2.2273972602739724,2028-12-15,764.7000122070312,SPY,2026-09-24 13:35 UTC
1220.0,0.0,0.0,4.0,608.0,call,2.2273972602739724,2028-12-15,764.7000122070312,SPY,2026-09-24 13:35 UTC
1230.0,0.0,0.0,2.0,244.0,call,2.2273972602739724,2028-12-15,764.7000122070312,SPY,2026-09-24 13:35 UTC
1240.0,0.0,0.0,4.0,575.0,call,2.2273972602739724,2028-12-15,764.7000122070312,SPY,2026-09-24 13:35 UTC
1250.0,0.0,0.0,28.0,3574.0,call,2.2273972602739724,2028-12-15,764.7000122070312,SPY,2026-09-24 13:35 UTC
1260.0,0.0,0.0,1.0,588.0,call,2.2273972602739724,2028-12-15,764.7000122070312,SPY,2026-09-24 13:35 UTC
1270.0,0.0,0.0,1.0,74.0,call,2.2273972602739724,2028-12-15,764.7000122070312,SPY,2026-09-24 13:35 UTC
1280.0,0.0,0.0,300.0,787.0,call,2.2273972602739724,2028-12-15,764.7000122070312,SPY,2026-09-24 13:35 UTC
1290.0,0.0,0.0,300.0,371.0,call,2.2273972602739724,2028-12-15,764.7000122070312,SPY,2026-09-24 13:35 UTC
1300.0,0.0,0.0,101.0,2933.0,call,2.2273972602739724,2028-12-15,764.7000122070312,SPY,2026-09-24 13:35 UTC
1310.0,0.0,0.0,1.0,714.0,call,2.2273972602739724,2028-12-15,764.7000122070312,SPY,2026-09-24 13:35 UTC
1320.0,0.0,0.0,1.0,811.0,call,2.2273972602739724,2028-12-15,764.7000122070312,SPY,2026-09-24 13:35 UTC
1330.0,0.0,0.0,1.0,277.0,call,2.2273972602739724,2028-12-15,764.7000122070312,SPY,2026-09-24 13:35 UTC
1340.0,0.0,0.0,1.0,663.0,call,2.2273972602739724,2028-12-15,764.7000122070312,SPY,2026-09-24 13:35 UTC
1350.0,0.0,0.0,18.0,5255.0,call,2.2273972602739724,2028-12-15,764.7000122070312,SPY,2026-09-24 13:35 UTC
1360.0,0.0,0.0,1.0,19.0,call,2.2273972602739724,2028-12-15,764.7000122070312,SPY,2026-09-24 13:35 UTC
1370.0,0.0,0.0,10.0,1022.0,call,2.2273972602739724,2028-12-15,764.7000122070312,SPY,2026-09-24 13:35 UTC
1380.0,0.0,0.0,20.0,220.0,call,2.2273972602739724,2028-12-15,764.7000122070312,SPY,2026-09-24 13:35 UTC
1390.0,0.0,0.0,5.0,59.0,call,2.2273972602739724,2028-12-15,764.7000122070312,SPY,2026-09-24 13:35 UTC
1400.0,0.0,0.0,10.0,288.0,call,2.2273972602739724,2028-12-15,764.7000122070312,SPY,2026-09-24 13:35 UTC
1410.0,0.0,0.0,1.0,0.0,call,2.2273972602739724,2028-12-15,764.7000122070312,SPY,2026-09-24 13:35 UTC
1420.0,0.0,0.0,2.0,14.0,call,2.2273972602739724,2028-12-15,764.7000122070312,SPY,2026-09-24 13:35 UTC
1430.0,0.0,0.0,1.0,112.0,call,2.2273972602739724,2028-12-15,764.7000122070312,SPY,2026-09-24 13:35 UTC
1440.0,0.0,0.0,1.0,12.0,call,2.2273972602739724,2028-12-15,764.7000122070312,SPY,2026-09-24 13:35 UTC
1450.0,0.0,0.0,1.0,86.0,call,2.2273972602739724,2028-12-15,764.7000122070312,SPY,2026-09-24 13:35 UTC
1460.0,0.0,0.0,1.0,346.0,call,2.2273972602739724,2028-12-15,764.7000122070312,SPY,2026-09-24 13:35 UTC
1470.0,0.0,0.0,4.0,430.0,call,2.2273972602739724,2028-12-15,764.7000122070312,SPY,2026-09-24 13:35 UTC
1480.0,0.0,0.0,29.0,11537.0,call,2.2273972602739724,2028-12-15,764.7000122070312,SPY,2026-09-24 13:35 UTC
50.0,0.0,0.0,3.0,7105.0,put,2.2273972602739724,2028-12-15,764.7000122070312,SPY,2026-09-24 13:35 UTC
60.0,0.0,0.0,2.0,93.0,put,2.2273972602739724,2028-12-15,764.7000122070312,SPY,2026-09-24 13:35 UTC
70.0,0.0,0.0,1.0,19.0,put,2.2273972602739724,2028-12-15,764.7000122070312,SPY,2026-09-24 13:35 UTC
80.0,0.0,0.0,1.0,18.0,put,2.2273972602739724,2028-12-15,764.7000122070312,SPY,2026-09-24 13:35 UTC
90.0,0.0,0.0,2.0,58.0,put,2.2273972602739724,2028-12-15,764.7000122070312,SPY,2026-09-24 13:35 UTC
100.0,0.0,0.0,1.0,1027.0,put,2.2273972602739724,2028-12-15,764.7000122070312,SPY,2026-09-24 13:35 UTC
110.0,0.0,0.0,42.0,97.0,put,2.2273972602739724,2028-12-15,764.7000122070312,SPY,2026-09-24 13:35 UTC
120.0,0.0,0.0,45.0,135.0,put,2.2273972602739724,2028-12-15,764.7000122070312,SPY,2026-09-24 13:35 UTC
130.0,0.0,0.0,26.0,0.0,put,2.2273972602739724,2028-12-15,764.7000122070312,SPY,2026-09-24 13:35 UTC
140.0,0.0,0.0,50.0,105.0,put,2.2273972602739724,2028-12-15,764.7000122070312,SPY,2026-09-24 13:35 UTC
150.0,0.0,0.0,12.0,159.0,put,2.2273972602739724,2028-12-15,764.7000122070312,SPY,2026-09-24 13:35 UTC
160.0,0.0,0.0,12.0,73.0,put,2.2273972602739724,2028-12-15,764.7000122070312,SPY,2026-09-24 13:35 UTC
170.0,0.0,0.0,1.0,10.0,put,2.2273972602739724,2028-12-15,764.7000122070312,SPY,2026-09-24 13:35 UTC
180.0,0.0,0.0,5.0,116.0,put,2.2273972602739724,2028-12-15,764.7000122070312,SPY,2026-09-24 13:35 UTC
190.0,0.0,0.0,3.0,289.0,put,2.2273972602739724,2028-12-15,764.7000122070312,SPY,2026-09-24 13:35 UTC
200.0,0.0,0.0,1.0,2817.0,put,2.2273972602739724,2028-12-15,764.7000122070312,SPY,2026-09-24 13:35 UTC
210.0,0.0,0.0,1.0,135.0,put,2.2273972602739724,2028-12-15,764.7000122070312,SPY,2026-09-24 13:35 UTC
220.0,1.7,1.73,20.0,35.0,put,2.2273972602739724,2028-12-15,764.7000122070312,SPY,2026-09-24 13:35 UTC
230.0,0.0,0.0,4.0,209.0,put,2.2273972602739724,2028-12-15,764.7000122070312,SPY,2026-09-24 13:35 UTC
240.0,0.0,0.0,1.0,87.0,put,2.2273972602739724,2028-12-15,764.7000122070312,SPY,2026-09-24 13:35 UTC
250.0,0.0,0.0,1.0,635.0,put,2.2273972602739724,2028-12-15,764.7000122070312,SPY,2026-09-24 13:35 UTC
260.0,0.0,0.0,12.0,77.0,put,2.2273972602739724,2028-12-15,764.7000122070312,SPY,2026-09-24 13:35 UTC
270.0,0.0,0.0,13.0,93.0,put,2.2273972602739724,2028-12-15,764.7000122070312,SPY,2026-09-24 13:35 UTC
280.0,0.0,0.0,1.0,49.0,put,2.2273972602739724,2028-12-15,764.7000122070312,SPY,2026-09-24 13:35 UTC
290.0,0.0,0.0,4.0,491.0,put,2.2273972602739724,2028-12-15,764.7000122070312,SPY,2026-09-24 13:35 UTC
300.0,0.0,0.0,1.0,1359.0,put,2.2273972602739724,2028-12-15,764.7000122070312,SPY,2026-09-24 13:35 UTC
310.0,0.0,0.0,1.0,564.0,put,2.2273972602739724,2028-12-15,764.7000122070312,SPY,2026-09-24 13:35 UTC
320.0,0.0,0.0,2.0,230.0,put,2.2273972602739724,2028-12-15,764.7000122070312,SPY,2026-09-24 13:35 UTC
325.0,0.0,0.0,10.0,0.0,put,2.2273972602739724,2028-12-15,764.7000122070312,SPY,2026-09-24 13:35 UTC
330.0,0.0,0.0,1.0,125.0,put,2.2273972602739724,2028-12-15,764.7000122070312,SPY,2026-09-24 13:35 UTC
335.0,0.0,0.0,1.0,29.0,put,2.2273972602739724,2028-12-15,764.7000122070312,SPY,2026-09-24 13:35 UTC
340.0,0.0,0.0,6.0,65.0,put,2.2273972602739724,2028-12-15,764.7000122070312,SPY,2026-09-24 13:35 UTC
345.0,0.0,0.0,2.0,67.0,put,2.2273972602739724,2028-12-15,764.7000122070312,SPY,2026-09-24 13:35 UTC
350.0,0.0,0.0,2.0,354.0,put,2.2273972602739724,2028-12-15,764.7000122070312,SPY,2026-09-24 13:35 UTC
355.0,0.0,0.0,1.0,23.0,put,2.2273972602739724,2028-12-15,764.7000122070312,SPY,2026-09-24 13:35 UTC
360.0,0.0,0.0,20.0,60.0,put,2.2273972602739724,2028-12-15,764.7000122070312,SPY,2026-09-24 13:35 UTC
365.0,0.0,0.0,8.0,18.0,put,2.2273972602739724,2028-12-15,764.7000122070312,SPY,2026-09-24 13:35 UTC
370.0,0.0,0.0,1.0,100.0,put,2.2273972602739724,2028-12-15,764.7000122070312,SPY,2026-09-24 13:35 UTC
375.0,0.0,0.0,4.0,79.0,put,2.2273972602739724,2028-12-15,764.7000122070312,SPY,2026-09-24 13:35 UTC
380.0,0.0,0.0,1.0,206.0,put,2.2273972602739724,2028-12-15,764.7000122070312,SPY,2026-09-24 13:35 UTC
385.0,0.0,0.0,21.0,83.0,put,2.2273972602739724,2028-12-15,764.7000122070312,SPY,2026-09-24 13:35 UTC
390.0,0.0,0.0,1.0,73.0,put,2.2273972602739724,2028-12-15,764.7000122070312,SPY,2026-09-24 13:35 UTC
395.0,0.0,0.0,2.0,20.0,put,2.2273972602739724,2028-12-15,764.7000122070312,SPY,2026-09-24 13:35 UTC
400.0,0.0,0.0,26.0,2027.0,put,2.2273972602739724,2028-12-15,764.7000122070312,SPY,2026-09-24 13:35 UTC
405.0,0.0,0.0,1.0,330.0,put,2.2273972602739724,2028-12-15,764.7000122070312,SPY,2026-09-24 13:35 UTC
410.0,0.0,0.0,2.0,1251.0,put,2.2273972602739724,2028-12-15,764.7000122070312,SPY,2026-09-24 13:35 UTC
415.0,0.0,0.0,1.0,27.0,put,2.2273972602739724,2028-12-15,764.7000122070312,SPY,2026-09-24 13:35 UTC
420.0,0.0,0.0,1.0,401.0,put,2.2273972602739724,2028-12-15,764.7000122070312,SPY,2026-09-24 13:35 UTC
425.0,0.0,0.0,1.0,155.0,put,2.2273972602739724,2028-12-15,764.7000122070312,SPY,2026-09-24 13:35 UTC
430.0,0.0,0.0,167.0,479.0,put,2.2273972602739724,2028-12-15,764.7000122070312,SPY,2026-09-24 13:35 UTC
435.0,0.0,0.0,1.0,0.0,put,2.2273972602739724,2028-12-15,764.7000122070312,SPY,2026-09-24 13:35 UTC
440.0,0.0,0.0,203.0,259.0,put,2.2273972602739724,2028-12-15,764.7000122070312,SPY,2026-09-24 13:35 UTC
445.0,0.0,0.0,266.0,583.0,put,2.2273972602739724,2028-12-15,764.7000122070312,SPY,2026-09-24 13:35 UTC
450.0,0.0,0.0,263.0,752.0,put,2.2273972602739724,2028-12-15,764.7000122070312,SPY,2026-09-24 13:35 UTC
455.0,0.0,0.0,201.0,352.0,put,2.2273972602739724,2028-12-15,764.7000122070312,SPY,2026-09-24 13:35 UTC
460.0,0.0,0.0,260.0,701.0,put,2.2273972602739724,2028-12-15,764.7000122070312,SPY,2026-09-24 13:35 UTC
465.0,0.0,0.0,40.0,52.0,put,2.2273972602739724,2028-12-15,764.7000122070312,SPY,2026-09-24 13:35 UTC
470.0,0.0,0.0,1.0,166.0,put,2.2273972602739724,2028-12-15,764.7000122070312,SPY,2026-09-24 13:35 UTC
475.0,0.0,0.0,8.0,118.0,put,2.2273972602739724,2028-12-15,764.7000122070312,SPY,2026-09-24 13:35 UTC
480.0,0.0,0.0,11.0,147.0,put,2.2273972602739724,2028-12-15,764.7000122070312,SPY,2026-09-24 13:35 UTC
485.0,0.0,0.0,3.0,276.0,put,2.2273972602739724,2028-12-15,764.7000122070312,SPY,2026-09-24 13:35 UTC
490.0,0.0,0.0,1.0,73.0,put,2.2273972602739724,2028-12-15,764.7000122070312,SPY,2026-09-24 13:35 UTC
495.0,0.0,0.0,1.0,26.0,put,2.2273972602739724,2028-12-15,764.7000122070312,SPY,2026-09-24 13:35 UTC
500.0,0.0,0.0,5.0,1170.0,put,2.2273972602739724,2028-12-15,764.7000122070312,SPY,2026-09-24 13:35 UTC
505.0,0.0,0.0,3.0,229.0,put,2.2273972602739724,2028-12-15,764.7000122070312,SPY,2026-09-24 13:35 UTC
510.0,0.0,0.0,1.0,48.0,put,2.2273972602739724,2028-12-15,764.7000122070312,SPY,2026-09-24 13:35 UTC
515.0,0.0,0.0,7.0,86.0,put,2.2273972602739724,2028-12-15,764.7000122070312,SPY,2026-09-24 13:35 UTC
520.0,0.0,0.0,1.0,240.0,put,2.2273972602739724,2028-12-15,764.7000122070312,SPY,2026-09-24 13:35 UTC
525.0,0.0,0.0,8.0,733.0,put,2.2273972602739724,2028-12-15,764.7000122070312,SPY,2026-09-24 13:35 UTC
530.0,0.0,0.0,5.0,347.0,put,2.2273972602739724,2028-12-15,764.7000122070312,SPY,2026-09-24 13:35 UTC
535.0,0.0,0.0,1.0,5185.0,put,2.2273972602739724,2028-12-15,764.7000122070312,SPY,2026-09-24 13:35 UTC
540.0,0.0,0.0,1.0,341.0,put,2.2273972602739724,2028-12-15,764.7000122070312,SPY,2026-09-24 13:35 UTC
545.0,0.0,0.0,1.0,271.0,put,2.2273972602739724,2028-12-15,764.7000122070312,SPY,2026-09-24 13:35 UTC
550.0,0.0,0.0,1.0,3360.0,put,2.2273972602739724,2028-12-15,764.7000122070312,SPY,2026-09-24 13:35 UTC
555.0,0.0,0.0,22.0,157.0,put,2.2273972602739724,2028-12-15,764.7000122070312,SPY,2026-09-24 13:35 UTC
560.0,0.0,0.0,10.0,238.0,put,2.2273972602739724,2028-12-15,764.7000122070312,SPY,2026-09-24 13:35 UTC
565.0,0.0,0.0,6.0,260.0,put,2.2273972602739724,2028-12-15,764.7000122070312,SPY,2026-09-24 13:35 UTC
570.0,0.0,0.0,2.0,215.0,put,2.2273972602739724,2028-12-15,764.7000122070312,SPY,2026-09-24 13:35 UTC
575.0,0.0,0.0,4.0,469.0,put,2.2273972602739724,2028-12-15,764.7000122070312,SPY,2026-09-24 13:35 UTC
580.0,0.0,0.0,13.0,1022.0,put,2.2273972602739724,2028-12-15,764.7000122070312,SPY,2026-09-24 13:35 UTC
585.0,0.0,0.0,5.0,390.0,put,2.2273972602739724,2028-12-15,764.7000122070312,SPY,2026-09-24 13:35 UTC
590.0,0.0,0.0,2.0,1208.0,put,2.2273972602739724,2028-12-15,764.7000122070312,SPY,2026-09-24 13:35 UTC
595.0,0.0,0.0,1.0,1007.0,put,2.2273972602739724,2028-12-15,764.7000122070312,SPY,2026-09-24 13:35 UTC
600.0,0.0,0.0,15.0,2668.0,put,2.2273972602739724,2028-12-15,764.7000122070312,SPY,2026-09-24 13:35 UTC
605.0,0.0,0.0,10.0,1282.0,put,2.2273972602739724,2028-12-15,764.7000122070312,SPY,2026-09-24 13:35 UTC
610.0,0.0,0.0,23.0,1069.0,put,2.2273972602739724,2028-12-15,764.7000122070312,SPY,2026-09-24 13:35 UTC
615.0,0.0,0.0,2.0,129.0,put,2.2273972602739724,2028-12-15,764.7000122070312,SPY,2026-09-24 13:35 UTC
620.0,0.0,0.0,2.0,916.0,put,2.2273972602739724,2028-12-15,764.7000122070312,SPY,2026-09-24 13:35 UTC
625.0,0.0,0.0,6.0,772.0,put,2.2273972602739724,2028-12-15,764.7000122070312,SPY,2026-09-24 13:35 UTC
630.0,0.0,0.0,3.0,981.0,put,2.2273972602739724,2028-12-15,764.7000122070312,SPY,2026-09-24 13:35 UTC
635.0,0.0,0.0,4.0,1938.0,put,2.2273972602739724,2028-12-15,764.7000122070312,SPY,2026-09-24 13:35 UTC
640.0,0.0,0.0,1.0,637.0,put,2.2273972602739724,2028-12-15,764.7000122070312,SPY,2026-09-24 13:35 UTC
645.0,0.0,0.0,1.0,258.0,put,2.2273972602739724,2028-12-15,764.7000122070312,SPY,2026-09-24 13:35 UTC
650.0,0.0,0.0,5.0,1981.0,put,2.2273972602739724,2028-12-15,764.7000122070312,SPY,2026-09-24 13:35 UTC
655.0,0.0,0.0,28.0,395.0,put,2.2273972602739724,2028-12-15,764.7000122070312,SPY,2026-09-24 13:35 UTC
660.0,0.0,0.0,6.0,2145.0,put,2.2273972602739724,2028-12-15,764.7000122070312,SPY,2026-09-24 13:35 UTC
665.0,0.0,0.0,7.0,1575.0,put,2.2273972602739724,2028-12-15,764.7000122070312,SPY,2026-09-24 13:35 UTC
670.0,0.0,0.0,3.0,1350.0,put,2.2273972602739724,2028-12-15,764.7000122070312,SPY,2026-09-24 13:35 UTC
675.0,0.0,0.0,5.0,1171.0,put,2.2273972602739724,2028-12-15,764.7000122070312,SPY,2026-09-24 13:35 UTC
680.0,0.0,0.0,1.0,1116.0,put,2.2273972602739724,2028-12-15,764.7000122070312,SPY,2026-09-24 13:35 UTC
685.0,0.0,0.0,3.0,1623.0,put,2.2273972602739724,2028-12-15,764.7000122070312,SPY,2026-09-24 13:35 UTC
690.0,0.0,0.0,3.0,1687.0,put,2.2273972602739724,2028-12-15,764.7000122070312,SPY,2026-09-24 13:35 UTC
695.0,0.0,0.0,146.0,1503.0,put,2.2273972602739724,2028-12-15,764.7000122070312,SPY,2026-09-24 13:35 UTC
700.0,0.0,0.0,1003.0,4994.0,put,2.2273972602739724,2028-12-15,764.7000122070312,SPY,2026-09-24 13:35 UTC
705.0,0.0,0.0,1.0,1479.0,put,2.2273972602739724,2028-12-15,764.7000122070312,SPY,2026-09-24 13:35 UTC
710.0,0.0,0.0,2.0,1480.0,put,2.2273972602739724,2028-12-15,764.7000122070312,SPY,2026-09-24 13:35 UTC
715.0,0.0,0.0,2.0,486.0,put,2.2273972602739724,2028-12-15,764.7000122070312,SPY,2026-09-24 13:35 UTC
720.0,0.0,0.0,7.0,1190.0,put,2.2273972602739724,2028-12-15,764.7000122070312,SPY,2026-09-24 13:35 UTC
725.0,0.0,0.0,1.0,509.0,put,2.2273972602739724,2028-12-15,764.7000122070312,SPY,2026-09-24 13:35 UTC
730.0,0.0,0.0,5.0,400.0,put,2.2273972602739724,2028-12-15,764.7000122070312,SPY,2026-09-24 13:35 UTC
735.0,0.0,0.0,2.0,1555.0,put,2.2273972602739724,2028-12-15,764.7000122070312,SPY,2026-09-24 13:35 UTC
740.0,0.0,0.0,50.0,4435.0,put,2.2273972602739724,2028-12-15,764.7000122070312,SPY,2026-09-24 13:35 UTC
745.0,0.0,0.0,1.0,590.0,put,2.2273972602739724,2028-12-15,764.7000122070312,SPY,2026-09-24 13:35 UTC
750.0,0.0,0.0,2.0,1385.0,put,2.2273972602739724,2028-12-15,764.7000122070312,SPY,2026-09-24 13:35 UTC
755.0,0.0,0.0,2.0,897.0,put,2.2273972602739724,2028-12-15,764.7000122070312,SPY,2026-09-24 13:35 UTC
760.0,0.0,0.0,7.0,1019.0,put,2.2273972602739724,2028-12-15,764.7000122070312,SPY,2026-09-24 13:35 UTC
765.0,0.0,0.0,59.0,710.0,put,2.2273972602739724,2028-12-15,764.7000122070312,SPY,2026-09-24 13:35 UTC
770.0,0.0,0.0,19.0,1007.0,put,2.2273972602739724,2028-12-15,764.7000122070312,SPY,2026-09-24 13:35 UTC
775.0,0.0,0.0,16.0,1022.0,put,2.2273972602739724,2028-12-15,764.7000122070312,SPY,2026-09-24 13:35 UTC
780.0,0.0,0.0,12.0,693.0,put,2.2273972602739724,2028-12-15,764.7000122070312,SPY,2026-09-24 13:35 UTC
785.0,0.0,0.0,13.0,238.0,put,2.2273972602739724,2028-12-15,764.7000122070312,SPY,2026-09-24 13:35 UTC
790.0,0.0,0.0,1.0,111.0,put,2.2273972602739724,2028-12-15,764.7000122070312,SPY,2026-09-24 13:35 UTC
795.0,0.0,0.0,1.0,234.0,put,2.2273972602739724,2028-12-15,764.7000122070312,SPY,2026-09-24 13:35 UTC
800.0,0.0,0.0,15.0,304.0,put,2.2273972602739724,2028-12-15,764.7000122070312,SPY,2026-09-24 13:35 UTC
805.0,0.0,0.0,14.0,145.0,put,2.2273972602739724,2028-12-15,764.7000122070312,SPY,2026-09-24 13:35 UTC
810.0,0.0,0.0,15.0,1586.0,put,2.2273972602739724,2028-12-15,764.7000122070312,SPY,2026-09-24 13:35 UTC
815.0,0.0,0.0,10.0,468.0,put,2.2273972602739724,2028-12-15,764.7000122070312,SPY,2026-09-24 13:35 UTC
820.0,0.0,0.0,36.0,304.0,put,2.2273972602739724,2028-12-15,764.7000122070312,SPY,2026-09-24 13:35 UTC
825.0,0.0,0.0,18.0,83.0,put,2.2273972602739724,2028-12-15,764.7000122070312,SPY,2026-09-24 13:35 UTC
830.0,0.0,0.0,38.0,611.0,put,2.2273972602739724,2028-12-15,764.7000122070312,SPY,2026-09-24 13:35 UTC
835.0,0.0,0.0,4.0,428.0,put,2.2273972602739724,2028-12-15,764.7000122070312,SPY,2026-09-24 13:35 UTC
840.0,0.0,0.0,2.0,400.0,put,2.2273972602739724,2028-12-15,764.7000122070312,SPY,2026-09-24 13:35 UTC
845.0,0.0,0.0,40.0,215.0,put,2.2273972602739724,2028-12-15,764.7000122070312,SPY,2026-09-24 13:35 UTC
850.0,0.0,0.0,3.0,1342.0,put,2.2273972602739724,2028-12-15,764.7000122070312,SPY,2026-09-24 13:35 UTC
855.0,0.0,0.0,2.0,30.0,put,2.2273972602739724,2028-12-15,764.7000122070312,SPY,2026-09-24 13:35 UTC
860.0,0.0,0.0,3.0,704.0,put,2.2273972602739724,2028-12-15,764.7000122070312,SPY,2026-09-24 13:35 UTC
865.0,0.0,0.0,2.0,10.0,put,2.2273972602739724,2028-12-15,764.7000122070312,SPY,2026-09-24 13:35 UTC
870.0,0.0,0.0,1.0,50.0,put,2.2273972602739724,2028-12-15,764.7000122070312,SPY,2026-09-24 13:35 UTC
875.0,0.0,0.0,1.0,260.0,put,2.2273972602739724,2028-12-15,764.7000122070312,SPY,2026-09-24 13:35 UTC
880.0,0.0,0.0,2.0,207.0,put,2.2273972602739724,2028-12-15,764.7000122070312,SPY,2026-09-24 13:35 UTC
885.0,0.0,0.0,15.0,0.0,put,2.2273972602739724,2028-12-15,764.7000122070312,SPY,2026-09-24 13:35 UTC
890.0,0.0,0.0,18.0,43.0,put,2.2273972602739724,2028-12-15,764.7000122070312,SPY,2026-09-24 13:35 UTC
895.0,0.0,0.0,1.0,11.0,put,2.2273972602739724,2028-12-15,764.7000122070312,SPY,2026-09-24 13:35 UTC
900.0,0.0,0.0,2.0,83.0,put,2.2273972602739724,2028-12-15,764.7000122070312,SPY,2026-09-24 13:35 UTC
905.0,0.0,0.0,10.0,1.0,put,2.2273972602739724,2028-12-15,764.7000122070312,SPY,2026-09-24 13:35 UTC
910.0,0.0,0.0,1.0,2.0,put,2.2273972602739724,2028-12-15,764.7000122070312,SPY,2026-09-24 13:35 UTC
915.0,0.0,0.0,2.0,2.0,put,2.2273972602739724,2028-12-15,764.7000122070312,SPY,2026-09-24 13:35 UTC
920.0,0.0,0.0,1.0,2.0,put,2.2273972602739724,2028-12-15,764.7000122070312,SPY,2026-09-24 13:35 UTC
925.0,0.0,0.0,5.0,4.0,put,2.2273972602739724,2028-12-15,764.7000122070312,SPY,2026-09-24 13:35 UTC
930.0,0.0,0.0,2.0,0.0,put,2.2273972602739724,2028-12-15,764.7000122070312,SPY,2026-09-24 13:35 UTC
935.0,0.0,0.0,10.0,0.0,put,2.2273972602739724,2028-12-15,764.7000122070312,SPY,2026-09-24 13:35 UTC
940.0,0.0,0.0,1.0,3.0,put,2.2273972602739724,2028-12-15,764.7000122070312,SPY,2026-09-24 13:35 UTC
945.0,188.04,193.0,1.0,0.0,put,2.2273972602739724,2028-12-15,764.7000122070312,SPY,2026-09-24 13:35 UTC
950.0,0.0,0.0,2.0,3.0,put,2.2273972602739724,2028-12-15,764.7000122070312,SPY,2026-09-24 13:35 UTC
955.0,198.04,203.0,,0.0,put,2.2273972602739724,2028-12-15,764.7000122070312,SPY,2026-09-24 13:35 UTC
960.0,203.04,208.0,,0.0,put,2.2273972602739724,2028-12-15,764.7000122070312,SPY,2026-09-24 13:35 UTC
965.0,208.04,213.0,,0.0,put,2.2273972602739724,2028-12-15,764.7000122070312,SPY,2026-09-24 13:35 UTC
970.0,0.0,0.0,1.0,0.0,put,2.2273972602739724,2028-12-15,764.7000122070312,SPY,2026-09-24 13:35 UTC
975.0,0.0,0.0,1.0,0.0,put,2.2273972602739724,2028-12-15,764.7000122070312,SPY,2026-09-24 13:35 UTC
980.0,0.0,0.0,2.0,0.0,put,2.2273972602739724,2028-12-15,764.7000122070312,SPY,2026-09-24 13:35 UTC
985.0,228.04,233.0,,0.0,put,2.2273972602739724,2028-12-15,764.7000122070312,SPY,2026-09-24 13:35 UTC
990.0,233.04,238.0,,0.0,put,2.2273972602739724,2028-12-15,764.7000122070312,SPY,2026-09-24 13:35 UTC
1000.0,0.0,0.0,1.0,1.0,put,2.2273972602739724,2028-12-15,764.7000122070312,SPY,2026-09-24 13:35 UTC
1005.0,310.18,315.0,,0.0,put,2.2273972602739724,2028-12-15,764.7000122070312,SPY,2026-09-24 13:35 UTC
1010.0,0.0,0.0,2.0,0.0,put,2.2273972602739724,2028-12-15,764.7000122070312,SPY,2026-09-24 13:35 UTC
1045.0,279.0,283.77,1.0,0.0,put,2.2273972602739724,2028-12-15,764.7000122070312,SPY,2026-09-24 13:35 UTC
1100.0,328.24,333.0,1.0,0.0,put,2.2273972602739724,2028-12-15,764.7000122070312,SPY,2026-09-24 13:35 UTC
1180.0,425.2,430.0,,0.0,put,2.2273972602739724,2028-12-15,764.7000122070312,SPY,2026-09-24 13:35 UTC
1200.0,0.0,0.0,,0.0,put,2.2273972602739724,2028-12-15,764.7000122070312,SPY,2026-09-24 13:35 UTC
1270.0,504.0,508.77,,0.0,put,2.2273972602739724,2028-12-15,764.7000122070312,SPY,2026-09-24 13:35 UTC
1280.0,0.0,0.0,1.0,0.0,put,2.2273972602739724,2028-12-15,764.7000122070312,SPY,2026-09-24 13:35 UTC
1290.0,0.0,0.0,,0.0,put,2.2273972602739724,2028-12-15,764.7000122070312,SPY,2026-09-24 13:35 UTC
1300.0,0.0,0.0,1.0,0.0,put,2.2273972602739724,2028-12-15,764.7000122070312,SPY,2026-09-24 13:35 UTC
1330.0,0.0,0.0,25.0,0.0,put,2.2273972602739724,2028-12-15,764.7000122070312,SPY,2026-09-24 13:35 UTC
1340.0,0.0,0.0,2.0,0.0,put,2.2273972602739724,2028-12-15,764.7000122070312,SPY,2026-09-24 13:35 UTC
1350.0,0.0,0.0,1.0,0.0,put,2.2273972602739724,2028-12-15,764.7000122070312,SPY,2026-09-24 13:35 UTC
1480.0,0.0,0.0,4.0,0.0,put,2.2273972602739724,2028-12-15,764.7000122070312,SPY,2026-09-24 13:35 UTC
